[    9625ms] [WARNING] It is recommended that a robustness level be specified. Not specifying the robustness level could result in unexpected behavior. @ blob:https://www.primevideo.com/6c1deddc-6c1e-4466-adc7-1493fdbbf358:1
[    9652ms] [WARNING] com.microsoft.playready.recommendation: Internal testing is highly recommended prior to enabling PlayReady playback on Windows. Failure to do so may cause application instability or playback errors.

Before generating a request, setServerCertificate() must be called with a valid server certificate. Otherwise, generateRequest() could fail. @ blob:https://www.primevideo.com/6c1deddc-6c1e-4466-adc7-1493fdbbf358:1
[    9652ms] [WARNING] com.microsoft.playready.recommendation: Internal testing is highly recommended prior to enabling PlayReady playback on Windows. Failure to do so may cause application instability or playback errors.

Before generating a request, setServerCertificate() must be called with a valid server certificate. Otherwise, generateRequest() could fail. @ blob:https://www.primevideo.com/6c1deddc-6c1e-4466-adc7-1493fdbbf358:1
[    9652ms] [WARNING] It is recommended that a robustness level be specified. Not specifying the robustness level could result in unexpected behavior. @ blob:https://www.primevideo.com/6c1deddc-6c1e-4466-adc7-1493fdbbf358:1
[   10762ms] [WARNING] It is recommended that a robustness level be specified. Not specifying the robustness level could result in unexpected behavior. @ blob:https://www.primevideo.com/6c1deddc-6c1e-4466-adc7-1493fdbbf358:1
[   10764ms] [WARNING] It is recommended that a robustness level be specified. Not specifying the robustness level could result in unexpected behavior. @ blob:https://www.primevideo.com/6c1deddc-6c1e-4466-adc7-1493fdbbf358:1
[   10766ms] [WARNING] com.microsoft.playready.recommendation: Internal testing is highly recommended prior to enabling PlayReady playback on Windows. Failure to do so may cause application instability or playback errors.

Before generating a request, setServerCertificate() must be called with a valid server certificate. Otherwise, generateRequest() could fail. @ blob:https://www.primevideo.com/6c1deddc-6c1e-4466-adc7-1493fdbbf358:1
[   10766ms] [WARNING] com.microsoft.playready.recommendation: Internal testing is highly recommended prior to enabling PlayReady playback on Windows. Failure to do so may cause application instability or playback errors.

Before generating a request, setServerCertificate() must be called with a valid server certificate. Otherwise, generateRequest() could fail. @ blob:https://www.primevideo.com/6c1deddc-6c1e-4466-adc7-1493fdbbf358:1
[   10766ms] [WARNING] It is recommended that a robustness level be specified. Not specifying the robustness level could result in unexpected behavior. @ blob:https://www.primevideo.com/6c1deddc-6c1e-4466-adc7-1493fdbbf358:1
[   10766ms] [WARNING] com.microsoft.playready.recommendation: Internal testing is highly recommended prior to enabling PlayReady playback on Windows. Failure to do so may cause application instability or playback errors.

Before generating a request, setServerCertificate() must be called with a valid server certificate. Otherwise, generateRequest() could fail. @ blob:https://www.primevideo.com/6c1deddc-6c1e-4466-adc7-1493fdbbf358:1
[   10767ms] [WARNING] com.microsoft.playready.recommendation: Internal testing is highly recommended prior to enabling PlayReady playback on Windows. Failure to do so may cause application instability or playback errors.

Before generating a request, setServerCertificate() must be called with a valid server certificate. Otherwise, generateRequest() could fail. @ blob:https://www.primevideo.com/6c1deddc-6c1e-4466-adc7-1493fdbbf358:1
[   10767ms] [WARNING] It is recommended that a robustness level be specified. Not specifying the robustness level could result in unexpected behavior. @ blob:https://www.primevideo.com/6c1deddc-6c1e-4466-adc7-1493fdbbf358:1
[   10767ms] [WARNING] com.microsoft.playready.recommendation: Internal testing is highly recommended prior to enabling PlayReady playback on Windows. Failure to do so may cause application instability or playback errors.

Before generating a request, setServerCertificate() must be called with a valid server certificate. Otherwise, generateRequest() could fail. @ blob:https://www.primevideo.com/6c1deddc-6c1e-4466-adc7-1493fdbbf358:1
[   10767ms] [WARNING] com.microsoft.playready.recommendation: Internal testing is highly recommended prior to enabling PlayReady playback on Windows. Failure to do so may cause application instability or playback errors.

Before generating a request, setServerCertificate() must be called with a valid server certificate. Otherwise, generateRequest() could fail. @ blob:https://www.primevideo.com/6c1deddc-6c1e-4466-adc7-1493fdbbf358:1
[   10767ms] [WARNING] It is recommended that a robustness level be specified. Not specifying the robustness level could result in unexpected behavior. @ blob:https://www.primevideo.com/6c1deddc-6c1e-4466-adc7-1493fdbbf358:1
[   12387ms] [WARNING] It is recommended that a robustness level be specified. Not specifying the robustness level could result in unexpected behavior. @ blob:https://www.primevideo.com/818f74aa-067a-4f6b-b400-33f7c0ca60cd:1
[   12395ms] [WARNING] It is recommended that a robustness level be specified. Not specifying the robustness level could result in unexpected behavior. @ blob:https://www.primevideo.com/818f74aa-067a-4f6b-b400-33f7c0ca60cd:1
[   12395ms] [WARNING] It is recommended that a robustness level be specified. Not specifying the robustness level could result in unexpected behavior. @ blob:https://www.primevideo.com/818f74aa-067a-4f6b-b400-33f7c0ca60cd:1
[   12397ms] [WARNING] com.microsoft.playready.recommendation: Internal testing is highly recommended prior to enabling PlayReady playback on Windows. Failure to do so may cause application instability or playback errors.

Before generating a request, setServerCertificate() must be called with a valid server certificate. Otherwise, generateRequest() could fail. @ blob:https://www.primevideo.com/818f74aa-067a-4f6b-b400-33f7c0ca60cd:1
[   12397ms] [WARNING] com.microsoft.playready.recommendation: Internal testing is highly recommended prior to enabling PlayReady playback on Windows. Failure to do so may cause application instability or playback errors.

Before generating a request, setServerCertificate() must be called with a valid server certificate. Otherwise, generateRequest() could fail. @ blob:https://www.primevideo.com/818f74aa-067a-4f6b-b400-33f7c0ca60cd:1
[   12397ms] [WARNING] It is recommended that a robustness level be specified. Not specifying the robustness level could result in unexpected behavior. @ blob:https://www.primevideo.com/818f74aa-067a-4f6b-b400-33f7c0ca60cd:1
[   12398ms] [WARNING] com.microsoft.playready.recommendation: Internal testing is highly recommended prior to enabling PlayReady playback on Windows. Failure to do so may cause application instability or playback errors.

Before generating a request, setServerCertificate() must be called with a valid server certificate. Otherwise, generateRequest() could fail. @ blob:https://www.primevideo.com/818f74aa-067a-4f6b-b400-33f7c0ca60cd:1
[   12399ms] [WARNING] com.microsoft.playready.recommendation: Internal testing is highly recommended prior to enabling PlayReady playback on Windows. Failure to do so may cause application instability or playback errors.

Before generating a request, setServerCertificate() must be called with a valid server certificate. Otherwise, generateRequest() could fail. @ blob:https://www.primevideo.com/818f74aa-067a-4f6b-b400-33f7c0ca60cd:1
[   12399ms] [WARNING] It is recommended that a robustness level be specified. Not specifying the robustness level could result in unexpected behavior. @ blob:https://www.primevideo.com/818f74aa-067a-4f6b-b400-33f7c0ca60cd:1
[   12399ms] [WARNING] com.microsoft.playready.recommendation: Internal testing is highly recommended prior to enabling PlayReady playback on Windows. Failure to do so may cause application instability or playback errors.

Before generating a request, setServerCertificate() must be called with a valid server certificate. Otherwise, generateRequest() could fail. @ blob:https://www.primevideo.com/818f74aa-067a-4f6b-b400-33f7c0ca60cd:1
[   12399ms] [WARNING] com.microsoft.playready.recommendation: Internal testing is highly recommended prior to enabling PlayReady playback on Windows. Failure to do so may cause application instability or playback errors.

Before generating a request, setServerCertificate() must be called with a valid server certificate. Otherwise, generateRequest() could fail. @ blob:https://www.primevideo.com/818f74aa-067a-4f6b-b400-33f7c0ca60cd:1
[   12399ms] [WARNING] It is recommended that a robustness level be specified. Not specifying the robustness level could result in unexpected behavior. @ blob:https://www.primevideo.com/818f74aa-067a-4f6b-b400-33f7c0ca60cd:1
[   12399ms] [WARNING] com.microsoft.playready.recommendation: Internal testing is highly recommended prior to enabling PlayReady playback on Windows. Failure to do so may cause application instability or playback errors.

Before generating a request, setServerCertificate() must be called with a valid server certificate. Otherwise, generateRequest() could fail. @ blob:https://www.primevideo.com/818f74aa-067a-4f6b-b400-33f7c0ca60cd:1
[   12399ms] [WARNING] com.microsoft.playready.recommendation: Internal testing is highly recommended prior to enabling PlayReady playback on Windows. Failure to do so may cause application instability or playback errors.

Before generating a request, setServerCertificate() must be called with a valid server certificate. Otherwise, generateRequest() could fail. @ blob:https://www.primevideo.com/818f74aa-067a-4f6b-b400-33f7c0ca60cd:1
[   12399ms] [WARNING] It is recommended that a robustness level be specified. Not specifying the robustness level could result in unexpected behavior. @ blob:https://www.primevideo.com/818f74aa-067a-4f6b-b400-33f7c0ca60cd:1
[   14451ms] [WARNING] It is recommended that a robustness level be specified. Not specifying the robustness level could result in unexpected behavior. @ blob:https://www.primevideo.com/818f74aa-067a-4f6b-b400-33f7c0ca60cd:1
[   14451ms] [WARNING] It is recommended that a robustness level be specified. Not specifying the robustness level could result in unexpected behavior. @ blob:https://www.primevideo.com/818f74aa-067a-4f6b-b400-33f7c0ca60cd:1
[   14451ms] [WARNING] It is recommended that a robustness level be specified. Not specifying the robustness level could result in unexpected behavior. @ blob:https://www.primevideo.com/818f74aa-067a-4f6b-b400-33f7c0ca60cd:1
[   14456ms] [ERROR] Error logged with the Track&Report JS errors API(http://tiny/1covqr6l8/wamazindeClieUserJava): {"m":"DraperPlayer error {\"logID\":{\"domain\":\"Unknown\",\"id\":\"Unknown\"}}: There was an error playing your video. Please try again. If the problem continues, contact customer service.","name":"xp.unknown","csm":"v5 ueLogError stack","logLevel":"ERROR","attribution":"ATVHome:Home","pageURL":"https://www.primevideo.com/","f":"blob:https://www.primevideo.com/818f74aa-067a-4f6b-b400-33f7c0ca60cd","l":"2","s":["xp.unknown","at new t (blob:https://www.primevideo.com/818f74aa-067a-4f6b-b400-33f7c0ca60cd:2:553823)","at e.xpToWebError (blob:https://www.primevideo.com/818f74aa-067a-4f6b-b400-33f7c0ca60cd:2:557706)","at onXpContentError (blob:https://www.primevideo.com/818f74aa-067a-4f6b-b400-33f7c0ca60cd:2:6634272)","at e.emitSync (blob:https://www.primevideo.com/818f74aa-067a-4f6b-b400-33f7c0ca60cd:2:335254)","at Object.<anonymous> (blob:https://www.primevideo.com/818f74aa-067a-4f6b-b400-33f7c0ca60cd:2:335605)","at onNextMicrotask (blob:https://www.primevideo.com/818f74aa-067a-4f6b-b400-33f7c0ca60cd:2:39467)"],"t":13933} {m: DraperPlayer error {"logID":{"domain":"Unknown","i… the problem continues, contact customer service., name: xp.unknown, type: undefined, csm: v5 ueLogError stack, logLevel: ERROR} @ https://images-na.ssl-images-amazon.com/images/I/215h87l68bL.js:3
[   14460ms] [ERROR] Error logged with the Track&Report JS errors API(http://tiny/1covqr6l8/wamazindeClieUserJava): {"m":"DraperPlayer error {\"logID\":{\"domain\":\"Unknown\",\"id\":\"Unknown\"}}: An unknown error occurred during content loading","name":"UnknownError","csm":"v5 ueLogError stack","logLevel":"ERROR","attribution":"ATVHome:Home","pageURL":"https://www.primevideo.com/","f":"blob:https://www.primevideo.com/818f74aa-067a-4f6b-b400-33f7c0ca60cd","l":"2","s":["UnknownError: An unknown error occurred during content loading","at e.newError (blob:https://www.primevideo.com/818f74aa-067a-4f6b-b400-33f7c0ca60cd:2:554141)","at Object.onStateChange (blob:https://www.primevideo.com/818f74aa-067a-4f6b-b400-33f7c0ca60cd:2:6648324)","at e.onStateChange (blob:https://www.primevideo.com/818f74aa-067a-4f6b-b400-33f7c0ca60cd:2:6647603)","at onXpContentStateChange (blob:https://www.primevideo.com/818f74aa-067a-4f6b-b400-33f7c0ca60cd:2:6633710)","at e.emitSync (blob:https://www.primevideo.com/818f74aa-067a-4f6b-b400-33f7c0ca60cd:2:335254)","at Object.<anonymous> (blob:https://www.primevideo.com/818f74aa-067a-4f6b-b400-33f7c0ca60cd:2:335605)","at onNextMicrotask (blob:https://www.primevideo.com/818f74aa-067a-4f6b-b400-33f7c0ca60cd:2:39467)"],"t":13938} {m: DraperPlayer error {"logID":{"domain":"Unknown","i… An unknown error occurred during content loading, name: UnknownError, type: undefined, csm: v5 ueLogError stack, logLevel: ERROR} @ https://images-na.ssl-images-amazon.com/images/I/215h87l68bL.js:3
[   14631ms] [WARNING] It is recommended that a robustness level be specified. Not specifying the robustness level could result in unexpected behavior. @ blob:https://www.primevideo.com/6c1deddc-6c1e-4466-adc7-1493fdbbf358:1
[   14631ms] [WARNING] It is recommended that a robustness level be specified. Not specifying the robustness level could result in unexpected behavior. @ blob:https://www.primevideo.com/6c1deddc-6c1e-4466-adc7-1493fdbbf358:1
[   14632ms] [WARNING] It is recommended that a robustness level be specified. Not specifying the robustness level could result in unexpected behavior. @ blob:https://www.primevideo.com/6c1deddc-6c1e-4466-adc7-1493fdbbf358:1
[   17395ms] [WARNING] It is recommended that a robustness level be specified. Not specifying the robustness level could result in unexpected behavior. @ blob:https://www.primevideo.com/818f74aa-067a-4f6b-b400-33f7c0ca60cd:1
[   17395ms] [WARNING] It is recommended that a robustness level be specified. Not specifying the robustness level could result in unexpected behavior. @ blob:https://www.primevideo.com/818f74aa-067a-4f6b-b400-33f7c0ca60cd:1
[   17396ms] [WARNING] It is recommended that a robustness level be specified. Not specifying the robustness level could result in unexpected behavior. @ blob:https://www.primevideo.com/818f74aa-067a-4f6b-b400-33f7c0ca60cd:1
[   19642ms] [WARNING] It is recommended that a robustness level be specified. Not specifying the robustness level could result in unexpected behavior. @ blob:https://www.primevideo.com/6c1deddc-6c1e-4466-adc7-1493fdbbf358:1
[   19642ms] [WARNING] It is recommended that a robustness level be specified. Not specifying the robustness level could result in unexpected behavior. @ blob:https://www.primevideo.com/6c1deddc-6c1e-4466-adc7-1493fdbbf358:1
[   19642ms] [WARNING] It is recommended that a robustness level be specified. Not specifying the robustness level could result in unexpected behavior. @ blob:https://www.primevideo.com/6c1deddc-6c1e-4466-adc7-1493fdbbf358:1
[   24645ms] [WARNING] It is recommended that a robustness level be specified. Not specifying the robustness level could result in unexpected behavior. @ blob:https://www.primevideo.com/6c1deddc-6c1e-4466-adc7-1493fdbbf358:1
[   24646ms] [WARNING] It is recommended that a robustness level be specified. Not specifying the robustness level could result in unexpected behavior. @ blob:https://www.primevideo.com/6c1deddc-6c1e-4466-adc7-1493fdbbf358:1
[   24646ms] [WARNING] It is recommended that a robustness level be specified. Not specifying the robustness level could result in unexpected behavior. @ blob:https://www.primevideo.com/6c1deddc-6c1e-4466-adc7-1493fdbbf358:1
[   29595ms] [WARNING] It is recommended that a robustness level be specified. Not specifying the robustness level could result in unexpected behavior. @ blob:https://www.primevideo.com/818f74aa-067a-4f6b-b400-33f7c0ca60cd:1
[   29596ms] [WARNING] It is recommended that a robustness level be specified. Not specifying the robustness level could result in unexpected behavior. @ blob:https://www.primevideo.com/818f74aa-067a-4f6b-b400-33f7c0ca60cd:1
[   29596ms] [WARNING] It is recommended that a robustness level be specified. Not specifying the robustness level could result in unexpected behavior. @ blob:https://www.primevideo.com/818f74aa-067a-4f6b-b400-33f7c0ca60cd:1
[   29598ms] [ERROR] Error logged with the Track&Report JS errors API(http://tiny/1covqr6l8/wamazindeClieUserJava): {"m":"DraperPlayer error {\"logID\":{\"domain\":\"Unknown\",\"id\":\"Unknown\"}}: There was an error playing your video. Please try again. If the problem continues, contact customer service.","name":"xp.unknown","csm":"v5 ueLogError stack","logLevel":"ERROR","attribution":"ATVHome:Home","pageURL":"https://www.primevideo.com/","f":"blob:https://www.primevideo.com/818f74aa-067a-4f6b-b400-33f7c0ca60cd","l":"2","s":["xp.unknown","at new t (blob:https://www.primevideo.com/818f74aa-067a-4f6b-b400-33f7c0ca60cd:2:553823)","at e.xpToWebError (blob:https://www.primevideo.com/818f74aa-067a-4f6b-b400-33f7c0ca60cd:2:557706)","at onXpContentError (blob:https://www.primevideo.com/818f74aa-067a-4f6b-b400-33f7c0ca60cd:2:6634272)","at e.emitSync (blob:https://www.primevideo.com/818f74aa-067a-4f6b-b400-33f7c0ca60cd:2:335254)","at Object.<anonymous> (blob:https://www.primevideo.com/818f74aa-067a-4f6b-b400-33f7c0ca60cd:2:335605)","at onNextMicrotask (blob:https://www.primevideo.com/818f74aa-067a-4f6b-b400-33f7c0ca60cd:2:39467)"],"t":29076} {m: DraperPlayer error {"logID":{"domain":"Unknown","i… the problem continues, contact customer service., name: xp.unknown, type: undefined, csm: v5 ueLogError stack, logLevel: ERROR} @ https://images-na.ssl-images-amazon.com/images/I/215h87l68bL.js:3
[   29599ms] [ERROR] Error logged with the Track&Report JS errors API(http://tiny/1covqr6l8/wamazindeClieUserJava): {"m":"DraperPlayer error {\"logID\":{\"domain\":\"Unknown\",\"id\":\"Unknown\"}}: An unknown error occurred during content loading","name":"UnknownError","csm":"v5 ueLogError stack","logLevel":"ERROR","attribution":"ATVHome:Home","pageURL":"https://www.primevideo.com/","f":"blob:https://www.primevideo.com/818f74aa-067a-4f6b-b400-33f7c0ca60cd","l":"2","s":["UnknownError: An unknown error occurred during content loading","at e.newError (blob:https://www.primevideo.com/818f74aa-067a-4f6b-b400-33f7c0ca60cd:2:554141)","at Object.onStateChange (blob:https://www.primevideo.com/818f74aa-067a-4f6b-b400-33f7c0ca60cd:2:6648324)","at e.onStateChange (blob:https://www.primevideo.com/818f74aa-067a-4f6b-b400-33f7c0ca60cd:2:6647603)","at onXpContentStateChange (blob:https://www.primevideo.com/818f74aa-067a-4f6b-b400-33f7c0ca60cd:2:6633710)","at e.emitSync (blob:https://www.primevideo.com/818f74aa-067a-4f6b-b400-33f7c0ca60cd:2:335254)","at Object.<anonymous> (blob:https://www.primevideo.com/818f74aa-067a-4f6b-b400-33f7c0ca60cd:2:335605)","at onNextMicrotask (blob:https://www.primevideo.com/818f74aa-067a-4f6b-b400-33f7c0ca60cd:2:39467)"],"t":29077} {m: DraperPlayer error {"logID":{"domain":"Unknown","i… An unknown error occurred during content loading, name: UnknownError, type: undefined, csm: v5 ueLogError stack, logLevel: ERROR} @ https://images-na.ssl-images-amazon.com/images/I/215h87l68bL.js:3
[   29659ms] [WARNING] It is recommended that a robustness level be specified. Not specifying the robustness level could result in unexpected behavior. @ blob:https://www.primevideo.com/6c1deddc-6c1e-4466-adc7-1493fdbbf358:1
[   29659ms] [WARNING] It is recommended that a robustness level be specified. Not specifying the robustness level could result in unexpected behavior. @ blob:https://www.primevideo.com/6c1deddc-6c1e-4466-adc7-1493fdbbf358:1
[   29659ms] [WARNING] It is recommended that a robustness level be specified. Not specifying the robustness level could result in unexpected behavior. @ blob:https://www.primevideo.com/6c1deddc-6c1e-4466-adc7-1493fdbbf358:1
[   34660ms] [WARNING] It is recommended that a robustness level be specified. Not specifying the robustness level could result in unexpected behavior. @ blob:https://www.primevideo.com/6c1deddc-6c1e-4466-adc7-1493fdbbf358:1
[   34660ms] [WARNING] It is recommended that a robustness level be specified. Not specifying the robustness level could result in unexpected behavior. @ blob:https://www.primevideo.com/6c1deddc-6c1e-4466-adc7-1493fdbbf358:1
[   34660ms] [WARNING] It is recommended that a robustness level be specified. Not specifying the robustness level could result in unexpected behavior. @ blob:https://www.primevideo.com/6c1deddc-6c1e-4466-adc7-1493fdbbf358:1
[   39676ms] [WARNING] It is recommended that a robustness level be specified. Not specifying the robustness level could result in unexpected behavior. @ blob:https://www.primevideo.com/6c1deddc-6c1e-4466-adc7-1493fdbbf358:1
[   39676ms] [WARNING] It is recommended that a robustness level be specified. Not specifying the robustness level could result in unexpected behavior. @ blob:https://www.primevideo.com/6c1deddc-6c1e-4466-adc7-1493fdbbf358:1
[   39676ms] [WARNING] It is recommended that a robustness level be specified. Not specifying the robustness level could result in unexpected behavior. @ blob:https://www.primevideo.com/6c1deddc-6c1e-4466-adc7-1493fdbbf358:1
[   41356ms] [WARNING] It is recommended that a robustness level be specified. Not specifying the robustness level could result in unexpected behavior. @ blob:https://www.primevideo.com/439e23d0-a89c-44dd-8019-4783ece249b6:1
[   41376ms] [WARNING] It is recommended that a robustness level be specified. Not specifying the robustness level could result in unexpected behavior. @ blob:https://www.primevideo.com/439e23d0-a89c-44dd-8019-4783ece249b6:1
[   41378ms] [WARNING] It is recommended that a robustness level be specified. Not specifying the robustness level could result in unexpected behavior. @ blob:https://www.primevideo.com/439e23d0-a89c-44dd-8019-4783ece249b6:1
[   41415ms] [WARNING] com.microsoft.playready.recommendation: Internal testing is highly recommended prior to enabling PlayReady playback on Windows. Failure to do so may cause application instability or playback errors.

Before generating a request, setServerCertificate() must be called with a valid server certificate. Otherwise, generateRequest() could fail. @ blob:https://www.primevideo.com/439e23d0-a89c-44dd-8019-4783ece249b6:1
[   41416ms] [WARNING] com.microsoft.playready.recommendation: Internal testing is highly recommended prior to enabling PlayReady playback on Windows. Failure to do so may cause application instability or playback errors.

Before generating a request, setServerCertificate() must be called with a valid server certificate. Otherwise, generateRequest() could fail. @ blob:https://www.primevideo.com/439e23d0-a89c-44dd-8019-4783ece249b6:1
[   41416ms] [WARNING] It is recommended that a robustness level be specified. Not specifying the robustness level could result in unexpected behavior. @ blob:https://www.primevideo.com/439e23d0-a89c-44dd-8019-4783ece249b6:1
[   41417ms] [WARNING] com.microsoft.playready.recommendation: Internal testing is highly recommended prior to enabling PlayReady playback on Windows. Failure to do so may cause application instability or playback errors.

Before generating a request, setServerCertificate() must be called with a valid server certificate. Otherwise, generateRequest() could fail. @ blob:https://www.primevideo.com/439e23d0-a89c-44dd-8019-4783ece249b6:1
[   41418ms] [WARNING] com.microsoft.playready.recommendation: Internal testing is highly recommended prior to enabling PlayReady playback on Windows. Failure to do so may cause application instability or playback errors.

Before generating a request, setServerCertificate() must be called with a valid server certificate. Otherwise, generateRequest() could fail. @ blob:https://www.primevideo.com/439e23d0-a89c-44dd-8019-4783ece249b6:1
[   41418ms] [WARNING] It is recommended that a robustness level be specified. Not specifying the robustness level could result in unexpected behavior. @ blob:https://www.primevideo.com/439e23d0-a89c-44dd-8019-4783ece249b6:1
[   41418ms] [WARNING] com.microsoft.playready.recommendation: Internal testing is highly recommended prior to enabling PlayReady playback on Windows. Failure to do so may cause application instability or playback errors.

Before generating a request, setServerCertificate() must be called with a valid server certificate. Otherwise, generateRequest() could fail. @ blob:https://www.primevideo.com/439e23d0-a89c-44dd-8019-4783ece249b6:1
[   41418ms] [WARNING] com.microsoft.playready.recommendation: Internal testing is highly recommended prior to enabling PlayReady playback on Windows. Failure to do so may cause application instability or playback errors.

Before generating a request, setServerCertificate() must be called with a valid server certificate. Otherwise, generateRequest() could fail. @ blob:https://www.primevideo.com/439e23d0-a89c-44dd-8019-4783ece249b6:1
[   41419ms] [WARNING] It is recommended that a robustness level be specified. Not specifying the robustness level could result in unexpected behavior. @ blob:https://www.primevideo.com/439e23d0-a89c-44dd-8019-4783ece249b6:1
[   41419ms] [WARNING] com.microsoft.playready.recommendation: Internal testing is highly recommended prior to enabling PlayReady playback on Windows. Failure to do so may cause application instability or playback errors.

Before generating a request, setServerCertificate() must be called with a valid server certificate. Otherwise, generateRequest() could fail. @ blob:https://www.primevideo.com/439e23d0-a89c-44dd-8019-4783ece249b6:1
[   41419ms] [WARNING] com.microsoft.playready.recommendation: Internal testing is highly recommended prior to enabling PlayReady playback on Windows. Failure to do so may cause application instability or playback errors.

Before generating a request, setServerCertificate() must be called with a valid server certificate. Otherwise, generateRequest() could fail. @ blob:https://www.primevideo.com/439e23d0-a89c-44dd-8019-4783ece249b6:1
[   41419ms] [WARNING] It is recommended that a robustness level be specified. Not specifying the robustness level could result in unexpected behavior. @ blob:https://www.primevideo.com/439e23d0-a89c-44dd-8019-4783ece249b6:1
[   42554ms] [WARNING] It is recommended that a robustness level be specified. Not specifying the robustness level could result in unexpected behavior. @ blob:https://www.primevideo.com/d391840f-7c67-48e8-a7a1-f0e46df0dc7c:1
[   42563ms] [WARNING] It is recommended that a robustness level be specified. Not specifying the robustness level could result in unexpected behavior. @ blob:https://www.primevideo.com/d391840f-7c67-48e8-a7a1-f0e46df0dc7c:1
[   42563ms] [WARNING] It is recommended that a robustness level be specified. Not specifying the robustness level could result in unexpected behavior. @ blob:https://www.primevideo.com/d391840f-7c67-48e8-a7a1-f0e46df0dc7c:1
[   42571ms] [WARNING] com.microsoft.playready.recommendation: Internal testing is highly recommended prior to enabling PlayReady playback on Windows. Failure to do so may cause application instability or playback errors.

Before generating a request, setServerCertificate() must be called with a valid server certificate. Otherwise, generateRequest() could fail. @ blob:https://www.primevideo.com/d391840f-7c67-48e8-a7a1-f0e46df0dc7c:1
[   42572ms] [WARNING] com.microsoft.playready.recommendation: Internal testing is highly recommended prior to enabling PlayReady playback on Windows. Failure to do so may cause application instability or playback errors.

Before generating a request, setServerCertificate() must be called with a valid server certificate. Otherwise, generateRequest() could fail. @ blob:https://www.primevideo.com/d391840f-7c67-48e8-a7a1-f0e46df0dc7c:1
[   42572ms] [WARNING] It is recommended that a robustness level be specified. Not specifying the robustness level could result in unexpected behavior. @ blob:https://www.primevideo.com/d391840f-7c67-48e8-a7a1-f0e46df0dc7c:1
[   42573ms] [WARNING] com.microsoft.playready.recommendation: Internal testing is highly recommended prior to enabling PlayReady playback on Windows. Failure to do so may cause application instability or playback errors.

Before generating a request, setServerCertificate() must be called with a valid server certificate. Otherwise, generateRequest() could fail. @ blob:https://www.primevideo.com/d391840f-7c67-48e8-a7a1-f0e46df0dc7c:1
[   42573ms] [WARNING] com.microsoft.playready.recommendation: Internal testing is highly recommended prior to enabling PlayReady playback on Windows. Failure to do so may cause application instability or playback errors.

Before generating a request, setServerCertificate() must be called with a valid server certificate. Otherwise, generateRequest() could fail. @ blob:https://www.primevideo.com/d391840f-7c67-48e8-a7a1-f0e46df0dc7c:1
[   42573ms] [WARNING] It is recommended that a robustness level be specified. Not specifying the robustness level could result in unexpected behavior. @ blob:https://www.primevideo.com/d391840f-7c67-48e8-a7a1-f0e46df0dc7c:1
[   42574ms] [WARNING] com.microsoft.playready.recommendation: Internal testing is highly recommended prior to enabling PlayReady playback on Windows. Failure to do so may cause application instability or playback errors.

Before generating a request, setServerCertificate() must be called with a valid server certificate. Otherwise, generateRequest() could fail. @ blob:https://www.primevideo.com/d391840f-7c67-48e8-a7a1-f0e46df0dc7c:1
[   42574ms] [WARNING] com.microsoft.playready.recommendation: Internal testing is highly recommended prior to enabling PlayReady playback on Windows. Failure to do so may cause application instability or playback errors.

Before generating a request, setServerCertificate() must be called with a valid server certificate. Otherwise, generateRequest() could fail. @ blob:https://www.primevideo.com/d391840f-7c67-48e8-a7a1-f0e46df0dc7c:1
[   42574ms] [WARNING] It is recommended that a robustness level be specified. Not specifying the robustness level could result in unexpected behavior. @ blob:https://www.primevideo.com/d391840f-7c67-48e8-a7a1-f0e46df0dc7c:1
[   42574ms] [WARNING] com.microsoft.playready.recommendation: Internal testing is highly recommended prior to enabling PlayReady playback on Windows. Failure to do so may cause application instability or playback errors.

Before generating a request, setServerCertificate() must be called with a valid server certificate. Otherwise, generateRequest() could fail. @ blob:https://www.primevideo.com/d391840f-7c67-48e8-a7a1-f0e46df0dc7c:1
[   42574ms] [WARNING] com.microsoft.playready.recommendation: Internal testing is highly recommended prior to enabling PlayReady playback on Windows. Failure to do so may cause application instability or playback errors.

Before generating a request, setServerCertificate() must be called with a valid server certificate. Otherwise, generateRequest() could fail. @ blob:https://www.primevideo.com/d391840f-7c67-48e8-a7a1-f0e46df0dc7c:1
[   42574ms] [WARNING] It is recommended that a robustness level be specified. Not specifying the robustness level could result in unexpected behavior. @ blob:https://www.primevideo.com/d391840f-7c67-48e8-a7a1-f0e46df0dc7c:1
[   43114ms] [WARNING] It is recommended that a robustness level be specified. Not specifying the robustness level could result in unexpected behavior. @ blob:https://www.primevideo.com/b2f8e196-434d-4d5c-bb6b-ba2ac1e05b62:1
[   43126ms] [WARNING] It is recommended that a robustness level be specified. Not specifying the robustness level could result in unexpected behavior. @ blob:https://www.primevideo.com/b2f8e196-434d-4d5c-bb6b-ba2ac1e05b62:1
[   43126ms] [WARNING] It is recommended that a robustness level be specified. Not specifying the robustness level could result in unexpected behavior. @ blob:https://www.primevideo.com/b2f8e196-434d-4d5c-bb6b-ba2ac1e05b62:1
[   43132ms] [WARNING] com.microsoft.playready.recommendation: Internal testing is highly recommended prior to enabling PlayReady playback on Windows. Failure to do so may cause application instability or playback errors.

Before generating a request, setServerCertificate() must be called with a valid server certificate. Otherwise, generateRequest() could fail. @ blob:https://www.primevideo.com/b2f8e196-434d-4d5c-bb6b-ba2ac1e05b62:1
[   43133ms] [WARNING] com.microsoft.playready.recommendation: Internal testing is highly recommended prior to enabling PlayReady playback on Windows. Failure to do so may cause application instability or playback errors.

Before generating a request, setServerCertificate() must be called with a valid server certificate. Otherwise, generateRequest() could fail. @ blob:https://www.primevideo.com/b2f8e196-434d-4d5c-bb6b-ba2ac1e05b62:1
[   43133ms] [WARNING] It is recommended that a robustness level be specified. Not specifying the robustness level could result in unexpected behavior. @ blob:https://www.primevideo.com/b2f8e196-434d-4d5c-bb6b-ba2ac1e05b62:1
[   43134ms] [WARNING] com.microsoft.playready.recommendation: Internal testing is highly recommended prior to enabling PlayReady playback on Windows. Failure to do so may cause application instability or playback errors.

Before generating a request, setServerCertificate() must be called with a valid server certificate. Otherwise, generateRequest() could fail. @ blob:https://www.primevideo.com/b2f8e196-434d-4d5c-bb6b-ba2ac1e05b62:1
[   43134ms] [WARNING] com.microsoft.playready.recommendation: Internal testing is highly recommended prior to enabling PlayReady playback on Windows. Failure to do so may cause application instability or playback errors.

Before generating a request, setServerCertificate() must be called with a valid server certificate. Otherwise, generateRequest() could fail. @ blob:https://www.primevideo.com/b2f8e196-434d-4d5c-bb6b-ba2ac1e05b62:1
[   43134ms] [WARNING] It is recommended that a robustness level be specified. Not specifying the robustness level could result in unexpected behavior. @ blob:https://www.primevideo.com/b2f8e196-434d-4d5c-bb6b-ba2ac1e05b62:1
[   43135ms] [WARNING] com.microsoft.playready.recommendation: Internal testing is highly recommended prior to enabling PlayReady playback on Windows. Failure to do so may cause application instability or playback errors.

Before generating a request, setServerCertificate() must be called with a valid server certificate. Otherwise, generateRequest() could fail. @ blob:https://www.primevideo.com/b2f8e196-434d-4d5c-bb6b-ba2ac1e05b62:1
[   43135ms] [WARNING] com.microsoft.playready.recommendation: Internal testing is highly recommended prior to enabling PlayReady playback on Windows. Failure to do so may cause application instability or playback errors.

Before generating a request, setServerCertificate() must be called with a valid server certificate. Otherwise, generateRequest() could fail. @ blob:https://www.primevideo.com/b2f8e196-434d-4d5c-bb6b-ba2ac1e05b62:1
[   43135ms] [WARNING] It is recommended that a robustness level be specified. Not specifying the robustness level could result in unexpected behavior. @ blob:https://www.primevideo.com/b2f8e196-434d-4d5c-bb6b-ba2ac1e05b62:1
[   43135ms] [WARNING] com.microsoft.playready.recommendation: Internal testing is highly recommended prior to enabling PlayReady playback on Windows. Failure to do so may cause application instability or playback errors.

Before generating a request, setServerCertificate() must be called with a valid server certificate. Otherwise, generateRequest() could fail. @ blob:https://www.primevideo.com/b2f8e196-434d-4d5c-bb6b-ba2ac1e05b62:1
[   43136ms] [WARNING] com.microsoft.playready.recommendation: Internal testing is highly recommended prior to enabling PlayReady playback on Windows. Failure to do so may cause application instability or playback errors.

Before generating a request, setServerCertificate() must be called with a valid server certificate. Otherwise, generateRequest() could fail. @ blob:https://www.primevideo.com/b2f8e196-434d-4d5c-bb6b-ba2ac1e05b62:1
[   43136ms] [WARNING] It is recommended that a robustness level be specified. Not specifying the robustness level could result in unexpected behavior. @ blob:https://www.primevideo.com/b2f8e196-434d-4d5c-bb6b-ba2ac1e05b62:1
[   43241ms] [WARNING] It is recommended that a robustness level be specified. Not specifying the robustness level could result in unexpected behavior. @ blob:https://www.primevideo.com/b2f8e196-434d-4d5c-bb6b-ba2ac1e05b62:1
[   43241ms] [WARNING] It is recommended that a robustness level be specified. Not specifying the robustness level could result in unexpected behavior. @ blob:https://www.primevideo.com/b2f8e196-434d-4d5c-bb6b-ba2ac1e05b62:1
[   43241ms] [WARNING] It is recommended that a robustness level be specified. Not specifying the robustness level could result in unexpected behavior. @ blob:https://www.primevideo.com/b2f8e196-434d-4d5c-bb6b-ba2ac1e05b62:1
[   43273ms] [ERROR] Error logged with the Track&Report JS errors API(http://tiny/1covqr6l8/wamazindeClieUserJava): {"m":"Player Emitted Errors [PlayClickTrace] {\"logID\":{\"domain\":\"WebPlayerSDK\",\"id\":\"PlayerProxyEmittedError\"},\"playClickId\":\"\",\"playerId\":\"PlayerProxy-85b1fc11-c03b-4887-959f-5c2f5d0abb87\",\"hasStartedPlaying\":\"no\"}: There was an error playing your video. Please try again. If the problem continues, contact customer service.","name":"xp.unknown","csm":"v5 ueLogError stack","logLevel":"WARN","attribution":"ATVDetail:Season","pageURL":"https://www.primevideo.com/detail/0IR9VI8C4BBY3HMFMTDKFZ5RP5?jic=8%7CEgRzdm9k&ref_=atv_hm_hom_c_F5dtYQ_brws_5_1","f":"blob:https://www.primevideo.com/b2f8e196-434d-4d5c-bb6b-ba2ac1e05b62","l":"2","s":["xp.unknown","at new t (blob:https://www.primevideo.com/b2f8e196-434d-4d5c-bb6b-ba2ac1e05b62:2:553823)","at e.xpToWebError (blob:https://www.primevideo.com/b2f8e196-434d-4d5c-bb6b-ba2ac1e05b62:2:557706)","at onXpContentError (blob:https://www.primevideo.com/b2f8e196-434d-4d5c-bb6b-ba2ac1e05b62:2:6634272)","at e.emitSync (blob:https://www.primevideo.com/b2f8e196-434d-4d5c-bb6b-ba2ac1e05b62:2:335254)","at Object.<anonymous> (blob:https://www.primevideo.com/b2f8e196-434d-4d5c-bb6b-ba2ac1e05b62:2:335605)","at onNextMicrotask (blob:https://www.primevideo.com/b2f8e196-434d-4d5c-bb6b-ba2ac1e05b62:2:39467)"],"t":42751} {m: Player Emitted Errors [PlayClickTrace] {"logID":{"… the problem continues, contact customer service., name: xp.unknown, type: undefined, csm: v5 ueLogError stack, logLevel: WARN} @ https://images-na.ssl-images-amazon.com/images/I/215h87l68bL.js:3
[   43271ms] UnknownError: An unknown error occurred during content loading
    at e.newError (blob:https://www.primevideo.com/b2f8e196-434d-4d5c-bb6b-ba2ac1e05b62:2:554141)
    at Object.onStateChange (blob:https://www.primevideo.com/b2f8e196-434d-4d5c-bb6b-ba2ac1e05b62:2:6648324)
    at e.onStateChange (blob:https://www.primevideo.com/b2f8e196-434d-4d5c-bb6b-ba2ac1e05b62:2:6647603)
    at onXpContentStateChange (blob:https://www.primevideo.com/b2f8e196-434d-4d5c-bb6b-ba2ac1e05b62:2:6633710)
    at e.emitSync (blob:https://www.primevideo.com/b2f8e196-434d-4d5c-bb6b-ba2ac1e05b62:2:335254)
    at Object.<anonymous> (blob:https://www.primevideo.com/b2f8e196-434d-4d5c-bb6b-ba2ac1e05b62:2:335605)
    at onNextMicrotask (blob:https://www.primevideo.com/b2f8e196-434d-4d5c-bb6b-ba2ac1e05b62:2:39467)
[   44625ms] [WARNING] It is recommended that a robustness level be specified. Not specifying the robustness level could result in unexpected behavior. @ blob:https://www.primevideo.com/d391840f-7c67-48e8-a7a1-f0e46df0dc7c:1
[   44625ms] [WARNING] It is recommended that a robustness level be specified. Not specifying the robustness level could result in unexpected behavior. @ blob:https://www.primevideo.com/d391840f-7c67-48e8-a7a1-f0e46df0dc7c:1
[   44626ms] [WARNING] It is recommended that a robustness level be specified. Not specifying the robustness level could result in unexpected behavior. @ blob:https://www.primevideo.com/d391840f-7c67-48e8-a7a1-f0e46df0dc7c:1
[   44629ms] [ERROR] Error logged with the Track&Report JS errors API(http://tiny/1covqr6l8/wamazindeClieUserJava): {"m":"DraperPlayer error {\"logID\":{\"domain\":\"Unknown\",\"id\":\"Unknown\"}}: There was an error playing your video. Please try again. If the problem continues, contact customer service.","name":"xp.unknown","csm":"v5 ueLogError stack","logLevel":"ERROR","attribution":"ATVDetail:Season","pageURL":"https://www.primevideo.com/detail/0IR9VI8C4BBY3HMFMTDKFZ5RP5?jic=8%7CEgRzdm9k&ref_=atv_hm_hom_c_F5dtYQ_brws_5_1","f":"blob:https://www.primevideo.com/d391840f-7c67-48e8-a7a1-f0e46df0dc7c","l":"2","s":["xp.unknown","at new t (blob:https://www.primevideo.com/d391840f-7c67-48e8-a7a1-f0e46df0dc7c:2:553823)","at e.xpToWebError (blob:https://www.primevideo.com/d391840f-7c67-48e8-a7a1-f0e46df0dc7c:2:557706)","at onXpContentError (blob:https://www.primevideo.com/d391840f-7c67-48e8-a7a1-f0e46df0dc7c:2:6634272)","at e.emitSync (blob:https://www.primevideo.com/d391840f-7c67-48e8-a7a1-f0e46df0dc7c:2:335254)","at Object.<anonymous> (blob:https://www.primevideo.com/d391840f-7c67-48e8-a7a1-f0e46df0dc7c:2:335605)","at onNextMicrotask (blob:https://www.primevideo.com/d391840f-7c67-48e8-a7a1-f0e46df0dc7c:2:39467)"],"t":44107} {m: DraperPlayer error {"logID":{"domain":"Unknown","i… the problem continues, contact customer service., name: xp.unknown, type: undefined, csm: v5 ueLogError stack, logLevel: ERROR} @ https://images-na.ssl-images-amazon.com/images/I/215h87l68bL.js:3
[   44630ms] [ERROR] Error logged with the Track&Report JS errors API(http://tiny/1covqr6l8/wamazindeClieUserJava): {"m":"DraperPlayer error {\"logID\":{\"domain\":\"Unknown\",\"id\":\"Unknown\"}}: An unknown error occurred during content loading","name":"UnknownError","csm":"v5 ueLogError stack","logLevel":"ERROR","attribution":"ATVDetail:Season","pageURL":"https://www.primevideo.com/detail/0IR9VI8C4BBY3HMFMTDKFZ5RP5?jic=8%7CEgRzdm9k&ref_=atv_hm_hom_c_F5dtYQ_brws_5_1","f":"blob:https://www.primevideo.com/d391840f-7c67-48e8-a7a1-f0e46df0dc7c","l":"2","s":["UnknownError: An unknown error occurred during content loading","at e.newError (blob:https://www.primevideo.com/d391840f-7c67-48e8-a7a1-f0e46df0dc7c:2:554141)","at Object.onStateChange (blob:https://www.primevideo.com/d391840f-7c67-48e8-a7a1-f0e46df0dc7c:2:6648324)","at e.onStateChange (blob:https://www.primevideo.com/d391840f-7c67-48e8-a7a1-f0e46df0dc7c:2:6647603)","at onXpContentStateChange (blob:https://www.primevideo.com/d391840f-7c67-48e8-a7a1-f0e46df0dc7c:2:6633710)","at e.emitSync (blob:https://www.primevideo.com/d391840f-7c67-48e8-a7a1-f0e46df0dc7c:2:335254)","at Object.<anonymous> (blob:https://www.primevideo.com/d391840f-7c67-48e8-a7a1-f0e46df0dc7c:2:335605)","at onNextMicrotask (blob:https://www.primevideo.com/d391840f-7c67-48e8-a7a1-f0e46df0dc7c:2:39467)"],"t":44107} {m: DraperPlayer error {"logID":{"domain":"Unknown","i… An unknown error occurred during content loading, name: UnknownError, type: undefined, csm: v5 ueLogError stack, logLevel: ERROR} @ https://images-na.ssl-images-amazon.com/images/I/215h87l68bL.js:3
[   44691ms] [WARNING] It is recommended that a robustness level be specified. Not specifying the robustness level could result in unexpected behavior. @ blob:https://www.primevideo.com/6c1deddc-6c1e-4466-adc7-1493fdbbf358:1
[   44692ms] [WARNING] It is recommended that a robustness level be specified. Not specifying the robustness level could result in unexpected behavior. @ blob:https://www.primevideo.com/6c1deddc-6c1e-4466-adc7-1493fdbbf358:1
[   44692ms] [WARNING] It is recommended that a robustness level be specified. Not specifying the robustness level could result in unexpected behavior. @ blob:https://www.primevideo.com/6c1deddc-6c1e-4466-adc7-1493fdbbf358:1
[   46359ms] [WARNING] It is recommended that a robustness level be specified. Not specifying the robustness level could result in unexpected behavior. @ blob:https://www.primevideo.com/439e23d0-a89c-44dd-8019-4783ece249b6:1
[   46359ms] [WARNING] It is recommended that a robustness level be specified. Not specifying the robustness level could result in unexpected behavior. @ blob:https://www.primevideo.com/439e23d0-a89c-44dd-8019-4783ece249b6:1
[   46359ms] [WARNING] It is recommended that a robustness level be specified. Not specifying the robustness level could result in unexpected behavior. @ blob:https://www.primevideo.com/439e23d0-a89c-44dd-8019-4783ece249b6:1
[   47558ms] [WARNING] It is recommended that a robustness level be specified. Not specifying the robustness level could result in unexpected behavior. @ blob:https://www.primevideo.com/d391840f-7c67-48e8-a7a1-f0e46df0dc7c:1
[   47558ms] [WARNING] It is recommended that a robustness level be specified. Not specifying the robustness level could result in unexpected behavior. @ blob:https://www.primevideo.com/d391840f-7c67-48e8-a7a1-f0e46df0dc7c:1
[   47558ms] [WARNING] It is recommended that a robustness level be specified. Not specifying the robustness level could result in unexpected behavior. @ blob:https://www.primevideo.com/d391840f-7c67-48e8-a7a1-f0e46df0dc7c:1
[   48114ms] [WARNING] It is recommended that a robustness level be specified. Not specifying the robustness level could result in unexpected behavior. @ blob:https://www.primevideo.com/b2f8e196-434d-4d5c-bb6b-ba2ac1e05b62:1
[   48115ms] [WARNING] It is recommended that a robustness level be specified. Not specifying the robustness level could result in unexpected behavior. @ blob:https://www.primevideo.com/b2f8e196-434d-4d5c-bb6b-ba2ac1e05b62:1
[   48115ms] [WARNING] It is recommended that a robustness level be specified. Not specifying the robustness level could result in unexpected behavior. @ blob:https://www.primevideo.com/b2f8e196-434d-4d5c-bb6b-ba2ac1e05b62:1
[   49707ms] [WARNING] It is recommended that a robustness level be specified. Not specifying the robustness level could result in unexpected behavior. @ blob:https://www.primevideo.com/6c1deddc-6c1e-4466-adc7-1493fdbbf358:1
[   49707ms] [WARNING] It is recommended that a robustness level be specified. Not specifying the robustness level could result in unexpected behavior. @ blob:https://www.primevideo.com/6c1deddc-6c1e-4466-adc7-1493fdbbf358:1
[   49707ms] [WARNING] It is recommended that a robustness level be specified. Not specifying the robustness level could result in unexpected behavior. @ blob:https://www.primevideo.com/6c1deddc-6c1e-4466-adc7-1493fdbbf358:1
[   51373ms] [WARNING] It is recommended that a robustness level be specified. Not specifying the robustness level could result in unexpected behavior. @ blob:https://www.primevideo.com/439e23d0-a89c-44dd-8019-4783ece249b6:1
[   51374ms] [WARNING] It is recommended that a robustness level be specified. Not specifying the robustness level could result in unexpected behavior. @ blob:https://www.primevideo.com/439e23d0-a89c-44dd-8019-4783ece249b6:1
[   51374ms] [WARNING] It is recommended that a robustness level be specified. Not specifying the robustness level could result in unexpected behavior. @ blob:https://www.primevideo.com/439e23d0-a89c-44dd-8019-4783ece249b6:1
[   52559ms] [WARNING] It is recommended that a robustness level be specified. Not specifying the robustness level could result in unexpected behavior. @ blob:https://www.primevideo.com/d391840f-7c67-48e8-a7a1-f0e46df0dc7c:1
[   52559ms] [WARNING] It is recommended that a robustness level be specified. Not specifying the robustness level could result in unexpected behavior. @ blob:https://www.primevideo.com/d391840f-7c67-48e8-a7a1-f0e46df0dc7c:1
[   52559ms] [WARNING] It is recommended that a robustness level be specified. Not specifying the robustness level could result in unexpected behavior. @ blob:https://www.primevideo.com/d391840f-7c67-48e8-a7a1-f0e46df0dc7c:1
[   53122ms] [WARNING] It is recommended that a robustness level be specified. Not specifying the robustness level could result in unexpected behavior. @ blob:https://www.primevideo.com/b2f8e196-434d-4d5c-bb6b-ba2ac1e05b62:1
[   53122ms] [WARNING] It is recommended that a robustness level be specified. Not specifying the robustness level could result in unexpected behavior. @ blob:https://www.primevideo.com/b2f8e196-434d-4d5c-bb6b-ba2ac1e05b62:1
[   53122ms] [WARNING] It is recommended that a robustness level be specified. Not specifying the robustness level could result in unexpected behavior. @ blob:https://www.primevideo.com/b2f8e196-434d-4d5c-bb6b-ba2ac1e05b62:1
[   54723ms] [WARNING] It is recommended that a robustness level be specified. Not specifying the robustness level could result in unexpected behavior. @ blob:https://www.primevideo.com/6c1deddc-6c1e-4466-adc7-1493fdbbf358:1
[   54723ms] [WARNING] It is recommended that a robustness level be specified. Not specifying the robustness level could result in unexpected behavior. @ blob:https://www.primevideo.com/6c1deddc-6c1e-4466-adc7-1493fdbbf358:1
[   54723ms] [WARNING] It is recommended that a robustness level be specified. Not specifying the robustness level could result in unexpected behavior. @ blob:https://www.primevideo.com/6c1deddc-6c1e-4466-adc7-1493fdbbf358:1
[   56374ms] [WARNING] It is recommended that a robustness level be specified. Not specifying the robustness level could result in unexpected behavior. @ blob:https://www.primevideo.com/439e23d0-a89c-44dd-8019-4783ece249b6:1
[   56374ms] [WARNING] It is recommended that a robustness level be specified. Not specifying the robustness level could result in unexpected behavior. @ blob:https://www.primevideo.com/439e23d0-a89c-44dd-8019-4783ece249b6:1
[   56375ms] [WARNING] It is recommended that a robustness level be specified. Not specifying the robustness level could result in unexpected behavior. @ blob:https://www.primevideo.com/439e23d0-a89c-44dd-8019-4783ece249b6:1
[   57564ms] [WARNING] It is recommended that a robustness level be specified. Not specifying the robustness level could result in unexpected behavior. @ blob:https://www.primevideo.com/d391840f-7c67-48e8-a7a1-f0e46df0dc7c:1
[   57565ms] [WARNING] It is recommended that a robustness level be specified. Not specifying the robustness level could result in unexpected behavior. @ blob:https://www.primevideo.com/d391840f-7c67-48e8-a7a1-f0e46df0dc7c:1
[   57565ms] [WARNING] It is recommended that a robustness level be specified. Not specifying the robustness level could result in unexpected behavior. @ blob:https://www.primevideo.com/d391840f-7c67-48e8-a7a1-f0e46df0dc7c:1
[   58123ms] [WARNING] It is recommended that a robustness level be specified. Not specifying the robustness level could result in unexpected behavior. @ blob:https://www.primevideo.com/b2f8e196-434d-4d5c-bb6b-ba2ac1e05b62:1
[   58123ms] [WARNING] It is recommended that a robustness level be specified. Not specifying the robustness level could result in unexpected behavior. @ blob:https://www.primevideo.com/b2f8e196-434d-4d5c-bb6b-ba2ac1e05b62:1
[   58123ms] [WARNING] It is recommended that a robustness level be specified. Not specifying the robustness level could result in unexpected behavior. @ blob:https://www.primevideo.com/b2f8e196-434d-4d5c-bb6b-ba2ac1e05b62:1
[   59739ms] [WARNING] It is recommended that a robustness level be specified. Not specifying the robustness level could result in unexpected behavior. @ blob:https://www.primevideo.com/6c1deddc-6c1e-4466-adc7-1493fdbbf358:1
[   59740ms] [WARNING] It is recommended that a robustness level be specified. Not specifying the robustness level could result in unexpected behavior. @ blob:https://www.primevideo.com/6c1deddc-6c1e-4466-adc7-1493fdbbf358:1
[   59740ms] [WARNING] It is recommended that a robustness level be specified. Not specifying the robustness level could result in unexpected behavior. @ blob:https://www.primevideo.com/6c1deddc-6c1e-4466-adc7-1493fdbbf358:1
[   61390ms] [WARNING] It is recommended that a robustness level be specified. Not specifying the robustness level could result in unexpected behavior. @ blob:https://www.primevideo.com/439e23d0-a89c-44dd-8019-4783ece249b6:1
[   61390ms] [WARNING] It is recommended that a robustness level be specified. Not specifying the robustness level could result in unexpected behavior. @ blob:https://www.primevideo.com/439e23d0-a89c-44dd-8019-4783ece249b6:1
[   61390ms] [WARNING] It is recommended that a robustness level be specified. Not specifying the robustness level could result in unexpected behavior. @ blob:https://www.primevideo.com/439e23d0-a89c-44dd-8019-4783ece249b6:1
[   62576ms] [WARNING] It is recommended that a robustness level be specified. Not specifying the robustness level could result in unexpected behavior. @ blob:https://www.primevideo.com/d391840f-7c67-48e8-a7a1-f0e46df0dc7c:1
[   62576ms] [WARNING] It is recommended that a robustness level be specified. Not specifying the robustness level could result in unexpected behavior. @ blob:https://www.primevideo.com/d391840f-7c67-48e8-a7a1-f0e46df0dc7c:1
[   62576ms] [WARNING] It is recommended that a robustness level be specified. Not specifying the robustness level could result in unexpected behavior. @ blob:https://www.primevideo.com/d391840f-7c67-48e8-a7a1-f0e46df0dc7c:1
[   63124ms] [WARNING] It is recommended that a robustness level be specified. Not specifying the robustness level could result in unexpected behavior. @ blob:https://www.primevideo.com/b2f8e196-434d-4d5c-bb6b-ba2ac1e05b62:1
[   63124ms] [WARNING] It is recommended that a robustness level be specified. Not specifying the robustness level could result in unexpected behavior. @ blob:https://www.primevideo.com/b2f8e196-434d-4d5c-bb6b-ba2ac1e05b62:1
[   63124ms] [WARNING] It is recommended that a robustness level be specified. Not specifying the robustness level could result in unexpected behavior. @ blob:https://www.primevideo.com/b2f8e196-434d-4d5c-bb6b-ba2ac1e05b62:1
[   64741ms] [WARNING] It is recommended that a robustness level be specified. Not specifying the robustness level could result in unexpected behavior. @ blob:https://www.primevideo.com/6c1deddc-6c1e-4466-adc7-1493fdbbf358:1
[   64741ms] [WARNING] It is recommended that a robustness level be specified. Not specifying the robustness level could result in unexpected behavior. @ blob:https://www.primevideo.com/6c1deddc-6c1e-4466-adc7-1493fdbbf358:1
[   64741ms] [WARNING] It is recommended that a robustness level be specified. Not specifying the robustness level could result in unexpected behavior. @ blob:https://www.primevideo.com/6c1deddc-6c1e-4466-adc7-1493fdbbf358:1
[   66404ms] [WARNING] It is recommended that a robustness level be specified. Not specifying the robustness level could result in unexpected behavior. @ blob:https://www.primevideo.com/439e23d0-a89c-44dd-8019-4783ece249b6:1
[   66404ms] [WARNING] It is recommended that a robustness level be specified. Not specifying the robustness level could result in unexpected behavior. @ blob:https://www.primevideo.com/439e23d0-a89c-44dd-8019-4783ece249b6:1
[   66404ms] [WARNING] It is recommended that a robustness level be specified. Not specifying the robustness level could result in unexpected behavior. @ blob:https://www.primevideo.com/439e23d0-a89c-44dd-8019-4783ece249b6:1
[   67577ms] [WARNING] It is recommended that a robustness level be specified. Not specifying the robustness level could result in unexpected behavior. @ blob:https://www.primevideo.com/d391840f-7c67-48e8-a7a1-f0e46df0dc7c:1
[   67578ms] [WARNING] It is recommended that a robustness level be specified. Not specifying the robustness level could result in unexpected behavior. @ blob:https://www.primevideo.com/d391840f-7c67-48e8-a7a1-f0e46df0dc7c:1
[   67578ms] [WARNING] It is recommended that a robustness level be specified. Not specifying the robustness level could result in unexpected behavior. @ blob:https://www.primevideo.com/d391840f-7c67-48e8-a7a1-f0e46df0dc7c:1
[   68138ms] [WARNING] It is recommended that a robustness level be specified. Not specifying the robustness level could result in unexpected behavior. @ blob:https://www.primevideo.com/b2f8e196-434d-4d5c-bb6b-ba2ac1e05b62:1
[   68139ms] [WARNING] It is recommended that a robustness level be specified. Not specifying the robustness level could result in unexpected behavior. @ blob:https://www.primevideo.com/b2f8e196-434d-4d5c-bb6b-ba2ac1e05b62:1
[   68139ms] [WARNING] It is recommended that a robustness level be specified. Not specifying the robustness level could result in unexpected behavior. @ blob:https://www.primevideo.com/b2f8e196-434d-4d5c-bb6b-ba2ac1e05b62:1
[   69757ms] [WARNING] It is recommended that a robustness level be specified. Not specifying the robustness level could result in unexpected behavior. @ blob:https://www.primevideo.com/6c1deddc-6c1e-4466-adc7-1493fdbbf358:1
[   69757ms] [WARNING] It is recommended that a robustness level be specified. Not specifying the robustness level could result in unexpected behavior. @ blob:https://www.primevideo.com/6c1deddc-6c1e-4466-adc7-1493fdbbf358:1
[   69757ms] [WARNING] It is recommended that a robustness level be specified. Not specifying the robustness level could result in unexpected behavior. @ blob:https://www.primevideo.com/6c1deddc-6c1e-4466-adc7-1493fdbbf358:1
[   71423ms] [WARNING] It is recommended that a robustness level be specified. Not specifying the robustness level could result in unexpected behavior. @ blob:https://www.primevideo.com/439e23d0-a89c-44dd-8019-4783ece249b6:1
[   71423ms] [WARNING] It is recommended that a robustness level be specified. Not specifying the robustness level could result in unexpected behavior. @ blob:https://www.primevideo.com/439e23d0-a89c-44dd-8019-4783ece249b6:1
[   71423ms] [WARNING] It is recommended that a robustness level be specified. Not specifying the robustness level could result in unexpected behavior. @ blob:https://www.primevideo.com/439e23d0-a89c-44dd-8019-4783ece249b6:1
[   72589ms] [WARNING] It is recommended that a robustness level be specified. Not specifying the robustness level could result in unexpected behavior. @ blob:https://www.primevideo.com/d391840f-7c67-48e8-a7a1-f0e46df0dc7c:1
[   72589ms] [WARNING] It is recommended that a robustness level be specified. Not specifying the robustness level could result in unexpected behavior. @ blob:https://www.primevideo.com/d391840f-7c67-48e8-a7a1-f0e46df0dc7c:1
[   72589ms] [WARNING] It is recommended that a robustness level be specified. Not specifying the robustness level could result in unexpected behavior. @ blob:https://www.primevideo.com/d391840f-7c67-48e8-a7a1-f0e46df0dc7c:1
[   73140ms] [WARNING] It is recommended that a robustness level be specified. Not specifying the robustness level could result in unexpected behavior. @ blob:https://www.primevideo.com/b2f8e196-434d-4d5c-bb6b-ba2ac1e05b62:1
[   73140ms] [WARNING] It is recommended that a robustness level be specified. Not specifying the robustness level could result in unexpected behavior. @ blob:https://www.primevideo.com/b2f8e196-434d-4d5c-bb6b-ba2ac1e05b62:1
[   73140ms] [WARNING] It is recommended that a robustness level be specified. Not specifying the robustness level could result in unexpected behavior. @ blob:https://www.primevideo.com/b2f8e196-434d-4d5c-bb6b-ba2ac1e05b62:1
[   74772ms] [WARNING] It is recommended that a robustness level be specified. Not specifying the robustness level could result in unexpected behavior. @ blob:https://www.primevideo.com/6c1deddc-6c1e-4466-adc7-1493fdbbf358:1
[   74773ms] [WARNING] It is recommended that a robustness level be specified. Not specifying the robustness level could result in unexpected behavior. @ blob:https://www.primevideo.com/6c1deddc-6c1e-4466-adc7-1493fdbbf358:1
[   74773ms] [WARNING] It is recommended that a robustness level be specified. Not specifying the robustness level could result in unexpected behavior. @ blob:https://www.primevideo.com/6c1deddc-6c1e-4466-adc7-1493fdbbf358:1
[   76438ms] [WARNING] It is recommended that a robustness level be specified. Not specifying the robustness level could result in unexpected behavior. @ blob:https://www.primevideo.com/439e23d0-a89c-44dd-8019-4783ece249b6:1
[   76438ms] [WARNING] It is recommended that a robustness level be specified. Not specifying the robustness level could result in unexpected behavior. @ blob:https://www.primevideo.com/439e23d0-a89c-44dd-8019-4783ece249b6:1
[   76438ms] [WARNING] It is recommended that a robustness level be specified. Not specifying the robustness level could result in unexpected behavior. @ blob:https://www.primevideo.com/439e23d0-a89c-44dd-8019-4783ece249b6:1
[   77601ms] [WARNING] It is recommended that a robustness level be specified. Not specifying the robustness level could result in unexpected behavior. @ blob:https://www.primevideo.com/d391840f-7c67-48e8-a7a1-f0e46df0dc7c:1
[   77601ms] [WARNING] It is recommended that a robustness level be specified. Not specifying the robustness level could result in unexpected behavior. @ blob:https://www.primevideo.com/d391840f-7c67-48e8-a7a1-f0e46df0dc7c:1
[   77601ms] [WARNING] It is recommended that a robustness level be specified. Not specifying the robustness level could result in unexpected behavior. @ blob:https://www.primevideo.com/d391840f-7c67-48e8-a7a1-f0e46df0dc7c:1
[   78154ms] [WARNING] It is recommended that a robustness level be specified. Not specifying the robustness level could result in unexpected behavior. @ blob:https://www.primevideo.com/b2f8e196-434d-4d5c-bb6b-ba2ac1e05b62:1
[   78155ms] [WARNING] It is recommended that a robustness level be specified. Not specifying the robustness level could result in unexpected behavior. @ blob:https://www.primevideo.com/b2f8e196-434d-4d5c-bb6b-ba2ac1e05b62:1
[   78155ms] [WARNING] It is recommended that a robustness level be specified. Not specifying the robustness level could result in unexpected behavior. @ blob:https://www.primevideo.com/b2f8e196-434d-4d5c-bb6b-ba2ac1e05b62:1
[   79783ms] [WARNING] It is recommended that a robustness level be specified. Not specifying the robustness level could result in unexpected behavior. @ blob:https://www.primevideo.com/6c1deddc-6c1e-4466-adc7-1493fdbbf358:1
[   79783ms] [WARNING] It is recommended that a robustness level be specified. Not specifying the robustness level could result in unexpected behavior. @ blob:https://www.primevideo.com/6c1deddc-6c1e-4466-adc7-1493fdbbf358:1
[   79783ms] [WARNING] It is recommended that a robustness level be specified. Not specifying the robustness level could result in unexpected behavior. @ blob:https://www.primevideo.com/6c1deddc-6c1e-4466-adc7-1493fdbbf358:1
[   81455ms] [WARNING] It is recommended that a robustness level be specified. Not specifying the robustness level could result in unexpected behavior. @ blob:https://www.primevideo.com/439e23d0-a89c-44dd-8019-4783ece249b6:1
[   81456ms] [WARNING] It is recommended that a robustness level be specified. Not specifying the robustness level could result in unexpected behavior. @ blob:https://www.primevideo.com/439e23d0-a89c-44dd-8019-4783ece249b6:1
[   81456ms] [WARNING] It is recommended that a robustness level be specified. Not specifying the robustness level could result in unexpected behavior. @ blob:https://www.primevideo.com/439e23d0-a89c-44dd-8019-4783ece249b6:1
[   82603ms] [WARNING] It is recommended that a robustness level be specified. Not specifying the robustness level could result in unexpected behavior. @ blob:https://www.primevideo.com/d391840f-7c67-48e8-a7a1-f0e46df0dc7c:1
[   82603ms] [WARNING] It is recommended that a robustness level be specified. Not specifying the robustness level could result in unexpected behavior. @ blob:https://www.primevideo.com/d391840f-7c67-48e8-a7a1-f0e46df0dc7c:1
[   82603ms] [WARNING] It is recommended that a robustness level be specified. Not specifying the robustness level could result in unexpected behavior. @ blob:https://www.primevideo.com/d391840f-7c67-48e8-a7a1-f0e46df0dc7c:1
[   83170ms] [WARNING] It is recommended that a robustness level be specified. Not specifying the robustness level could result in unexpected behavior. @ blob:https://www.primevideo.com/b2f8e196-434d-4d5c-bb6b-ba2ac1e05b62:1
[   83170ms] [WARNING] It is recommended that a robustness level be specified. Not specifying the robustness level could result in unexpected behavior. @ blob:https://www.primevideo.com/b2f8e196-434d-4d5c-bb6b-ba2ac1e05b62:1
[   83170ms] [WARNING] It is recommended that a robustness level be specified. Not specifying the robustness level could result in unexpected behavior. @ blob:https://www.primevideo.com/b2f8e196-434d-4d5c-bb6b-ba2ac1e05b62:1
[   84785ms] [WARNING] It is recommended that a robustness level be specified. Not specifying the robustness level could result in unexpected behavior. @ blob:https://www.primevideo.com/6c1deddc-6c1e-4466-adc7-1493fdbbf358:1
[   84785ms] [WARNING] It is recommended that a robustness level be specified. Not specifying the robustness level could result in unexpected behavior. @ blob:https://www.primevideo.com/6c1deddc-6c1e-4466-adc7-1493fdbbf358:1
[   84785ms] [WARNING] It is recommended that a robustness level be specified. Not specifying the robustness level could result in unexpected behavior. @ blob:https://www.primevideo.com/6c1deddc-6c1e-4466-adc7-1493fdbbf358:1
[   86471ms] [WARNING] It is recommended that a robustness level be specified. Not specifying the robustness level could result in unexpected behavior. @ blob:https://www.primevideo.com/439e23d0-a89c-44dd-8019-4783ece249b6:1
[   86471ms] [WARNING] It is recommended that a robustness level be specified. Not specifying the robustness level could result in unexpected behavior. @ blob:https://www.primevideo.com/439e23d0-a89c-44dd-8019-4783ece249b6:1
[   86472ms] [WARNING] It is recommended that a robustness level be specified. Not specifying the robustness level could result in unexpected behavior. @ blob:https://www.primevideo.com/439e23d0-a89c-44dd-8019-4783ece249b6:1
[   87619ms] [WARNING] It is recommended that a robustness level be specified. Not specifying the robustness level could result in unexpected behavior. @ blob:https://www.primevideo.com/d391840f-7c67-48e8-a7a1-f0e46df0dc7c:1
[   87619ms] [WARNING] It is recommended that a robustness level be specified. Not specifying the robustness level could result in unexpected behavior. @ blob:https://www.primevideo.com/d391840f-7c67-48e8-a7a1-f0e46df0dc7c:1
[   87619ms] [WARNING] It is recommended that a robustness level be specified. Not specifying the robustness level could result in unexpected behavior. @ blob:https://www.primevideo.com/d391840f-7c67-48e8-a7a1-f0e46df0dc7c:1
[   88187ms] [WARNING] It is recommended that a robustness level be specified. Not specifying the robustness level could result in unexpected behavior. @ blob:https://www.primevideo.com/b2f8e196-434d-4d5c-bb6b-ba2ac1e05b62:1
[   88188ms] [WARNING] It is recommended that a robustness level be specified. Not specifying the robustness level could result in unexpected behavior. @ blob:https://www.primevideo.com/b2f8e196-434d-4d5c-bb6b-ba2ac1e05b62:1
[   88188ms] [WARNING] It is recommended that a robustness level be specified. Not specifying the robustness level could result in unexpected behavior. @ blob:https://www.primevideo.com/b2f8e196-434d-4d5c-bb6b-ba2ac1e05b62:1
[   89787ms] [WARNING] It is recommended that a robustness level be specified. Not specifying the robustness level could result in unexpected behavior. @ blob:https://www.primevideo.com/6c1deddc-6c1e-4466-adc7-1493fdbbf358:1
[   89787ms] [WARNING] It is recommended that a robustness level be specified. Not specifying the robustness level could result in unexpected behavior. @ blob:https://www.primevideo.com/6c1deddc-6c1e-4466-adc7-1493fdbbf358:1
[   89787ms] [WARNING] It is recommended that a robustness level be specified. Not specifying the robustness level could result in unexpected behavior. @ blob:https://www.primevideo.com/6c1deddc-6c1e-4466-adc7-1493fdbbf358:1
[   91474ms] [WARNING] It is recommended that a robustness level be specified. Not specifying the robustness level could result in unexpected behavior. @ blob:https://www.primevideo.com/439e23d0-a89c-44dd-8019-4783ece249b6:1
[   91475ms] [WARNING] It is recommended that a robustness level be specified. Not specifying the robustness level could result in unexpected behavior. @ blob:https://www.primevideo.com/439e23d0-a89c-44dd-8019-4783ece249b6:1
[   91475ms] [WARNING] It is recommended that a robustness level be specified. Not specifying the robustness level could result in unexpected behavior. @ blob:https://www.primevideo.com/439e23d0-a89c-44dd-8019-4783ece249b6:1
[   92637ms] [WARNING] It is recommended that a robustness level be specified. Not specifying the robustness level could result in unexpected behavior. @ blob:https://www.primevideo.com/d391840f-7c67-48e8-a7a1-f0e46df0dc7c:1
[   92637ms] [WARNING] It is recommended that a robustness level be specified. Not specifying the robustness level could result in unexpected behavior. @ blob:https://www.primevideo.com/d391840f-7c67-48e8-a7a1-f0e46df0dc7c:1
[   92637ms] [WARNING] It is recommended that a robustness level be specified. Not specifying the robustness level could result in unexpected behavior. @ blob:https://www.primevideo.com/d391840f-7c67-48e8-a7a1-f0e46df0dc7c:1
[   93201ms] [WARNING] It is recommended that a robustness level be specified. Not specifying the robustness level could result in unexpected behavior. @ blob:https://www.primevideo.com/b2f8e196-434d-4d5c-bb6b-ba2ac1e05b62:1
[   93201ms] [WARNING] It is recommended that a robustness level be specified. Not specifying the robustness level could result in unexpected behavior. @ blob:https://www.primevideo.com/b2f8e196-434d-4d5c-bb6b-ba2ac1e05b62:1
[   93201ms] [WARNING] It is recommended that a robustness level be specified. Not specifying the robustness level could result in unexpected behavior. @ blob:https://www.primevideo.com/b2f8e196-434d-4d5c-bb6b-ba2ac1e05b62:1
[   94803ms] [WARNING] It is recommended that a robustness level be specified. Not specifying the robustness level could result in unexpected behavior. @ blob:https://www.primevideo.com/6c1deddc-6c1e-4466-adc7-1493fdbbf358:1
[   94804ms] [WARNING] It is recommended that a robustness level be specified. Not specifying the robustness level could result in unexpected behavior. @ blob:https://www.primevideo.com/6c1deddc-6c1e-4466-adc7-1493fdbbf358:1
[   94804ms] [WARNING] It is recommended that a robustness level be specified. Not specifying the robustness level could result in unexpected behavior. @ blob:https://www.primevideo.com/6c1deddc-6c1e-4466-adc7-1493fdbbf358:1
[   96490ms] [WARNING] It is recommended that a robustness level be specified. Not specifying the robustness level could result in unexpected behavior. @ blob:https://www.primevideo.com/439e23d0-a89c-44dd-8019-4783ece249b6:1
[   96490ms] [WARNING] It is recommended that a robustness level be specified. Not specifying the robustness level could result in unexpected behavior. @ blob:https://www.primevideo.com/439e23d0-a89c-44dd-8019-4783ece249b6:1
[   96490ms] [WARNING] It is recommended that a robustness level be specified. Not specifying the robustness level could result in unexpected behavior. @ blob:https://www.primevideo.com/439e23d0-a89c-44dd-8019-4783ece249b6:1
[   97652ms] [WARNING] It is recommended that a robustness level be specified. Not specifying the robustness level could result in unexpected behavior. @ blob:https://www.primevideo.com/d391840f-7c67-48e8-a7a1-f0e46df0dc7c:1
[   97652ms] [WARNING] It is recommended that a robustness level be specified. Not specifying the robustness level could result in unexpected behavior. @ blob:https://www.primevideo.com/d391840f-7c67-48e8-a7a1-f0e46df0dc7c:1
[   97652ms] [WARNING] It is recommended that a robustness level be specified. Not specifying the robustness level could result in unexpected behavior. @ blob:https://www.primevideo.com/d391840f-7c67-48e8-a7a1-f0e46df0dc7c:1
[   98212ms] [WARNING] It is recommended that a robustness level be specified. Not specifying the robustness level could result in unexpected behavior. @ blob:https://www.primevideo.com/b2f8e196-434d-4d5c-bb6b-ba2ac1e05b62:1
[   98212ms] [WARNING] It is recommended that a robustness level be specified. Not specifying the robustness level could result in unexpected behavior. @ blob:https://www.primevideo.com/b2f8e196-434d-4d5c-bb6b-ba2ac1e05b62:1
[   98212ms] [WARNING] It is recommended that a robustness level be specified. Not specifying the robustness level could result in unexpected behavior. @ blob:https://www.primevideo.com/b2f8e196-434d-4d5c-bb6b-ba2ac1e05b62:1
[   99818ms] [WARNING] It is recommended that a robustness level be specified. Not specifying the robustness level could result in unexpected behavior. @ blob:https://www.primevideo.com/6c1deddc-6c1e-4466-adc7-1493fdbbf358:1
[   99818ms] [WARNING] It is recommended that a robustness level be specified. Not specifying the robustness level could result in unexpected behavior. @ blob:https://www.primevideo.com/6c1deddc-6c1e-4466-adc7-1493fdbbf358:1
[   99818ms] [WARNING] It is recommended that a robustness level be specified. Not specifying the robustness level could result in unexpected behavior. @ blob:https://www.primevideo.com/6c1deddc-6c1e-4466-adc7-1493fdbbf358:1
[  101501ms] [WARNING] It is recommended that a robustness level be specified. Not specifying the robustness level could result in unexpected behavior. @ blob:https://www.primevideo.com/439e23d0-a89c-44dd-8019-4783ece249b6:1
[  101502ms] [WARNING] It is recommended that a robustness level be specified. Not specifying the robustness level could result in unexpected behavior. @ blob:https://www.primevideo.com/439e23d0-a89c-44dd-8019-4783ece249b6:1
[  101502ms] [WARNING] It is recommended that a robustness level be specified. Not specifying the robustness level could result in unexpected behavior. @ blob:https://www.primevideo.com/439e23d0-a89c-44dd-8019-4783ece249b6:1
[  102652ms] [WARNING] It is recommended that a robustness level be specified. Not specifying the robustness level could result in unexpected behavior. @ blob:https://www.primevideo.com/d391840f-7c67-48e8-a7a1-f0e46df0dc7c:1
[  102652ms] [WARNING] It is recommended that a robustness level be specified. Not specifying the robustness level could result in unexpected behavior. @ blob:https://www.primevideo.com/d391840f-7c67-48e8-a7a1-f0e46df0dc7c:1
[  102652ms] [WARNING] It is recommended that a robustness level be specified. Not specifying the robustness level could result in unexpected behavior. @ blob:https://www.primevideo.com/d391840f-7c67-48e8-a7a1-f0e46df0dc7c:1
[  103219ms] [WARNING] It is recommended that a robustness level be specified. Not specifying the robustness level could result in unexpected behavior. @ blob:https://www.primevideo.com/b2f8e196-434d-4d5c-bb6b-ba2ac1e05b62:1
[  103219ms] [WARNING] It is recommended that a robustness level be specified. Not specifying the robustness level could result in unexpected behavior. @ blob:https://www.primevideo.com/b2f8e196-434d-4d5c-bb6b-ba2ac1e05b62:1
[  103219ms] [WARNING] It is recommended that a robustness level be specified. Not specifying the robustness level could result in unexpected behavior. @ blob:https://www.primevideo.com/b2f8e196-434d-4d5c-bb6b-ba2ac1e05b62:1
[  104835ms] [WARNING] It is recommended that a robustness level be specified. Not specifying the robustness level could result in unexpected behavior. @ blob:https://www.primevideo.com/6c1deddc-6c1e-4466-adc7-1493fdbbf358:1
[  104835ms] [WARNING] It is recommended that a robustness level be specified. Not specifying the robustness level could result in unexpected behavior. @ blob:https://www.primevideo.com/6c1deddc-6c1e-4466-adc7-1493fdbbf358:1
[  104835ms] [WARNING] It is recommended that a robustness level be specified. Not specifying the robustness level could result in unexpected behavior. @ blob:https://www.primevideo.com/6c1deddc-6c1e-4466-adc7-1493fdbbf358:1
[  106517ms] [WARNING] It is recommended that a robustness level be specified. Not specifying the robustness level could result in unexpected behavior. @ blob:https://www.primevideo.com/439e23d0-a89c-44dd-8019-4783ece249b6:1
[  106517ms] [WARNING] It is recommended that a robustness level be specified. Not specifying the robustness level could result in unexpected behavior. @ blob:https://www.primevideo.com/439e23d0-a89c-44dd-8019-4783ece249b6:1
[  106517ms] [WARNING] It is recommended that a robustness level be specified. Not specifying the robustness level could result in unexpected behavior. @ blob:https://www.primevideo.com/439e23d0-a89c-44dd-8019-4783ece249b6:1
[  107667ms] [WARNING] It is recommended that a robustness level be specified. Not specifying the robustness level could result in unexpected behavior. @ blob:https://www.primevideo.com/d391840f-7c67-48e8-a7a1-f0e46df0dc7c:1
[  107667ms] [WARNING] It is recommended that a robustness level be specified. Not specifying the robustness level could result in unexpected behavior. @ blob:https://www.primevideo.com/d391840f-7c67-48e8-a7a1-f0e46df0dc7c:1
[  107667ms] [WARNING] It is recommended that a robustness level be specified. Not specifying the robustness level could result in unexpected behavior. @ blob:https://www.primevideo.com/d391840f-7c67-48e8-a7a1-f0e46df0dc7c:1
[  108235ms] [WARNING] It is recommended that a robustness level be specified. Not specifying the robustness level could result in unexpected behavior. @ blob:https://www.primevideo.com/b2f8e196-434d-4d5c-bb6b-ba2ac1e05b62:1
[  108235ms] [WARNING] It is recommended that a robustness level be specified. Not specifying the robustness level could result in unexpected behavior. @ blob:https://www.primevideo.com/b2f8e196-434d-4d5c-bb6b-ba2ac1e05b62:1
[  108235ms] [WARNING] It is recommended that a robustness level be specified. Not specifying the robustness level could result in unexpected behavior. @ blob:https://www.primevideo.com/b2f8e196-434d-4d5c-bb6b-ba2ac1e05b62:1
[  109849ms] [WARNING] It is recommended that a robustness level be specified. Not specifying the robustness level could result in unexpected behavior. @ blob:https://www.primevideo.com/6c1deddc-6c1e-4466-adc7-1493fdbbf358:1
[  109849ms] [WARNING] It is recommended that a robustness level be specified. Not specifying the robustness level could result in unexpected behavior. @ blob:https://www.primevideo.com/6c1deddc-6c1e-4466-adc7-1493fdbbf358:1
[  109849ms] [WARNING] It is recommended that a robustness level be specified. Not specifying the robustness level could result in unexpected behavior. @ blob:https://www.primevideo.com/6c1deddc-6c1e-4466-adc7-1493fdbbf358:1
[  111519ms] [WARNING] It is recommended that a robustness level be specified. Not specifying the robustness level could result in unexpected behavior. @ blob:https://www.primevideo.com/439e23d0-a89c-44dd-8019-4783ece249b6:1
[  111519ms] [WARNING] It is recommended that a robustness level be specified. Not specifying the robustness level could result in unexpected behavior. @ blob:https://www.primevideo.com/439e23d0-a89c-44dd-8019-4783ece249b6:1
[  111520ms] [WARNING] It is recommended that a robustness level be specified. Not specifying the robustness level could result in unexpected behavior. @ blob:https://www.primevideo.com/439e23d0-a89c-44dd-8019-4783ece249b6:1
[  112683ms] [WARNING] It is recommended that a robustness level be specified. Not specifying the robustness level could result in unexpected behavior. @ blob:https://www.primevideo.com/d391840f-7c67-48e8-a7a1-f0e46df0dc7c:1
[  112683ms] [WARNING] It is recommended that a robustness level be specified. Not specifying the robustness level could result in unexpected behavior. @ blob:https://www.primevideo.com/d391840f-7c67-48e8-a7a1-f0e46df0dc7c:1
[  112683ms] [WARNING] It is recommended that a robustness level be specified. Not specifying the robustness level could result in unexpected behavior. @ blob:https://www.primevideo.com/d391840f-7c67-48e8-a7a1-f0e46df0dc7c:1
[  113249ms] [WARNING] It is recommended that a robustness level be specified. Not specifying the robustness level could result in unexpected behavior. @ blob:https://www.primevideo.com/b2f8e196-434d-4d5c-bb6b-ba2ac1e05b62:1
[  113249ms] [WARNING] It is recommended that a robustness level be specified. Not specifying the robustness level could result in unexpected behavior. @ blob:https://www.primevideo.com/b2f8e196-434d-4d5c-bb6b-ba2ac1e05b62:1
[  113249ms] [WARNING] It is recommended that a robustness level be specified. Not specifying the robustness level could result in unexpected behavior. @ blob:https://www.primevideo.com/b2f8e196-434d-4d5c-bb6b-ba2ac1e05b62:1
[  114851ms] [WARNING] It is recommended that a robustness level be specified. Not specifying the robustness level could result in unexpected behavior. @ blob:https://www.primevideo.com/6c1deddc-6c1e-4466-adc7-1493fdbbf358:1
[  114851ms] [WARNING] It is recommended that a robustness level be specified. Not specifying the robustness level could result in unexpected behavior. @ blob:https://www.primevideo.com/6c1deddc-6c1e-4466-adc7-1493fdbbf358:1
[  114851ms] [WARNING] It is recommended that a robustness level be specified. Not specifying the robustness level could result in unexpected behavior. @ blob:https://www.primevideo.com/6c1deddc-6c1e-4466-adc7-1493fdbbf358:1
[  116532ms] [WARNING] It is recommended that a robustness level be specified. Not specifying the robustness level could result in unexpected behavior. @ blob:https://www.primevideo.com/439e23d0-a89c-44dd-8019-4783ece249b6:1
[  116532ms] [WARNING] It is recommended that a robustness level be specified. Not specifying the robustness level could result in unexpected behavior. @ blob:https://www.primevideo.com/439e23d0-a89c-44dd-8019-4783ece249b6:1
[  116532ms] [WARNING] It is recommended that a robustness level be specified. Not specifying the robustness level could result in unexpected behavior. @ blob:https://www.primevideo.com/439e23d0-a89c-44dd-8019-4783ece249b6:1
[  117685ms] [WARNING] It is recommended that a robustness level be specified. Not specifying the robustness level could result in unexpected behavior. @ blob:https://www.primevideo.com/d391840f-7c67-48e8-a7a1-f0e46df0dc7c:1
[  117685ms] [WARNING] It is recommended that a robustness level be specified. Not specifying the robustness level could result in unexpected behavior. @ blob:https://www.primevideo.com/d391840f-7c67-48e8-a7a1-f0e46df0dc7c:1
[  117685ms] [WARNING] It is recommended that a robustness level be specified. Not specifying the robustness level could result in unexpected behavior. @ blob:https://www.primevideo.com/d391840f-7c67-48e8-a7a1-f0e46df0dc7c:1
[  118253ms] [WARNING] It is recommended that a robustness level be specified. Not specifying the robustness level could result in unexpected behavior. @ blob:https://www.primevideo.com/b2f8e196-434d-4d5c-bb6b-ba2ac1e05b62:1
[  118253ms] [WARNING] It is recommended that a robustness level be specified. Not specifying the robustness level could result in unexpected behavior. @ blob:https://www.primevideo.com/b2f8e196-434d-4d5c-bb6b-ba2ac1e05b62:1
[  118253ms] [WARNING] It is recommended that a robustness level be specified. Not specifying the robustness level could result in unexpected behavior. @ blob:https://www.primevideo.com/b2f8e196-434d-4d5c-bb6b-ba2ac1e05b62:1
[  119865ms] [WARNING] It is recommended that a robustness level be specified. Not specifying the robustness level could result in unexpected behavior. @ blob:https://www.primevideo.com/6c1deddc-6c1e-4466-adc7-1493fdbbf358:1
[  119866ms] [WARNING] It is recommended that a robustness level be specified. Not specifying the robustness level could result in unexpected behavior. @ blob:https://www.primevideo.com/6c1deddc-6c1e-4466-adc7-1493fdbbf358:1
[  119866ms] [WARNING] It is recommended that a robustness level be specified. Not specifying the robustness level could result in unexpected behavior. @ blob:https://www.primevideo.com/6c1deddc-6c1e-4466-adc7-1493fdbbf358:1
[  121544ms] [WARNING] It is recommended that a robustness level be specified. Not specifying the robustness level could result in unexpected behavior. @ blob:https://www.primevideo.com/439e23d0-a89c-44dd-8019-4783ece249b6:1
[  121545ms] [WARNING] It is recommended that a robustness level be specified. Not specifying the robustness level could result in unexpected behavior. @ blob:https://www.primevideo.com/439e23d0-a89c-44dd-8019-4783ece249b6:1
[  121545ms] [WARNING] It is recommended that a robustness level be specified. Not specifying the robustness level could result in unexpected behavior. @ blob:https://www.primevideo.com/439e23d0-a89c-44dd-8019-4783ece249b6:1
[  122700ms] [WARNING] It is recommended that a robustness level be specified. Not specifying the robustness level could result in unexpected behavior. @ blob:https://www.primevideo.com/d391840f-7c67-48e8-a7a1-f0e46df0dc7c:1
[  122700ms] [WARNING] It is recommended that a robustness level be specified. Not specifying the robustness level could result in unexpected behavior. @ blob:https://www.primevideo.com/d391840f-7c67-48e8-a7a1-f0e46df0dc7c:1
[  122700ms] [WARNING] It is recommended that a robustness level be specified. Not specifying the robustness level could result in unexpected behavior. @ blob:https://www.primevideo.com/d391840f-7c67-48e8-a7a1-f0e46df0dc7c:1
[  123264ms] [WARNING] It is recommended that a robustness level be specified. Not specifying the robustness level could result in unexpected behavior. @ blob:https://www.primevideo.com/b2f8e196-434d-4d5c-bb6b-ba2ac1e05b62:1
[  123265ms] [WARNING] It is recommended that a robustness level be specified. Not specifying the robustness level could result in unexpected behavior. @ blob:https://www.primevideo.com/b2f8e196-434d-4d5c-bb6b-ba2ac1e05b62:1
[  123265ms] [WARNING] It is recommended that a robustness level be specified. Not specifying the robustness level could result in unexpected behavior. @ blob:https://www.primevideo.com/b2f8e196-434d-4d5c-bb6b-ba2ac1e05b62:1
[  124881ms] [WARNING] It is recommended that a robustness level be specified. Not specifying the robustness level could result in unexpected behavior. @ blob:https://www.primevideo.com/6c1deddc-6c1e-4466-adc7-1493fdbbf358:1
[  124881ms] [WARNING] It is recommended that a robustness level be specified. Not specifying the robustness level could result in unexpected behavior. @ blob:https://www.primevideo.com/6c1deddc-6c1e-4466-adc7-1493fdbbf358:1
[  124881ms] [WARNING] It is recommended that a robustness level be specified. Not specifying the robustness level could result in unexpected behavior. @ blob:https://www.primevideo.com/6c1deddc-6c1e-4466-adc7-1493fdbbf358:1
[  126546ms] [WARNING] It is recommended that a robustness level be specified. Not specifying the robustness level could result in unexpected behavior. @ blob:https://www.primevideo.com/439e23d0-a89c-44dd-8019-4783ece249b6:1
[  126546ms] [WARNING] It is recommended that a robustness level be specified. Not specifying the robustness level could result in unexpected behavior. @ blob:https://www.primevideo.com/439e23d0-a89c-44dd-8019-4783ece249b6:1
[  126546ms] [WARNING] It is recommended that a robustness level be specified. Not specifying the robustness level could result in unexpected behavior. @ blob:https://www.primevideo.com/439e23d0-a89c-44dd-8019-4783ece249b6:1
[  127715ms] [WARNING] It is recommended that a robustness level be specified. Not specifying the robustness level could result in unexpected behavior. @ blob:https://www.primevideo.com/d391840f-7c67-48e8-a7a1-f0e46df0dc7c:1
[  127716ms] [WARNING] It is recommended that a robustness level be specified. Not specifying the robustness level could result in unexpected behavior. @ blob:https://www.primevideo.com/d391840f-7c67-48e8-a7a1-f0e46df0dc7c:1
[  127716ms] [WARNING] It is recommended that a robustness level be specified. Not specifying the robustness level could result in unexpected behavior. @ blob:https://www.primevideo.com/d391840f-7c67-48e8-a7a1-f0e46df0dc7c:1
[  128266ms] [WARNING] It is recommended that a robustness level be specified. Not specifying the robustness level could result in unexpected behavior. @ blob:https://www.primevideo.com/b2f8e196-434d-4d5c-bb6b-ba2ac1e05b62:1
[  128266ms] [WARNING] It is recommended that a robustness level be specified. Not specifying the robustness level could result in unexpected behavior. @ blob:https://www.primevideo.com/b2f8e196-434d-4d5c-bb6b-ba2ac1e05b62:1
[  128266ms] [WARNING] It is recommended that a robustness level be specified. Not specifying the robustness level could result in unexpected behavior. @ blob:https://www.primevideo.com/b2f8e196-434d-4d5c-bb6b-ba2ac1e05b62:1
[  129884ms] [WARNING] It is recommended that a robustness level be specified. Not specifying the robustness level could result in unexpected behavior. @ blob:https://www.primevideo.com/6c1deddc-6c1e-4466-adc7-1493fdbbf358:1
[  129884ms] [WARNING] It is recommended that a robustness level be specified. Not specifying the robustness level could result in unexpected behavior. @ blob:https://www.primevideo.com/6c1deddc-6c1e-4466-adc7-1493fdbbf358:1
[  129884ms] [WARNING] It is recommended that a robustness level be specified. Not specifying the robustness level could result in unexpected behavior. @ blob:https://www.primevideo.com/6c1deddc-6c1e-4466-adc7-1493fdbbf358:1
[  131547ms] [WARNING] It is recommended that a robustness level be specified. Not specifying the robustness level could result in unexpected behavior. @ blob:https://www.primevideo.com/439e23d0-a89c-44dd-8019-4783ece249b6:1
[  131548ms] [WARNING] It is recommended that a robustness level be specified. Not specifying the robustness level could result in unexpected behavior. @ blob:https://www.primevideo.com/439e23d0-a89c-44dd-8019-4783ece249b6:1
[  131548ms] [WARNING] It is recommended that a robustness level be specified. Not specifying the robustness level could result in unexpected behavior. @ blob:https://www.primevideo.com/439e23d0-a89c-44dd-8019-4783ece249b6:1
[  132731ms] [WARNING] It is recommended that a robustness level be specified. Not specifying the robustness level could result in unexpected behavior. @ blob:https://www.primevideo.com/d391840f-7c67-48e8-a7a1-f0e46df0dc7c:1
[  132731ms] [WARNING] It is recommended that a robustness level be specified. Not specifying the robustness level could result in unexpected behavior. @ blob:https://www.primevideo.com/d391840f-7c67-48e8-a7a1-f0e46df0dc7c:1
[  132731ms] [WARNING] It is recommended that a robustness level be specified. Not specifying the robustness level could result in unexpected behavior. @ blob:https://www.primevideo.com/d391840f-7c67-48e8-a7a1-f0e46df0dc7c:1
[  133280ms] [WARNING] It is recommended that a robustness level be specified. Not specifying the robustness level could result in unexpected behavior. @ blob:https://www.primevideo.com/b2f8e196-434d-4d5c-bb6b-ba2ac1e05b62:1
[  133280ms] [WARNING] It is recommended that a robustness level be specified. Not specifying the robustness level could result in unexpected behavior. @ blob:https://www.primevideo.com/b2f8e196-434d-4d5c-bb6b-ba2ac1e05b62:1
[  133280ms] [WARNING] It is recommended that a robustness level be specified. Not specifying the robustness level could result in unexpected behavior. @ blob:https://www.primevideo.com/b2f8e196-434d-4d5c-bb6b-ba2ac1e05b62:1
[  134897ms] [WARNING] It is recommended that a robustness level be specified. Not specifying the robustness level could result in unexpected behavior. @ blob:https://www.primevideo.com/6c1deddc-6c1e-4466-adc7-1493fdbbf358:1
[  134898ms] [WARNING] It is recommended that a robustness level be specified. Not specifying the robustness level could result in unexpected behavior. @ blob:https://www.primevideo.com/6c1deddc-6c1e-4466-adc7-1493fdbbf358:1
[  134898ms] [WARNING] It is recommended that a robustness level be specified. Not specifying the robustness level could result in unexpected behavior. @ blob:https://www.primevideo.com/6c1deddc-6c1e-4466-adc7-1493fdbbf358:1
[  136563ms] [WARNING] It is recommended that a robustness level be specified. Not specifying the robustness level could result in unexpected behavior. @ blob:https://www.primevideo.com/439e23d0-a89c-44dd-8019-4783ece249b6:1
[  136563ms] [WARNING] It is recommended that a robustness level be specified. Not specifying the robustness level could result in unexpected behavior. @ blob:https://www.primevideo.com/439e23d0-a89c-44dd-8019-4783ece249b6:1
[  136564ms] [WARNING] It is recommended that a robustness level be specified. Not specifying the robustness level could result in unexpected behavior. @ blob:https://www.primevideo.com/439e23d0-a89c-44dd-8019-4783ece249b6:1
[  137746ms] [WARNING] It is recommended that a robustness level be specified. Not specifying the robustness level could result in unexpected behavior. @ blob:https://www.primevideo.com/d391840f-7c67-48e8-a7a1-f0e46df0dc7c:1
[  137747ms] [WARNING] It is recommended that a robustness level be specified. Not specifying the robustness level could result in unexpected behavior. @ blob:https://www.primevideo.com/d391840f-7c67-48e8-a7a1-f0e46df0dc7c:1
[  137747ms] [WARNING] It is recommended that a robustness level be specified. Not specifying the robustness level could result in unexpected behavior. @ blob:https://www.primevideo.com/d391840f-7c67-48e8-a7a1-f0e46df0dc7c:1
[  138283ms] [WARNING] It is recommended that a robustness level be specified. Not specifying the robustness level could result in unexpected behavior. @ blob:https://www.primevideo.com/b2f8e196-434d-4d5c-bb6b-ba2ac1e05b62:1
[  138283ms] [WARNING] It is recommended that a robustness level be specified. Not specifying the robustness level could result in unexpected behavior. @ blob:https://www.primevideo.com/b2f8e196-434d-4d5c-bb6b-ba2ac1e05b62:1
[  138283ms] [WARNING] It is recommended that a robustness level be specified. Not specifying the robustness level could result in unexpected behavior. @ blob:https://www.primevideo.com/b2f8e196-434d-4d5c-bb6b-ba2ac1e05b62:1
[  139912ms] [WARNING] It is recommended that a robustness level be specified. Not specifying the robustness level could result in unexpected behavior. @ blob:https://www.primevideo.com/6c1deddc-6c1e-4466-adc7-1493fdbbf358:1
[  139912ms] [WARNING] It is recommended that a robustness level be specified. Not specifying the robustness level could result in unexpected behavior. @ blob:https://www.primevideo.com/6c1deddc-6c1e-4466-adc7-1493fdbbf358:1
[  139912ms] [WARNING] It is recommended that a robustness level be specified. Not specifying the robustness level could result in unexpected behavior. @ blob:https://www.primevideo.com/6c1deddc-6c1e-4466-adc7-1493fdbbf358:1
[  141581ms] [WARNING] It is recommended that a robustness level be specified. Not specifying the robustness level could result in unexpected behavior. @ blob:https://www.primevideo.com/439e23d0-a89c-44dd-8019-4783ece249b6:1
[  141582ms] [WARNING] It is recommended that a robustness level be specified. Not specifying the robustness level could result in unexpected behavior. @ blob:https://www.primevideo.com/439e23d0-a89c-44dd-8019-4783ece249b6:1
[  141582ms] [WARNING] It is recommended that a robustness level be specified. Not specifying the robustness level could result in unexpected behavior. @ blob:https://www.primevideo.com/439e23d0-a89c-44dd-8019-4783ece249b6:1
[  142763ms] [WARNING] It is recommended that a robustness level be specified. Not specifying the robustness level could result in unexpected behavior. @ blob:https://www.primevideo.com/d391840f-7c67-48e8-a7a1-f0e46df0dc7c:1
[  142763ms] [WARNING] It is recommended that a robustness level be specified. Not specifying the robustness level could result in unexpected behavior. @ blob:https://www.primevideo.com/d391840f-7c67-48e8-a7a1-f0e46df0dc7c:1
[  142764ms] [WARNING] It is recommended that a robustness level be specified. Not specifying the robustness level could result in unexpected behavior. @ blob:https://www.primevideo.com/d391840f-7c67-48e8-a7a1-f0e46df0dc7c:1
[  143297ms] [WARNING] It is recommended that a robustness level be specified. Not specifying the robustness level could result in unexpected behavior. @ blob:https://www.primevideo.com/b2f8e196-434d-4d5c-bb6b-ba2ac1e05b62:1
[  143298ms] [WARNING] It is recommended that a robustness level be specified. Not specifying the robustness level could result in unexpected behavior. @ blob:https://www.primevideo.com/b2f8e196-434d-4d5c-bb6b-ba2ac1e05b62:1
[  143298ms] [WARNING] It is recommended that a robustness level be specified. Not specifying the robustness level could result in unexpected behavior. @ blob:https://www.primevideo.com/b2f8e196-434d-4d5c-bb6b-ba2ac1e05b62:1
[  144913ms] [WARNING] It is recommended that a robustness level be specified. Not specifying the robustness level could result in unexpected behavior. @ blob:https://www.primevideo.com/6c1deddc-6c1e-4466-adc7-1493fdbbf358:1
[  144914ms] [WARNING] It is recommended that a robustness level be specified. Not specifying the robustness level could result in unexpected behavior. @ blob:https://www.primevideo.com/6c1deddc-6c1e-4466-adc7-1493fdbbf358:1
[  144914ms] [WARNING] It is recommended that a robustness level be specified. Not specifying the robustness level could result in unexpected behavior. @ blob:https://www.primevideo.com/6c1deddc-6c1e-4466-adc7-1493fdbbf358:1
[  146596ms] [WARNING] It is recommended that a robustness level be specified. Not specifying the robustness level could result in unexpected behavior. @ blob:https://www.primevideo.com/439e23d0-a89c-44dd-8019-4783ece249b6:1
[  146597ms] [WARNING] It is recommended that a robustness level be specified. Not specifying the robustness level could result in unexpected behavior. @ blob:https://www.primevideo.com/439e23d0-a89c-44dd-8019-4783ece249b6:1
[  146597ms] [WARNING] It is recommended that a robustness level be specified. Not specifying the robustness level could result in unexpected behavior. @ blob:https://www.primevideo.com/439e23d0-a89c-44dd-8019-4783ece249b6:1
[  147777ms] [WARNING] It is recommended that a robustness level be specified. Not specifying the robustness level could result in unexpected behavior. @ blob:https://www.primevideo.com/d391840f-7c67-48e8-a7a1-f0e46df0dc7c:1
[  147777ms] [WARNING] It is recommended that a robustness level be specified. Not specifying the robustness level could result in unexpected behavior. @ blob:https://www.primevideo.com/d391840f-7c67-48e8-a7a1-f0e46df0dc7c:1
[  147777ms] [WARNING] It is recommended that a robustness level be specified. Not specifying the robustness level could result in unexpected behavior. @ blob:https://www.primevideo.com/d391840f-7c67-48e8-a7a1-f0e46df0dc7c:1
[  148312ms] [WARNING] It is recommended that a robustness level be specified. Not specifying the robustness level could result in unexpected behavior. @ blob:https://www.primevideo.com/b2f8e196-434d-4d5c-bb6b-ba2ac1e05b62:1
[  148313ms] [WARNING] It is recommended that a robustness level be specified. Not specifying the robustness level could result in unexpected behavior. @ blob:https://www.primevideo.com/b2f8e196-434d-4d5c-bb6b-ba2ac1e05b62:1
[  148313ms] [WARNING] It is recommended that a robustness level be specified. Not specifying the robustness level could result in unexpected behavior. @ blob:https://www.primevideo.com/b2f8e196-434d-4d5c-bb6b-ba2ac1e05b62:1
[  149927ms] [WARNING] It is recommended that a robustness level be specified. Not specifying the robustness level could result in unexpected behavior. @ blob:https://www.primevideo.com/6c1deddc-6c1e-4466-adc7-1493fdbbf358:1
[  149927ms] [WARNING] It is recommended that a robustness level be specified. Not specifying the robustness level could result in unexpected behavior. @ blob:https://www.primevideo.com/6c1deddc-6c1e-4466-adc7-1493fdbbf358:1
[  149927ms] [WARNING] It is recommended that a robustness level be specified. Not specifying the robustness level could result in unexpected behavior. @ blob:https://www.primevideo.com/6c1deddc-6c1e-4466-adc7-1493fdbbf358:1
[  151598ms] [WARNING] It is recommended that a robustness level be specified. Not specifying the robustness level could result in unexpected behavior. @ blob:https://www.primevideo.com/439e23d0-a89c-44dd-8019-4783ece249b6:1
[  151598ms] [WARNING] It is recommended that a robustness level be specified. Not specifying the robustness level could result in unexpected behavior. @ blob:https://www.primevideo.com/439e23d0-a89c-44dd-8019-4783ece249b6:1
[  151598ms] [WARNING] It is recommended that a robustness level be specified. Not specifying the robustness level could result in unexpected behavior. @ blob:https://www.primevideo.com/439e23d0-a89c-44dd-8019-4783ece249b6:1
[  152780ms] [WARNING] It is recommended that a robustness level be specified. Not specifying the robustness level could result in unexpected behavior. @ blob:https://www.primevideo.com/d391840f-7c67-48e8-a7a1-f0e46df0dc7c:1
[  152780ms] [WARNING] It is recommended that a robustness level be specified. Not specifying the robustness level could result in unexpected behavior. @ blob:https://www.primevideo.com/d391840f-7c67-48e8-a7a1-f0e46df0dc7c:1
[  152780ms] [WARNING] It is recommended that a robustness level be specified. Not specifying the robustness level could result in unexpected behavior. @ blob:https://www.primevideo.com/d391840f-7c67-48e8-a7a1-f0e46df0dc7c:1
[  153328ms] [WARNING] It is recommended that a robustness level be specified. Not specifying the robustness level could result in unexpected behavior. @ blob:https://www.primevideo.com/b2f8e196-434d-4d5c-bb6b-ba2ac1e05b62:1
[  153328ms] [WARNING] It is recommended that a robustness level be specified. Not specifying the robustness level could result in unexpected behavior. @ blob:https://www.primevideo.com/b2f8e196-434d-4d5c-bb6b-ba2ac1e05b62:1
[  153328ms] [WARNING] It is recommended that a robustness level be specified. Not specifying the robustness level could result in unexpected behavior. @ blob:https://www.primevideo.com/b2f8e196-434d-4d5c-bb6b-ba2ac1e05b62:1
[  154943ms] [WARNING] It is recommended that a robustness level be specified. Not specifying the robustness level could result in unexpected behavior. @ blob:https://www.primevideo.com/6c1deddc-6c1e-4466-adc7-1493fdbbf358:1
[  154943ms] [WARNING] It is recommended that a robustness level be specified. Not specifying the robustness level could result in unexpected behavior. @ blob:https://www.primevideo.com/6c1deddc-6c1e-4466-adc7-1493fdbbf358:1
[  154943ms] [WARNING] It is recommended that a robustness level be specified. Not specifying the robustness level could result in unexpected behavior. @ blob:https://www.primevideo.com/6c1deddc-6c1e-4466-adc7-1493fdbbf358:1
[  156609ms] [WARNING] It is recommended that a robustness level be specified. Not specifying the robustness level could result in unexpected behavior. @ blob:https://www.primevideo.com/439e23d0-a89c-44dd-8019-4783ece249b6:1
[  156609ms] [WARNING] It is recommended that a robustness level be specified. Not specifying the robustness level could result in unexpected behavior. @ blob:https://www.primevideo.com/439e23d0-a89c-44dd-8019-4783ece249b6:1
[  156610ms] [WARNING] It is recommended that a robustness level be specified. Not specifying the robustness level could result in unexpected behavior. @ blob:https://www.primevideo.com/439e23d0-a89c-44dd-8019-4783ece249b6:1
[  157795ms] [WARNING] It is recommended that a robustness level be specified. Not specifying the robustness level could result in unexpected behavior. @ blob:https://www.primevideo.com/d391840f-7c67-48e8-a7a1-f0e46df0dc7c:1
[  157795ms] [WARNING] It is recommended that a robustness level be specified. Not specifying the robustness level could result in unexpected behavior. @ blob:https://www.primevideo.com/d391840f-7c67-48e8-a7a1-f0e46df0dc7c:1
[  157795ms] [WARNING] It is recommended that a robustness level be specified. Not specifying the robustness level could result in unexpected behavior. @ blob:https://www.primevideo.com/d391840f-7c67-48e8-a7a1-f0e46df0dc7c:1
[  158339ms] [WARNING] It is recommended that a robustness level be specified. Not specifying the robustness level could result in unexpected behavior. @ blob:https://www.primevideo.com/b2f8e196-434d-4d5c-bb6b-ba2ac1e05b62:1
[  158339ms] [WARNING] It is recommended that a robustness level be specified. Not specifying the robustness level could result in unexpected behavior. @ blob:https://www.primevideo.com/b2f8e196-434d-4d5c-bb6b-ba2ac1e05b62:1
[  158340ms] [WARNING] It is recommended that a robustness level be specified. Not specifying the robustness level could result in unexpected behavior. @ blob:https://www.primevideo.com/b2f8e196-434d-4d5c-bb6b-ba2ac1e05b62:1
[  159957ms] [WARNING] It is recommended that a robustness level be specified. Not specifying the robustness level could result in unexpected behavior. @ blob:https://www.primevideo.com/6c1deddc-6c1e-4466-adc7-1493fdbbf358:1
[  159957ms] [WARNING] It is recommended that a robustness level be specified. Not specifying the robustness level could result in unexpected behavior. @ blob:https://www.primevideo.com/6c1deddc-6c1e-4466-adc7-1493fdbbf358:1
[  159957ms] [WARNING] It is recommended that a robustness level be specified. Not specifying the robustness level could result in unexpected behavior. @ blob:https://www.primevideo.com/6c1deddc-6c1e-4466-adc7-1493fdbbf358:1
[  161626ms] [WARNING] It is recommended that a robustness level be specified. Not specifying the robustness level could result in unexpected behavior. @ blob:https://www.primevideo.com/439e23d0-a89c-44dd-8019-4783ece249b6:1
[  161626ms] [WARNING] It is recommended that a robustness level be specified. Not specifying the robustness level could result in unexpected behavior. @ blob:https://www.primevideo.com/439e23d0-a89c-44dd-8019-4783ece249b6:1
[  161626ms] [WARNING] It is recommended that a robustness level be specified. Not specifying the robustness level could result in unexpected behavior. @ blob:https://www.primevideo.com/439e23d0-a89c-44dd-8019-4783ece249b6:1
[  162810ms] [WARNING] It is recommended that a robustness level be specified. Not specifying the robustness level could result in unexpected behavior. @ blob:https://www.primevideo.com/d391840f-7c67-48e8-a7a1-f0e46df0dc7c:1
[  162810ms] [WARNING] It is recommended that a robustness level be specified. Not specifying the robustness level could result in unexpected behavior. @ blob:https://www.primevideo.com/d391840f-7c67-48e8-a7a1-f0e46df0dc7c:1
[  162810ms] [WARNING] It is recommended that a robustness level be specified. Not specifying the robustness level could result in unexpected behavior. @ blob:https://www.primevideo.com/d391840f-7c67-48e8-a7a1-f0e46df0dc7c:1
[  163341ms] [WARNING] It is recommended that a robustness level be specified. Not specifying the robustness level could result in unexpected behavior. @ blob:https://www.primevideo.com/b2f8e196-434d-4d5c-bb6b-ba2ac1e05b62:1
[  163341ms] [WARNING] It is recommended that a robustness level be specified. Not specifying the robustness level could result in unexpected behavior. @ blob:https://www.primevideo.com/b2f8e196-434d-4d5c-bb6b-ba2ac1e05b62:1
[  163341ms] [WARNING] It is recommended that a robustness level be specified. Not specifying the robustness level could result in unexpected behavior. @ blob:https://www.primevideo.com/b2f8e196-434d-4d5c-bb6b-ba2ac1e05b62:1
[  164960ms] [WARNING] It is recommended that a robustness level be specified. Not specifying the robustness level could result in unexpected behavior. @ blob:https://www.primevideo.com/6c1deddc-6c1e-4466-adc7-1493fdbbf358:1
[  164960ms] [WARNING] It is recommended that a robustness level be specified. Not specifying the robustness level could result in unexpected behavior. @ blob:https://www.primevideo.com/6c1deddc-6c1e-4466-adc7-1493fdbbf358:1
[  164960ms] [WARNING] It is recommended that a robustness level be specified. Not specifying the robustness level could result in unexpected behavior. @ blob:https://www.primevideo.com/6c1deddc-6c1e-4466-adc7-1493fdbbf358:1
[  166640ms] [WARNING] It is recommended that a robustness level be specified. Not specifying the robustness level could result in unexpected behavior. @ blob:https://www.primevideo.com/439e23d0-a89c-44dd-8019-4783ece249b6:1
[  166640ms] [WARNING] It is recommended that a robustness level be specified. Not specifying the robustness level could result in unexpected behavior. @ blob:https://www.primevideo.com/439e23d0-a89c-44dd-8019-4783ece249b6:1
[  166640ms] [WARNING] It is recommended that a robustness level be specified. Not specifying the robustness level could result in unexpected behavior. @ blob:https://www.primevideo.com/439e23d0-a89c-44dd-8019-4783ece249b6:1
[  167812ms] [WARNING] It is recommended that a robustness level be specified. Not specifying the robustness level could result in unexpected behavior. @ blob:https://www.primevideo.com/d391840f-7c67-48e8-a7a1-f0e46df0dc7c:1
[  167812ms] [WARNING] It is recommended that a robustness level be specified. Not specifying the robustness level could result in unexpected behavior. @ blob:https://www.primevideo.com/d391840f-7c67-48e8-a7a1-f0e46df0dc7c:1
[  167812ms] [WARNING] It is recommended that a robustness level be specified. Not specifying the robustness level could result in unexpected behavior. @ blob:https://www.primevideo.com/d391840f-7c67-48e8-a7a1-f0e46df0dc7c:1
[  168355ms] [WARNING] It is recommended that a robustness level be specified. Not specifying the robustness level could result in unexpected behavior. @ blob:https://www.primevideo.com/b2f8e196-434d-4d5c-bb6b-ba2ac1e05b62:1
[  168355ms] [WARNING] It is recommended that a robustness level be specified. Not specifying the robustness level could result in unexpected behavior. @ blob:https://www.primevideo.com/b2f8e196-434d-4d5c-bb6b-ba2ac1e05b62:1
[  168355ms] [WARNING] It is recommended that a robustness level be specified. Not specifying the robustness level could result in unexpected behavior. @ blob:https://www.primevideo.com/b2f8e196-434d-4d5c-bb6b-ba2ac1e05b62:1
[  169976ms] [WARNING] It is recommended that a robustness level be specified. Not specifying the robustness level could result in unexpected behavior. @ blob:https://www.primevideo.com/6c1deddc-6c1e-4466-adc7-1493fdbbf358:1
[  169976ms] [WARNING] It is recommended that a robustness level be specified. Not specifying the robustness level could result in unexpected behavior. @ blob:https://www.primevideo.com/6c1deddc-6c1e-4466-adc7-1493fdbbf358:1
[  169976ms] [WARNING] It is recommended that a robustness level be specified. Not specifying the robustness level could result in unexpected behavior. @ blob:https://www.primevideo.com/6c1deddc-6c1e-4466-adc7-1493fdbbf358:1
[  171642ms] [WARNING] It is recommended that a robustness level be specified. Not specifying the robustness level could result in unexpected behavior. @ blob:https://www.primevideo.com/439e23d0-a89c-44dd-8019-4783ece249b6:1
[  171642ms] [WARNING] It is recommended that a robustness level be specified. Not specifying the robustness level could result in unexpected behavior. @ blob:https://www.primevideo.com/439e23d0-a89c-44dd-8019-4783ece249b6:1
[  171642ms] [WARNING] It is recommended that a robustness level be specified. Not specifying the robustness level could result in unexpected behavior. @ blob:https://www.primevideo.com/439e23d0-a89c-44dd-8019-4783ece249b6:1
[  172826ms] [WARNING] It is recommended that a robustness level be specified. Not specifying the robustness level could result in unexpected behavior. @ blob:https://www.primevideo.com/d391840f-7c67-48e8-a7a1-f0e46df0dc7c:1
[  172827ms] [WARNING] It is recommended that a robustness level be specified. Not specifying the robustness level could result in unexpected behavior. @ blob:https://www.primevideo.com/d391840f-7c67-48e8-a7a1-f0e46df0dc7c:1
[  172827ms] [WARNING] It is recommended that a robustness level be specified. Not specifying the robustness level could result in unexpected behavior. @ blob:https://www.primevideo.com/d391840f-7c67-48e8-a7a1-f0e46df0dc7c:1
[  173358ms] [WARNING] It is recommended that a robustness level be specified. Not specifying the robustness level could result in unexpected behavior. @ blob:https://www.primevideo.com/b2f8e196-434d-4d5c-bb6b-ba2ac1e05b62:1
[  173359ms] [WARNING] It is recommended that a robustness level be specified. Not specifying the robustness level could result in unexpected behavior. @ blob:https://www.primevideo.com/b2f8e196-434d-4d5c-bb6b-ba2ac1e05b62:1
[  173359ms] [WARNING] It is recommended that a robustness level be specified. Not specifying the robustness level could result in unexpected behavior. @ blob:https://www.primevideo.com/b2f8e196-434d-4d5c-bb6b-ba2ac1e05b62:1
[  174991ms] [WARNING] It is recommended that a robustness level be specified. Not specifying the robustness level could result in unexpected behavior. @ blob:https://www.primevideo.com/6c1deddc-6c1e-4466-adc7-1493fdbbf358:1
[  174991ms] [WARNING] It is recommended that a robustness level be specified. Not specifying the robustness level could result in unexpected behavior. @ blob:https://www.primevideo.com/6c1deddc-6c1e-4466-adc7-1493fdbbf358:1
[  174991ms] [WARNING] It is recommended that a robustness level be specified. Not specifying the robustness level could result in unexpected behavior. @ blob:https://www.primevideo.com/6c1deddc-6c1e-4466-adc7-1493fdbbf358:1
[  176643ms] [WARNING] It is recommended that a robustness level be specified. Not specifying the robustness level could result in unexpected behavior. @ blob:https://www.primevideo.com/439e23d0-a89c-44dd-8019-4783ece249b6:1
[  176644ms] [WARNING] It is recommended that a robustness level be specified. Not specifying the robustness level could result in unexpected behavior. @ blob:https://www.primevideo.com/439e23d0-a89c-44dd-8019-4783ece249b6:1
[  176644ms] [WARNING] It is recommended that a robustness level be specified. Not specifying the robustness level could result in unexpected behavior. @ blob:https://www.primevideo.com/439e23d0-a89c-44dd-8019-4783ece249b6:1
[  177842ms] [WARNING] It is recommended that a robustness level be specified. Not specifying the robustness level could result in unexpected behavior. @ blob:https://www.primevideo.com/d391840f-7c67-48e8-a7a1-f0e46df0dc7c:1
[  177842ms] [WARNING] It is recommended that a robustness level be specified. Not specifying the robustness level could result in unexpected behavior. @ blob:https://www.primevideo.com/d391840f-7c67-48e8-a7a1-f0e46df0dc7c:1
[  177843ms] [WARNING] It is recommended that a robustness level be specified. Not specifying the robustness level could result in unexpected behavior. @ blob:https://www.primevideo.com/d391840f-7c67-48e8-a7a1-f0e46df0dc7c:1
[  178375ms] [WARNING] It is recommended that a robustness level be specified. Not specifying the robustness level could result in unexpected behavior. @ blob:https://www.primevideo.com/b2f8e196-434d-4d5c-bb6b-ba2ac1e05b62:1
[  178375ms] [WARNING] It is recommended that a robustness level be specified. Not specifying the robustness level could result in unexpected behavior. @ blob:https://www.primevideo.com/b2f8e196-434d-4d5c-bb6b-ba2ac1e05b62:1
[  178375ms] [WARNING] It is recommended that a robustness level be specified. Not specifying the robustness level could result in unexpected behavior. @ blob:https://www.primevideo.com/b2f8e196-434d-4d5c-bb6b-ba2ac1e05b62:1
[  180007ms] [WARNING] It is recommended that a robustness level be specified. Not specifying the robustness level could result in unexpected behavior. @ blob:https://www.primevideo.com/6c1deddc-6c1e-4466-adc7-1493fdbbf358:1
[  180007ms] [WARNING] It is recommended that a robustness level be specified. Not specifying the robustness level could result in unexpected behavior. @ blob:https://www.primevideo.com/6c1deddc-6c1e-4466-adc7-1493fdbbf358:1
[  180007ms] [WARNING] It is recommended that a robustness level be specified. Not specifying the robustness level could result in unexpected behavior. @ blob:https://www.primevideo.com/6c1deddc-6c1e-4466-adc7-1493fdbbf358:1
[  181656ms] [WARNING] It is recommended that a robustness level be specified. Not specifying the robustness level could result in unexpected behavior. @ blob:https://www.primevideo.com/439e23d0-a89c-44dd-8019-4783ece249b6:1
[  181656ms] [WARNING] It is recommended that a robustness level be specified. Not specifying the robustness level could result in unexpected behavior. @ blob:https://www.primevideo.com/439e23d0-a89c-44dd-8019-4783ece249b6:1
[  181656ms] [WARNING] It is recommended that a robustness level be specified. Not specifying the robustness level could result in unexpected behavior. @ blob:https://www.primevideo.com/439e23d0-a89c-44dd-8019-4783ece249b6:1
[  182858ms] [WARNING] It is recommended that a robustness level be specified. Not specifying the robustness level could result in unexpected behavior. @ blob:https://www.primevideo.com/d391840f-7c67-48e8-a7a1-f0e46df0dc7c:1
[  182859ms] [WARNING] It is recommended that a robustness level be specified. Not specifying the robustness level could result in unexpected behavior. @ blob:https://www.primevideo.com/d391840f-7c67-48e8-a7a1-f0e46df0dc7c:1
[  182859ms] [WARNING] It is recommended that a robustness level be specified. Not specifying the robustness level could result in unexpected behavior. @ blob:https://www.primevideo.com/d391840f-7c67-48e8-a7a1-f0e46df0dc7c:1
[  183392ms] [WARNING] It is recommended that a robustness level be specified. Not specifying the robustness level could result in unexpected behavior. @ blob:https://www.primevideo.com/b2f8e196-434d-4d5c-bb6b-ba2ac1e05b62:1
[  183392ms] [WARNING] It is recommended that a robustness level be specified. Not specifying the robustness level could result in unexpected behavior. @ blob:https://www.primevideo.com/b2f8e196-434d-4d5c-bb6b-ba2ac1e05b62:1
[  183392ms] [WARNING] It is recommended that a robustness level be specified. Not specifying the robustness level could result in unexpected behavior. @ blob:https://www.primevideo.com/b2f8e196-434d-4d5c-bb6b-ba2ac1e05b62:1
[  185022ms] [WARNING] It is recommended that a robustness level be specified. Not specifying the robustness level could result in unexpected behavior. @ blob:https://www.primevideo.com/6c1deddc-6c1e-4466-adc7-1493fdbbf358:1
[  185023ms] [WARNING] It is recommended that a robustness level be specified. Not specifying the robustness level could result in unexpected behavior. @ blob:https://www.primevideo.com/6c1deddc-6c1e-4466-adc7-1493fdbbf358:1
[  185023ms] [WARNING] It is recommended that a robustness level be specified. Not specifying the robustness level could result in unexpected behavior. @ blob:https://www.primevideo.com/6c1deddc-6c1e-4466-adc7-1493fdbbf358:1
[  186658ms] [WARNING] It is recommended that a robustness level be specified. Not specifying the robustness level could result in unexpected behavior. @ blob:https://www.primevideo.com/439e23d0-a89c-44dd-8019-4783ece249b6:1
[  186658ms] [WARNING] It is recommended that a robustness level be specified. Not specifying the robustness level could result in unexpected behavior. @ blob:https://www.primevideo.com/439e23d0-a89c-44dd-8019-4783ece249b6:1
[  186658ms] [WARNING] It is recommended that a robustness level be specified. Not specifying the robustness level could result in unexpected behavior. @ blob:https://www.primevideo.com/439e23d0-a89c-44dd-8019-4783ece249b6:1
[  187863ms] [WARNING] It is recommended that a robustness level be specified. Not specifying the robustness level could result in unexpected behavior. @ blob:https://www.primevideo.com/d391840f-7c67-48e8-a7a1-f0e46df0dc7c:1
[  187864ms] [WARNING] It is recommended that a robustness level be specified. Not specifying the robustness level could result in unexpected behavior. @ blob:https://www.primevideo.com/d391840f-7c67-48e8-a7a1-f0e46df0dc7c:1
[  187864ms] [WARNING] It is recommended that a robustness level be specified. Not specifying the robustness level could result in unexpected behavior. @ blob:https://www.primevideo.com/d391840f-7c67-48e8-a7a1-f0e46df0dc7c:1
[  188408ms] [WARNING] It is recommended that a robustness level be specified. Not specifying the robustness level could result in unexpected behavior. @ blob:https://www.primevideo.com/b2f8e196-434d-4d5c-bb6b-ba2ac1e05b62:1
[  188408ms] [WARNING] It is recommended that a robustness level be specified. Not specifying the robustness level could result in unexpected behavior. @ blob:https://www.primevideo.com/b2f8e196-434d-4d5c-bb6b-ba2ac1e05b62:1
[  188408ms] [WARNING] It is recommended that a robustness level be specified. Not specifying the robustness level could result in unexpected behavior. @ blob:https://www.primevideo.com/b2f8e196-434d-4d5c-bb6b-ba2ac1e05b62:1
[  190039ms] [WARNING] It is recommended that a robustness level be specified. Not specifying the robustness level could result in unexpected behavior. @ blob:https://www.primevideo.com/6c1deddc-6c1e-4466-adc7-1493fdbbf358:1
[  190040ms] [WARNING] It is recommended that a robustness level be specified. Not specifying the robustness level could result in unexpected behavior. @ blob:https://www.primevideo.com/6c1deddc-6c1e-4466-adc7-1493fdbbf358:1
[  190040ms] [WARNING] It is recommended that a robustness level be specified. Not specifying the robustness level could result in unexpected behavior. @ blob:https://www.primevideo.com/6c1deddc-6c1e-4466-adc7-1493fdbbf358:1
[  191673ms] [WARNING] It is recommended that a robustness level be specified. Not specifying the robustness level could result in unexpected behavior. @ blob:https://www.primevideo.com/439e23d0-a89c-44dd-8019-4783ece249b6:1
[  191673ms] [WARNING] It is recommended that a robustness level be specified. Not specifying the robustness level could result in unexpected behavior. @ blob:https://www.primevideo.com/439e23d0-a89c-44dd-8019-4783ece249b6:1
[  191673ms] [WARNING] It is recommended that a robustness level be specified. Not specifying the robustness level could result in unexpected behavior. @ blob:https://www.primevideo.com/439e23d0-a89c-44dd-8019-4783ece249b6:1
[  192868ms] [WARNING] It is recommended that a robustness level be specified. Not specifying the robustness level could result in unexpected behavior. @ blob:https://www.primevideo.com/d391840f-7c67-48e8-a7a1-f0e46df0dc7c:1
[  192868ms] [WARNING] It is recommended that a robustness level be specified. Not specifying the robustness level could result in unexpected behavior. @ blob:https://www.primevideo.com/d391840f-7c67-48e8-a7a1-f0e46df0dc7c:1
[  192869ms] [WARNING] It is recommended that a robustness level be specified. Not specifying the robustness level could result in unexpected behavior. @ blob:https://www.primevideo.com/d391840f-7c67-48e8-a7a1-f0e46df0dc7c:1
[  193418ms] [WARNING] It is recommended that a robustness level be specified. Not specifying the robustness level could result in unexpected behavior. @ blob:https://www.primevideo.com/b2f8e196-434d-4d5c-bb6b-ba2ac1e05b62:1
[  193418ms] [WARNING] It is recommended that a robustness level be specified. Not specifying the robustness level could result in unexpected behavior. @ blob:https://www.primevideo.com/b2f8e196-434d-4d5c-bb6b-ba2ac1e05b62:1
[  193418ms] [WARNING] It is recommended that a robustness level be specified. Not specifying the robustness level could result in unexpected behavior. @ blob:https://www.primevideo.com/b2f8e196-434d-4d5c-bb6b-ba2ac1e05b62:1
[  195042ms] [WARNING] It is recommended that a robustness level be specified. Not specifying the robustness level could result in unexpected behavior. @ blob:https://www.primevideo.com/6c1deddc-6c1e-4466-adc7-1493fdbbf358:1
[  195042ms] [WARNING] It is recommended that a robustness level be specified. Not specifying the robustness level could result in unexpected behavior. @ blob:https://www.primevideo.com/6c1deddc-6c1e-4466-adc7-1493fdbbf358:1
[  195042ms] [WARNING] It is recommended that a robustness level be specified. Not specifying the robustness level could result in unexpected behavior. @ blob:https://www.primevideo.com/6c1deddc-6c1e-4466-adc7-1493fdbbf358:1
[  196689ms] [WARNING] It is recommended that a robustness level be specified. Not specifying the robustness level could result in unexpected behavior. @ blob:https://www.primevideo.com/439e23d0-a89c-44dd-8019-4783ece249b6:1
[  196689ms] [WARNING] It is recommended that a robustness level be specified. Not specifying the robustness level could result in unexpected behavior. @ blob:https://www.primevideo.com/439e23d0-a89c-44dd-8019-4783ece249b6:1
[  196689ms] [WARNING] It is recommended that a robustness level be specified. Not specifying the robustness level could result in unexpected behavior. @ blob:https://www.primevideo.com/439e23d0-a89c-44dd-8019-4783ece249b6:1
[  197883ms] [WARNING] It is recommended that a robustness level be specified. Not specifying the robustness level could result in unexpected behavior. @ blob:https://www.primevideo.com/d391840f-7c67-48e8-a7a1-f0e46df0dc7c:1
[  197883ms] [WARNING] It is recommended that a robustness level be specified. Not specifying the robustness level could result in unexpected behavior. @ blob:https://www.primevideo.com/d391840f-7c67-48e8-a7a1-f0e46df0dc7c:1
[  197883ms] [WARNING] It is recommended that a robustness level be specified. Not specifying the robustness level could result in unexpected behavior. @ blob:https://www.primevideo.com/d391840f-7c67-48e8-a7a1-f0e46df0dc7c:1
[  198421ms] [WARNING] It is recommended that a robustness level be specified. Not specifying the robustness level could result in unexpected behavior. @ blob:https://www.primevideo.com/b2f8e196-434d-4d5c-bb6b-ba2ac1e05b62:1
[  198422ms] [WARNING] It is recommended that a robustness level be specified. Not specifying the robustness level could result in unexpected behavior. @ blob:https://www.primevideo.com/b2f8e196-434d-4d5c-bb6b-ba2ac1e05b62:1
[  198422ms] [WARNING] It is recommended that a robustness level be specified. Not specifying the robustness level could result in unexpected behavior. @ blob:https://www.primevideo.com/b2f8e196-434d-4d5c-bb6b-ba2ac1e05b62:1
[  200050ms] [WARNING] It is recommended that a robustness level be specified. Not specifying the robustness level could result in unexpected behavior. @ blob:https://www.primevideo.com/6c1deddc-6c1e-4466-adc7-1493fdbbf358:1
[  200050ms] [WARNING] It is recommended that a robustness level be specified. Not specifying the robustness level could result in unexpected behavior. @ blob:https://www.primevideo.com/6c1deddc-6c1e-4466-adc7-1493fdbbf358:1
[  200050ms] [WARNING] It is recommended that a robustness level be specified. Not specifying the robustness level could result in unexpected behavior. @ blob:https://www.primevideo.com/6c1deddc-6c1e-4466-adc7-1493fdbbf358:1
[  201690ms] [WARNING] It is recommended that a robustness level be specified. Not specifying the robustness level could result in unexpected behavior. @ blob:https://www.primevideo.com/439e23d0-a89c-44dd-8019-4783ece249b6:1
[  201690ms] [WARNING] It is recommended that a robustness level be specified. Not specifying the robustness level could result in unexpected behavior. @ blob:https://www.primevideo.com/439e23d0-a89c-44dd-8019-4783ece249b6:1
[  201690ms] [WARNING] It is recommended that a robustness level be specified. Not specifying the robustness level could result in unexpected behavior. @ blob:https://www.primevideo.com/439e23d0-a89c-44dd-8019-4783ece249b6:1
[  202885ms] [WARNING] It is recommended that a robustness level be specified. Not specifying the robustness level could result in unexpected behavior. @ blob:https://www.primevideo.com/d391840f-7c67-48e8-a7a1-f0e46df0dc7c:1
[  202886ms] [WARNING] It is recommended that a robustness level be specified. Not specifying the robustness level could result in unexpected behavior. @ blob:https://www.primevideo.com/d391840f-7c67-48e8-a7a1-f0e46df0dc7c:1
[  202886ms] [WARNING] It is recommended that a robustness level be specified. Not specifying the robustness level could result in unexpected behavior. @ blob:https://www.primevideo.com/d391840f-7c67-48e8-a7a1-f0e46df0dc7c:1
[  203437ms] [WARNING] It is recommended that a robustness level be specified. Not specifying the robustness level could result in unexpected behavior. @ blob:https://www.primevideo.com/b2f8e196-434d-4d5c-bb6b-ba2ac1e05b62:1
[  203437ms] [WARNING] It is recommended that a robustness level be specified. Not specifying the robustness level could result in unexpected behavior. @ blob:https://www.primevideo.com/b2f8e196-434d-4d5c-bb6b-ba2ac1e05b62:1
[  203437ms] [WARNING] It is recommended that a robustness level be specified. Not specifying the robustness level could result in unexpected behavior. @ blob:https://www.primevideo.com/b2f8e196-434d-4d5c-bb6b-ba2ac1e05b62:1
[  205053ms] [WARNING] It is recommended that a robustness level be specified. Not specifying the robustness level could result in unexpected behavior. @ blob:https://www.primevideo.com/6c1deddc-6c1e-4466-adc7-1493fdbbf358:1
[  205053ms] [WARNING] It is recommended that a robustness level be specified. Not specifying the robustness level could result in unexpected behavior. @ blob:https://www.primevideo.com/6c1deddc-6c1e-4466-adc7-1493fdbbf358:1
[  205053ms] [WARNING] It is recommended that a robustness level be specified. Not specifying the robustness level could result in unexpected behavior. @ blob:https://www.primevideo.com/6c1deddc-6c1e-4466-adc7-1493fdbbf358:1
[  206705ms] [WARNING] It is recommended that a robustness level be specified. Not specifying the robustness level could result in unexpected behavior. @ blob:https://www.primevideo.com/439e23d0-a89c-44dd-8019-4783ece249b6:1
[  206705ms] [WARNING] It is recommended that a robustness level be specified. Not specifying the robustness level could result in unexpected behavior. @ blob:https://www.primevideo.com/439e23d0-a89c-44dd-8019-4783ece249b6:1
[  206705ms] [WARNING] It is recommended that a robustness level be specified. Not specifying the robustness level could result in unexpected behavior. @ blob:https://www.primevideo.com/439e23d0-a89c-44dd-8019-4783ece249b6:1
[  207902ms] [WARNING] It is recommended that a robustness level be specified. Not specifying the robustness level could result in unexpected behavior. @ blob:https://www.primevideo.com/d391840f-7c67-48e8-a7a1-f0e46df0dc7c:1
[  207902ms] [WARNING] It is recommended that a robustness level be specified. Not specifying the robustness level could result in unexpected behavior. @ blob:https://www.primevideo.com/d391840f-7c67-48e8-a7a1-f0e46df0dc7c:1
[  207902ms] [WARNING] It is recommended that a robustness level be specified. Not specifying the robustness level could result in unexpected behavior. @ blob:https://www.primevideo.com/d391840f-7c67-48e8-a7a1-f0e46df0dc7c:1
[  208450ms] [WARNING] It is recommended that a robustness level be specified. Not specifying the robustness level could result in unexpected behavior. @ blob:https://www.primevideo.com/b2f8e196-434d-4d5c-bb6b-ba2ac1e05b62:1
[  208450ms] [WARNING] It is recommended that a robustness level be specified. Not specifying the robustness level could result in unexpected behavior. @ blob:https://www.primevideo.com/b2f8e196-434d-4d5c-bb6b-ba2ac1e05b62:1
[  208450ms] [WARNING] It is recommended that a robustness level be specified. Not specifying the robustness level could result in unexpected behavior. @ blob:https://www.primevideo.com/b2f8e196-434d-4d5c-bb6b-ba2ac1e05b62:1
[  210068ms] [WARNING] It is recommended that a robustness level be specified. Not specifying the robustness level could result in unexpected behavior. @ blob:https://www.primevideo.com/6c1deddc-6c1e-4466-adc7-1493fdbbf358:1
[  210068ms] [WARNING] It is recommended that a robustness level be specified. Not specifying the robustness level could result in unexpected behavior. @ blob:https://www.primevideo.com/6c1deddc-6c1e-4466-adc7-1493fdbbf358:1
[  210068ms] [WARNING] It is recommended that a robustness level be specified. Not specifying the robustness level could result in unexpected behavior. @ blob:https://www.primevideo.com/6c1deddc-6c1e-4466-adc7-1493fdbbf358:1
[  211719ms] [WARNING] It is recommended that a robustness level be specified. Not specifying the robustness level could result in unexpected behavior. @ blob:https://www.primevideo.com/439e23d0-a89c-44dd-8019-4783ece249b6:1
[  211719ms] [WARNING] It is recommended that a robustness level be specified. Not specifying the robustness level could result in unexpected behavior. @ blob:https://www.primevideo.com/439e23d0-a89c-44dd-8019-4783ece249b6:1
[  211719ms] [WARNING] It is recommended that a robustness level be specified. Not specifying the robustness level could result in unexpected behavior. @ blob:https://www.primevideo.com/439e23d0-a89c-44dd-8019-4783ece249b6:1
[  212919ms] [WARNING] It is recommended that a robustness level be specified. Not specifying the robustness level could result in unexpected behavior. @ blob:https://www.primevideo.com/d391840f-7c67-48e8-a7a1-f0e46df0dc7c:1
[  212919ms] [WARNING] It is recommended that a robustness level be specified. Not specifying the robustness level could result in unexpected behavior. @ blob:https://www.primevideo.com/d391840f-7c67-48e8-a7a1-f0e46df0dc7c:1
[  212919ms] [WARNING] It is recommended that a robustness level be specified. Not specifying the robustness level could result in unexpected behavior. @ blob:https://www.primevideo.com/d391840f-7c67-48e8-a7a1-f0e46df0dc7c:1
[  213471ms] [WARNING] It is recommended that a robustness level be specified. Not specifying the robustness level could result in unexpected behavior. @ blob:https://www.primevideo.com/b2f8e196-434d-4d5c-bb6b-ba2ac1e05b62:1
[  213471ms] [WARNING] It is recommended that a robustness level be specified. Not specifying the robustness level could result in unexpected behavior. @ blob:https://www.primevideo.com/b2f8e196-434d-4d5c-bb6b-ba2ac1e05b62:1
[  213472ms] [WARNING] It is recommended that a robustness level be specified. Not specifying the robustness level could result in unexpected behavior. @ blob:https://www.primevideo.com/b2f8e196-434d-4d5c-bb6b-ba2ac1e05b62:1
[  215084ms] [WARNING] It is recommended that a robustness level be specified. Not specifying the robustness level could result in unexpected behavior. @ blob:https://www.primevideo.com/6c1deddc-6c1e-4466-adc7-1493fdbbf358:1
[  215085ms] [WARNING] It is recommended that a robustness level be specified. Not specifying the robustness level could result in unexpected behavior. @ blob:https://www.primevideo.com/6c1deddc-6c1e-4466-adc7-1493fdbbf358:1
[  215085ms] [WARNING] It is recommended that a robustness level be specified. Not specifying the robustness level could result in unexpected behavior. @ blob:https://www.primevideo.com/6c1deddc-6c1e-4466-adc7-1493fdbbf358:1
[  216721ms] [WARNING] It is recommended that a robustness level be specified. Not specifying the robustness level could result in unexpected behavior. @ blob:https://www.primevideo.com/439e23d0-a89c-44dd-8019-4783ece249b6:1
[  216721ms] [WARNING] It is recommended that a robustness level be specified. Not specifying the robustness level could result in unexpected behavior. @ blob:https://www.primevideo.com/439e23d0-a89c-44dd-8019-4783ece249b6:1
[  216721ms] [WARNING] It is recommended that a robustness level be specified. Not specifying the robustness level could result in unexpected behavior. @ blob:https://www.primevideo.com/439e23d0-a89c-44dd-8019-4783ece249b6:1
[  217921ms] [WARNING] It is recommended that a robustness level be specified. Not specifying the robustness level could result in unexpected behavior. @ blob:https://www.primevideo.com/d391840f-7c67-48e8-a7a1-f0e46df0dc7c:1
[  217921ms] [WARNING] It is recommended that a robustness level be specified. Not specifying the robustness level could result in unexpected behavior. @ blob:https://www.primevideo.com/d391840f-7c67-48e8-a7a1-f0e46df0dc7c:1
[  217921ms] [WARNING] It is recommended that a robustness level be specified. Not specifying the robustness level could result in unexpected behavior. @ blob:https://www.primevideo.com/d391840f-7c67-48e8-a7a1-f0e46df0dc7c:1
[  218485ms] [WARNING] It is recommended that a robustness level be specified. Not specifying the robustness level could result in unexpected behavior. @ blob:https://www.primevideo.com/b2f8e196-434d-4d5c-bb6b-ba2ac1e05b62:1
[  218485ms] [WARNING] It is recommended that a robustness level be specified. Not specifying the robustness level could result in unexpected behavior. @ blob:https://www.primevideo.com/b2f8e196-434d-4d5c-bb6b-ba2ac1e05b62:1
[  218485ms] [WARNING] It is recommended that a robustness level be specified. Not specifying the robustness level could result in unexpected behavior. @ blob:https://www.primevideo.com/b2f8e196-434d-4d5c-bb6b-ba2ac1e05b62:1
[  220102ms] [WARNING] It is recommended that a robustness level be specified. Not specifying the robustness level could result in unexpected behavior. @ blob:https://www.primevideo.com/6c1deddc-6c1e-4466-adc7-1493fdbbf358:1
[  220102ms] [WARNING] It is recommended that a robustness level be specified. Not specifying the robustness level could result in unexpected behavior. @ blob:https://www.primevideo.com/6c1deddc-6c1e-4466-adc7-1493fdbbf358:1
[  220102ms] [WARNING] It is recommended that a robustness level be specified. Not specifying the robustness level could result in unexpected behavior. @ blob:https://www.primevideo.com/6c1deddc-6c1e-4466-adc7-1493fdbbf358:1
[  221737ms] [WARNING] It is recommended that a robustness level be specified. Not specifying the robustness level could result in unexpected behavior. @ blob:https://www.primevideo.com/439e23d0-a89c-44dd-8019-4783ece249b6:1
[  221737ms] [WARNING] It is recommended that a robustness level be specified. Not specifying the robustness level could result in unexpected behavior. @ blob:https://www.primevideo.com/439e23d0-a89c-44dd-8019-4783ece249b6:1
[  221737ms] [WARNING] It is recommended that a robustness level be specified. Not specifying the robustness level could result in unexpected behavior. @ blob:https://www.primevideo.com/439e23d0-a89c-44dd-8019-4783ece249b6:1
[  222934ms] [WARNING] It is recommended that a robustness level be specified. Not specifying the robustness level could result in unexpected behavior. @ blob:https://www.primevideo.com/d391840f-7c67-48e8-a7a1-f0e46df0dc7c:1
[  222935ms] [WARNING] It is recommended that a robustness level be specified. Not specifying the robustness level could result in unexpected behavior. @ blob:https://www.primevideo.com/d391840f-7c67-48e8-a7a1-f0e46df0dc7c:1
[  222935ms] [WARNING] It is recommended that a robustness level be specified. Not specifying the robustness level could result in unexpected behavior. @ blob:https://www.primevideo.com/d391840f-7c67-48e8-a7a1-f0e46df0dc7c:1
[  223488ms] [WARNING] It is recommended that a robustness level be specified. Not specifying the robustness level could result in unexpected behavior. @ blob:https://www.primevideo.com/b2f8e196-434d-4d5c-bb6b-ba2ac1e05b62:1
[  223488ms] [WARNING] It is recommended that a robustness level be specified. Not specifying the robustness level could result in unexpected behavior. @ blob:https://www.primevideo.com/b2f8e196-434d-4d5c-bb6b-ba2ac1e05b62:1
[  223488ms] [WARNING] It is recommended that a robustness level be specified. Not specifying the robustness level could result in unexpected behavior. @ blob:https://www.primevideo.com/b2f8e196-434d-4d5c-bb6b-ba2ac1e05b62:1
[  225103ms] [WARNING] It is recommended that a robustness level be specified. Not specifying the robustness level could result in unexpected behavior. @ blob:https://www.primevideo.com/6c1deddc-6c1e-4466-adc7-1493fdbbf358:1
[  225103ms] [WARNING] It is recommended that a robustness level be specified. Not specifying the robustness level could result in unexpected behavior. @ blob:https://www.primevideo.com/6c1deddc-6c1e-4466-adc7-1493fdbbf358:1
[  225103ms] [WARNING] It is recommended that a robustness level be specified. Not specifying the robustness level could result in unexpected behavior. @ blob:https://www.primevideo.com/6c1deddc-6c1e-4466-adc7-1493fdbbf358:1
[  226753ms] [WARNING] It is recommended that a robustness level be specified. Not specifying the robustness level could result in unexpected behavior. @ blob:https://www.primevideo.com/439e23d0-a89c-44dd-8019-4783ece249b6:1
[  226753ms] [WARNING] It is recommended that a robustness level be specified. Not specifying the robustness level could result in unexpected behavior. @ blob:https://www.primevideo.com/439e23d0-a89c-44dd-8019-4783ece249b6:1
[  226753ms] [WARNING] It is recommended that a robustness level be specified. Not specifying the robustness level could result in unexpected behavior. @ blob:https://www.primevideo.com/439e23d0-a89c-44dd-8019-4783ece249b6:1
[  227937ms] [WARNING] It is recommended that a robustness level be specified. Not specifying the robustness level could result in unexpected behavior. @ blob:https://www.primevideo.com/d391840f-7c67-48e8-a7a1-f0e46df0dc7c:1
[  227937ms] [WARNING] It is recommended that a robustness level be specified. Not specifying the robustness level could result in unexpected behavior. @ blob:https://www.primevideo.com/d391840f-7c67-48e8-a7a1-f0e46df0dc7c:1
[  227937ms] [WARNING] It is recommended that a robustness level be specified. Not specifying the robustness level could result in unexpected behavior. @ blob:https://www.primevideo.com/d391840f-7c67-48e8-a7a1-f0e46df0dc7c:1
[  228500ms] [WARNING] It is recommended that a robustness level be specified. Not specifying the robustness level could result in unexpected behavior. @ blob:https://www.primevideo.com/b2f8e196-434d-4d5c-bb6b-ba2ac1e05b62:1
[  228500ms] [WARNING] It is recommended that a robustness level be specified. Not specifying the robustness level could result in unexpected behavior. @ blob:https://www.primevideo.com/b2f8e196-434d-4d5c-bb6b-ba2ac1e05b62:1
[  228500ms] [WARNING] It is recommended that a robustness level be specified. Not specifying the robustness level could result in unexpected behavior. @ blob:https://www.primevideo.com/b2f8e196-434d-4d5c-bb6b-ba2ac1e05b62:1
[  230118ms] [WARNING] It is recommended that a robustness level be specified. Not specifying the robustness level could result in unexpected behavior. @ blob:https://www.primevideo.com/6c1deddc-6c1e-4466-adc7-1493fdbbf358:1
[  230119ms] [WARNING] It is recommended that a robustness level be specified. Not specifying the robustness level could result in unexpected behavior. @ blob:https://www.primevideo.com/6c1deddc-6c1e-4466-adc7-1493fdbbf358:1
[  230119ms] [WARNING] It is recommended that a robustness level be specified. Not specifying the robustness level could result in unexpected behavior. @ blob:https://www.primevideo.com/6c1deddc-6c1e-4466-adc7-1493fdbbf358:1
[  231761ms] [WARNING] It is recommended that a robustness level be specified. Not specifying the robustness level could result in unexpected behavior. @ blob:https://www.primevideo.com/439e23d0-a89c-44dd-8019-4783ece249b6:1
[  231761ms] [WARNING] It is recommended that a robustness level be specified. Not specifying the robustness level could result in unexpected behavior. @ blob:https://www.primevideo.com/439e23d0-a89c-44dd-8019-4783ece249b6:1
[  231761ms] [WARNING] It is recommended that a robustness level be specified. Not specifying the robustness level could result in unexpected behavior. @ blob:https://www.primevideo.com/439e23d0-a89c-44dd-8019-4783ece249b6:1
[  232951ms] [WARNING] It is recommended that a robustness level be specified. Not specifying the robustness level could result in unexpected behavior. @ blob:https://www.primevideo.com/d391840f-7c67-48e8-a7a1-f0e46df0dc7c:1
[  232951ms] [WARNING] It is recommended that a robustness level be specified. Not specifying the robustness level could result in unexpected behavior. @ blob:https://www.primevideo.com/d391840f-7c67-48e8-a7a1-f0e46df0dc7c:1
[  232951ms] [WARNING] It is recommended that a robustness level be specified. Not specifying the robustness level could result in unexpected behavior. @ blob:https://www.primevideo.com/d391840f-7c67-48e8-a7a1-f0e46df0dc7c:1
[  233517ms] [WARNING] It is recommended that a robustness level be specified. Not specifying the robustness level could result in unexpected behavior. @ blob:https://www.primevideo.com/b2f8e196-434d-4d5c-bb6b-ba2ac1e05b62:1
[  233517ms] [WARNING] It is recommended that a robustness level be specified. Not specifying the robustness level could result in unexpected behavior. @ blob:https://www.primevideo.com/b2f8e196-434d-4d5c-bb6b-ba2ac1e05b62:1
[  233517ms] [WARNING] It is recommended that a robustness level be specified. Not specifying the robustness level could result in unexpected behavior. @ blob:https://www.primevideo.com/b2f8e196-434d-4d5c-bb6b-ba2ac1e05b62:1
[  235135ms] [WARNING] It is recommended that a robustness level be specified. Not specifying the robustness level could result in unexpected behavior. @ blob:https://www.primevideo.com/6c1deddc-6c1e-4466-adc7-1493fdbbf358:1
[  235135ms] [WARNING] It is recommended that a robustness level be specified. Not specifying the robustness level could result in unexpected behavior. @ blob:https://www.primevideo.com/6c1deddc-6c1e-4466-adc7-1493fdbbf358:1
[  235135ms] [WARNING] It is recommended that a robustness level be specified. Not specifying the robustness level could result in unexpected behavior. @ blob:https://www.primevideo.com/6c1deddc-6c1e-4466-adc7-1493fdbbf358:1
[  236762ms] [WARNING] It is recommended that a robustness level be specified. Not specifying the robustness level could result in unexpected behavior. @ blob:https://www.primevideo.com/439e23d0-a89c-44dd-8019-4783ece249b6:1
[  236763ms] [WARNING] It is recommended that a robustness level be specified. Not specifying the robustness level could result in unexpected behavior. @ blob:https://www.primevideo.com/439e23d0-a89c-44dd-8019-4783ece249b6:1
[  236763ms] [WARNING] It is recommended that a robustness level be specified. Not specifying the robustness level could result in unexpected behavior. @ blob:https://www.primevideo.com/439e23d0-a89c-44dd-8019-4783ece249b6:1
[  237966ms] [WARNING] It is recommended that a robustness level be specified. Not specifying the robustness level could result in unexpected behavior. @ blob:https://www.primevideo.com/d391840f-7c67-48e8-a7a1-f0e46df0dc7c:1
[  237966ms] [WARNING] It is recommended that a robustness level be specified. Not specifying the robustness level could result in unexpected behavior. @ blob:https://www.primevideo.com/d391840f-7c67-48e8-a7a1-f0e46df0dc7c:1
[  237966ms] [WARNING] It is recommended that a robustness level be specified. Not specifying the robustness level could result in unexpected behavior. @ blob:https://www.primevideo.com/d391840f-7c67-48e8-a7a1-f0e46df0dc7c:1
[  238533ms] [WARNING] It is recommended that a robustness level be specified. Not specifying the robustness level could result in unexpected behavior. @ blob:https://www.primevideo.com/b2f8e196-434d-4d5c-bb6b-ba2ac1e05b62:1
[  238533ms] [WARNING] It is recommended that a robustness level be specified. Not specifying the robustness level could result in unexpected behavior. @ blob:https://www.primevideo.com/b2f8e196-434d-4d5c-bb6b-ba2ac1e05b62:1
[  238533ms] [WARNING] It is recommended that a robustness level be specified. Not specifying the robustness level could result in unexpected behavior. @ blob:https://www.primevideo.com/b2f8e196-434d-4d5c-bb6b-ba2ac1e05b62:1
[  240137ms] [WARNING] It is recommended that a robustness level be specified. Not specifying the robustness level could result in unexpected behavior. @ blob:https://www.primevideo.com/6c1deddc-6c1e-4466-adc7-1493fdbbf358:1
[  240138ms] [WARNING] It is recommended that a robustness level be specified. Not specifying the robustness level could result in unexpected behavior. @ blob:https://www.primevideo.com/6c1deddc-6c1e-4466-adc7-1493fdbbf358:1
[  240138ms] [WARNING] It is recommended that a robustness level be specified. Not specifying the robustness level could result in unexpected behavior. @ blob:https://www.primevideo.com/6c1deddc-6c1e-4466-adc7-1493fdbbf358:1
[  241765ms] [WARNING] It is recommended that a robustness level be specified. Not specifying the robustness level could result in unexpected behavior. @ blob:https://www.primevideo.com/439e23d0-a89c-44dd-8019-4783ece249b6:1
[  241765ms] [WARNING] It is recommended that a robustness level be specified. Not specifying the robustness level could result in unexpected behavior. @ blob:https://www.primevideo.com/439e23d0-a89c-44dd-8019-4783ece249b6:1
[  241765ms] [WARNING] It is recommended that a robustness level be specified. Not specifying the robustness level could result in unexpected behavior. @ blob:https://www.primevideo.com/439e23d0-a89c-44dd-8019-4783ece249b6:1
[  242981ms] [WARNING] It is recommended that a robustness level be specified. Not specifying the robustness level could result in unexpected behavior. @ blob:https://www.primevideo.com/d391840f-7c67-48e8-a7a1-f0e46df0dc7c:1
[  242981ms] [WARNING] It is recommended that a robustness level be specified. Not specifying the robustness level could result in unexpected behavior. @ blob:https://www.primevideo.com/d391840f-7c67-48e8-a7a1-f0e46df0dc7c:1
[  242981ms] [WARNING] It is recommended that a robustness level be specified. Not specifying the robustness level could result in unexpected behavior. @ blob:https://www.primevideo.com/d391840f-7c67-48e8-a7a1-f0e46df0dc7c:1
[  243549ms] [WARNING] It is recommended that a robustness level be specified. Not specifying the robustness level could result in unexpected behavior. @ blob:https://www.primevideo.com/b2f8e196-434d-4d5c-bb6b-ba2ac1e05b62:1
[  243549ms] [WARNING] It is recommended that a robustness level be specified. Not specifying the robustness level could result in unexpected behavior. @ blob:https://www.primevideo.com/b2f8e196-434d-4d5c-bb6b-ba2ac1e05b62:1
[  243549ms] [WARNING] It is recommended that a robustness level be specified. Not specifying the robustness level could result in unexpected behavior. @ blob:https://www.primevideo.com/b2f8e196-434d-4d5c-bb6b-ba2ac1e05b62:1
[  245148ms] [WARNING] It is recommended that a robustness level be specified. Not specifying the robustness level could result in unexpected behavior. @ blob:https://www.primevideo.com/6c1deddc-6c1e-4466-adc7-1493fdbbf358:1
[  245148ms] [WARNING] It is recommended that a robustness level be specified. Not specifying the robustness level could result in unexpected behavior. @ blob:https://www.primevideo.com/6c1deddc-6c1e-4466-adc7-1493fdbbf358:1
[  245148ms] [WARNING] It is recommended that a robustness level be specified. Not specifying the robustness level could result in unexpected behavior. @ blob:https://www.primevideo.com/6c1deddc-6c1e-4466-adc7-1493fdbbf358:1
[  246770ms] [WARNING] It is recommended that a robustness level be specified. Not specifying the robustness level could result in unexpected behavior. @ blob:https://www.primevideo.com/439e23d0-a89c-44dd-8019-4783ece249b6:1
[  246770ms] [WARNING] It is recommended that a robustness level be specified. Not specifying the robustness level could result in unexpected behavior. @ blob:https://www.primevideo.com/439e23d0-a89c-44dd-8019-4783ece249b6:1
[  246771ms] [WARNING] It is recommended that a robustness level be specified. Not specifying the robustness level could result in unexpected behavior. @ blob:https://www.primevideo.com/439e23d0-a89c-44dd-8019-4783ece249b6:1
[  247983ms] [WARNING] It is recommended that a robustness level be specified. Not specifying the robustness level could result in unexpected behavior. @ blob:https://www.primevideo.com/d391840f-7c67-48e8-a7a1-f0e46df0dc7c:1
[  247984ms] [WARNING] It is recommended that a robustness level be specified. Not specifying the robustness level could result in unexpected behavior. @ blob:https://www.primevideo.com/d391840f-7c67-48e8-a7a1-f0e46df0dc7c:1
[  247984ms] [WARNING] It is recommended that a robustness level be specified. Not specifying the robustness level could result in unexpected behavior. @ blob:https://www.primevideo.com/d391840f-7c67-48e8-a7a1-f0e46df0dc7c:1
[  248553ms] [WARNING] It is recommended that a robustness level be specified. Not specifying the robustness level could result in unexpected behavior. @ blob:https://www.primevideo.com/b2f8e196-434d-4d5c-bb6b-ba2ac1e05b62:1
[  248553ms] [WARNING] It is recommended that a robustness level be specified. Not specifying the robustness level could result in unexpected behavior. @ blob:https://www.primevideo.com/b2f8e196-434d-4d5c-bb6b-ba2ac1e05b62:1
[  248553ms] [WARNING] It is recommended that a robustness level be specified. Not specifying the robustness level could result in unexpected behavior. @ blob:https://www.primevideo.com/b2f8e196-434d-4d5c-bb6b-ba2ac1e05b62:1
[  250150ms] [WARNING] It is recommended that a robustness level be specified. Not specifying the robustness level could result in unexpected behavior. @ blob:https://www.primevideo.com/6c1deddc-6c1e-4466-adc7-1493fdbbf358:1
[  250150ms] [WARNING] It is recommended that a robustness level be specified. Not specifying the robustness level could result in unexpected behavior. @ blob:https://www.primevideo.com/6c1deddc-6c1e-4466-adc7-1493fdbbf358:1
[  250150ms] [WARNING] It is recommended that a robustness level be specified. Not specifying the robustness level could result in unexpected behavior. @ blob:https://www.primevideo.com/6c1deddc-6c1e-4466-adc7-1493fdbbf358:1
[  251776ms] [WARNING] It is recommended that a robustness level be specified. Not specifying the robustness level could result in unexpected behavior. @ blob:https://www.primevideo.com/439e23d0-a89c-44dd-8019-4783ece249b6:1
[  251776ms] [WARNING] It is recommended that a robustness level be specified. Not specifying the robustness level could result in unexpected behavior. @ blob:https://www.primevideo.com/439e23d0-a89c-44dd-8019-4783ece249b6:1
[  251776ms] [WARNING] It is recommended that a robustness level be specified. Not specifying the robustness level could result in unexpected behavior. @ blob:https://www.primevideo.com/439e23d0-a89c-44dd-8019-4783ece249b6:1
[  252997ms] [WARNING] It is recommended that a robustness level be specified. Not specifying the robustness level could result in unexpected behavior. @ blob:https://www.primevideo.com/d391840f-7c67-48e8-a7a1-f0e46df0dc7c:1
[  252998ms] [WARNING] It is recommended that a robustness level be specified. Not specifying the robustness level could result in unexpected behavior. @ blob:https://www.primevideo.com/d391840f-7c67-48e8-a7a1-f0e46df0dc7c:1
[  252998ms] [WARNING] It is recommended that a robustness level be specified. Not specifying the robustness level could result in unexpected behavior. @ blob:https://www.primevideo.com/d391840f-7c67-48e8-a7a1-f0e46df0dc7c:1
[  253564ms] [WARNING] It is recommended that a robustness level be specified. Not specifying the robustness level could result in unexpected behavior. @ blob:https://www.primevideo.com/b2f8e196-434d-4d5c-bb6b-ba2ac1e05b62:1
[  253564ms] [WARNING] It is recommended that a robustness level be specified. Not specifying the robustness level could result in unexpected behavior. @ blob:https://www.primevideo.com/b2f8e196-434d-4d5c-bb6b-ba2ac1e05b62:1
[  253564ms] [WARNING] It is recommended that a robustness level be specified. Not specifying the robustness level could result in unexpected behavior. @ blob:https://www.primevideo.com/b2f8e196-434d-4d5c-bb6b-ba2ac1e05b62:1
[  255151ms] [WARNING] It is recommended that a robustness level be specified. Not specifying the robustness level could result in unexpected behavior. @ blob:https://www.primevideo.com/6c1deddc-6c1e-4466-adc7-1493fdbbf358:1
[  255152ms] [WARNING] It is recommended that a robustness level be specified. Not specifying the robustness level could result in unexpected behavior. @ blob:https://www.primevideo.com/6c1deddc-6c1e-4466-adc7-1493fdbbf358:1
[  255152ms] [WARNING] It is recommended that a robustness level be specified. Not specifying the robustness level could result in unexpected behavior. @ blob:https://www.primevideo.com/6c1deddc-6c1e-4466-adc7-1493fdbbf358:1
[  256781ms] [WARNING] It is recommended that a robustness level be specified. Not specifying the robustness level could result in unexpected behavior. @ blob:https://www.primevideo.com/439e23d0-a89c-44dd-8019-4783ece249b6:1
[  256781ms] [WARNING] It is recommended that a robustness level be specified. Not specifying the robustness level could result in unexpected behavior. @ blob:https://www.primevideo.com/439e23d0-a89c-44dd-8019-4783ece249b6:1
[  256781ms] [WARNING] It is recommended that a robustness level be specified. Not specifying the robustness level could result in unexpected behavior. @ blob:https://www.primevideo.com/439e23d0-a89c-44dd-8019-4783ece249b6:1
[  258006ms] [WARNING] It is recommended that a robustness level be specified. Not specifying the robustness level could result in unexpected behavior. @ blob:https://www.primevideo.com/d391840f-7c67-48e8-a7a1-f0e46df0dc7c:1
[  258007ms] [WARNING] It is recommended that a robustness level be specified. Not specifying the robustness level could result in unexpected behavior. @ blob:https://www.primevideo.com/d391840f-7c67-48e8-a7a1-f0e46df0dc7c:1
[  258007ms] [WARNING] It is recommended that a robustness level be specified. Not specifying the robustness level could result in unexpected behavior. @ blob:https://www.primevideo.com/d391840f-7c67-48e8-a7a1-f0e46df0dc7c:1
[  258576ms] [WARNING] It is recommended that a robustness level be specified. Not specifying the robustness level could result in unexpected behavior. @ blob:https://www.primevideo.com/b2f8e196-434d-4d5c-bb6b-ba2ac1e05b62:1
[  258576ms] [WARNING] It is recommended that a robustness level be specified. Not specifying the robustness level could result in unexpected behavior. @ blob:https://www.primevideo.com/b2f8e196-434d-4d5c-bb6b-ba2ac1e05b62:1
[  258577ms] [WARNING] It is recommended that a robustness level be specified. Not specifying the robustness level could result in unexpected behavior. @ blob:https://www.primevideo.com/b2f8e196-434d-4d5c-bb6b-ba2ac1e05b62:1
[  260163ms] [WARNING] It is recommended that a robustness level be specified. Not specifying the robustness level could result in unexpected behavior. @ blob:https://www.primevideo.com/6c1deddc-6c1e-4466-adc7-1493fdbbf358:1
[  260163ms] [WARNING] It is recommended that a robustness level be specified. Not specifying the robustness level could result in unexpected behavior. @ blob:https://www.primevideo.com/6c1deddc-6c1e-4466-adc7-1493fdbbf358:1
[  260163ms] [WARNING] It is recommended that a robustness level be specified. Not specifying the robustness level could result in unexpected behavior. @ blob:https://www.primevideo.com/6c1deddc-6c1e-4466-adc7-1493fdbbf358:1
[  261794ms] [WARNING] It is recommended that a robustness level be specified. Not specifying the robustness level could result in unexpected behavior. @ blob:https://www.primevideo.com/439e23d0-a89c-44dd-8019-4783ece249b6:1
[  261795ms] [WARNING] It is recommended that a robustness level be specified. Not specifying the robustness level could result in unexpected behavior. @ blob:https://www.primevideo.com/439e23d0-a89c-44dd-8019-4783ece249b6:1
[  261795ms] [WARNING] It is recommended that a robustness level be specified. Not specifying the robustness level could result in unexpected behavior. @ blob:https://www.primevideo.com/439e23d0-a89c-44dd-8019-4783ece249b6:1
[  263012ms] [WARNING] It is recommended that a robustness level be specified. Not specifying the robustness level could result in unexpected behavior. @ blob:https://www.primevideo.com/d391840f-7c67-48e8-a7a1-f0e46df0dc7c:1
[  263012ms] [WARNING] It is recommended that a robustness level be specified. Not specifying the robustness level could result in unexpected behavior. @ blob:https://www.primevideo.com/d391840f-7c67-48e8-a7a1-f0e46df0dc7c:1
[  263013ms] [WARNING] It is recommended that a robustness level be specified. Not specifying the robustness level could result in unexpected behavior. @ blob:https://www.primevideo.com/d391840f-7c67-48e8-a7a1-f0e46df0dc7c:1
[  263579ms] [WARNING] It is recommended that a robustness level be specified. Not specifying the robustness level could result in unexpected behavior. @ blob:https://www.primevideo.com/b2f8e196-434d-4d5c-bb6b-ba2ac1e05b62:1
[  263580ms] [WARNING] It is recommended that a robustness level be specified. Not specifying the robustness level could result in unexpected behavior. @ blob:https://www.primevideo.com/b2f8e196-434d-4d5c-bb6b-ba2ac1e05b62:1
[  263580ms] [WARNING] It is recommended that a robustness level be specified. Not specifying the robustness level could result in unexpected behavior. @ blob:https://www.primevideo.com/b2f8e196-434d-4d5c-bb6b-ba2ac1e05b62:1
[  265164ms] [WARNING] It is recommended that a robustness level be specified. Not specifying the robustness level could result in unexpected behavior. @ blob:https://www.primevideo.com/6c1deddc-6c1e-4466-adc7-1493fdbbf358:1
[  265165ms] [WARNING] It is recommended that a robustness level be specified. Not specifying the robustness level could result in unexpected behavior. @ blob:https://www.primevideo.com/6c1deddc-6c1e-4466-adc7-1493fdbbf358:1
[  265165ms] [WARNING] It is recommended that a robustness level be specified. Not specifying the robustness level could result in unexpected behavior. @ blob:https://www.primevideo.com/6c1deddc-6c1e-4466-adc7-1493fdbbf358:1
[  266796ms] [WARNING] It is recommended that a robustness level be specified. Not specifying the robustness level could result in unexpected behavior. @ blob:https://www.primevideo.com/439e23d0-a89c-44dd-8019-4783ece249b6:1
[  266796ms] [WARNING] It is recommended that a robustness level be specified. Not specifying the robustness level could result in unexpected behavior. @ blob:https://www.primevideo.com/439e23d0-a89c-44dd-8019-4783ece249b6:1
[  266797ms] [WARNING] It is recommended that a robustness level be specified. Not specifying the robustness level could result in unexpected behavior. @ blob:https://www.primevideo.com/439e23d0-a89c-44dd-8019-4783ece249b6:1
[  268013ms] [WARNING] It is recommended that a robustness level be specified. Not specifying the robustness level could result in unexpected behavior. @ blob:https://www.primevideo.com/d391840f-7c67-48e8-a7a1-f0e46df0dc7c:1
[  268014ms] [WARNING] It is recommended that a robustness level be specified. Not specifying the robustness level could result in unexpected behavior. @ blob:https://www.primevideo.com/d391840f-7c67-48e8-a7a1-f0e46df0dc7c:1
[  268014ms] [WARNING] It is recommended that a robustness level be specified. Not specifying the robustness level could result in unexpected behavior. @ blob:https://www.primevideo.com/d391840f-7c67-48e8-a7a1-f0e46df0dc7c:1
[  268598ms] [WARNING] It is recommended that a robustness level be specified. Not specifying the robustness level could result in unexpected behavior. @ blob:https://www.primevideo.com/b2f8e196-434d-4d5c-bb6b-ba2ac1e05b62:1
[  268599ms] [WARNING] It is recommended that a robustness level be specified. Not specifying the robustness level could result in unexpected behavior. @ blob:https://www.primevideo.com/b2f8e196-434d-4d5c-bb6b-ba2ac1e05b62:1
[  268599ms] [WARNING] It is recommended that a robustness level be specified. Not specifying the robustness level could result in unexpected behavior. @ blob:https://www.primevideo.com/b2f8e196-434d-4d5c-bb6b-ba2ac1e05b62:1
[  270180ms] [WARNING] It is recommended that a robustness level be specified. Not specifying the robustness level could result in unexpected behavior. @ blob:https://www.primevideo.com/6c1deddc-6c1e-4466-adc7-1493fdbbf358:1
[  270181ms] [WARNING] It is recommended that a robustness level be specified. Not specifying the robustness level could result in unexpected behavior. @ blob:https://www.primevideo.com/6c1deddc-6c1e-4466-adc7-1493fdbbf358:1
[  270181ms] [WARNING] It is recommended that a robustness level be specified. Not specifying the robustness level could result in unexpected behavior. @ blob:https://www.primevideo.com/6c1deddc-6c1e-4466-adc7-1493fdbbf358:1
[  271812ms] [WARNING] It is recommended that a robustness level be specified. Not specifying the robustness level could result in unexpected behavior. @ blob:https://www.primevideo.com/439e23d0-a89c-44dd-8019-4783ece249b6:1
[  271812ms] [WARNING] It is recommended that a robustness level be specified. Not specifying the robustness level could result in unexpected behavior. @ blob:https://www.primevideo.com/439e23d0-a89c-44dd-8019-4783ece249b6:1
[  271812ms] [WARNING] It is recommended that a robustness level be specified. Not specifying the robustness level could result in unexpected behavior. @ blob:https://www.primevideo.com/439e23d0-a89c-44dd-8019-4783ece249b6:1
[  273031ms] [WARNING] It is recommended that a robustness level be specified. Not specifying the robustness level could result in unexpected behavior. @ blob:https://www.primevideo.com/d391840f-7c67-48e8-a7a1-f0e46df0dc7c:1
[  273032ms] [WARNING] It is recommended that a robustness level be specified. Not specifying the robustness level could result in unexpected behavior. @ blob:https://www.primevideo.com/d391840f-7c67-48e8-a7a1-f0e46df0dc7c:1
[  273032ms] [WARNING] It is recommended that a robustness level be specified. Not specifying the robustness level could result in unexpected behavior. @ blob:https://www.primevideo.com/d391840f-7c67-48e8-a7a1-f0e46df0dc7c:1
[  273615ms] [WARNING] It is recommended that a robustness level be specified. Not specifying the robustness level could result in unexpected behavior. @ blob:https://www.primevideo.com/b2f8e196-434d-4d5c-bb6b-ba2ac1e05b62:1
[  273616ms] [WARNING] It is recommended that a robustness level be specified. Not specifying the robustness level could result in unexpected behavior. @ blob:https://www.primevideo.com/b2f8e196-434d-4d5c-bb6b-ba2ac1e05b62:1
[  273616ms] [WARNING] It is recommended that a robustness level be specified. Not specifying the robustness level could result in unexpected behavior. @ blob:https://www.primevideo.com/b2f8e196-434d-4d5c-bb6b-ba2ac1e05b62:1
[  275196ms] [WARNING] It is recommended that a robustness level be specified. Not specifying the robustness level could result in unexpected behavior. @ blob:https://www.primevideo.com/6c1deddc-6c1e-4466-adc7-1493fdbbf358:1
[  275196ms] [WARNING] It is recommended that a robustness level be specified. Not specifying the robustness level could result in unexpected behavior. @ blob:https://www.primevideo.com/6c1deddc-6c1e-4466-adc7-1493fdbbf358:1
[  275196ms] [WARNING] It is recommended that a robustness level be specified. Not specifying the robustness level could result in unexpected behavior. @ blob:https://www.primevideo.com/6c1deddc-6c1e-4466-adc7-1493fdbbf358:1
[  276828ms] [WARNING] It is recommended that a robustness level be specified. Not specifying the robustness level could result in unexpected behavior. @ blob:https://www.primevideo.com/439e23d0-a89c-44dd-8019-4783ece249b6:1
[  276828ms] [WARNING] It is recommended that a robustness level be specified. Not specifying the robustness level could result in unexpected behavior. @ blob:https://www.primevideo.com/439e23d0-a89c-44dd-8019-4783ece249b6:1
[  276828ms] [WARNING] It is recommended that a robustness level be specified. Not specifying the robustness level could result in unexpected behavior. @ blob:https://www.primevideo.com/439e23d0-a89c-44dd-8019-4783ece249b6:1
[  278046ms] [WARNING] It is recommended that a robustness level be specified. Not specifying the robustness level could result in unexpected behavior. @ blob:https://www.primevideo.com/d391840f-7c67-48e8-a7a1-f0e46df0dc7c:1
[  278046ms] [WARNING] It is recommended that a robustness level be specified. Not specifying the robustness level could result in unexpected behavior. @ blob:https://www.primevideo.com/d391840f-7c67-48e8-a7a1-f0e46df0dc7c:1
[  278046ms] [WARNING] It is recommended that a robustness level be specified. Not specifying the robustness level could result in unexpected behavior. @ blob:https://www.primevideo.com/d391840f-7c67-48e8-a7a1-f0e46df0dc7c:1
[  278627ms] [WARNING] It is recommended that a robustness level be specified. Not specifying the robustness level could result in unexpected behavior. @ blob:https://www.primevideo.com/b2f8e196-434d-4d5c-bb6b-ba2ac1e05b62:1
[  278627ms] [WARNING] It is recommended that a robustness level be specified. Not specifying the robustness level could result in unexpected behavior. @ blob:https://www.primevideo.com/b2f8e196-434d-4d5c-bb6b-ba2ac1e05b62:1
[  278627ms] [WARNING] It is recommended that a robustness level be specified. Not specifying the robustness level could result in unexpected behavior. @ blob:https://www.primevideo.com/b2f8e196-434d-4d5c-bb6b-ba2ac1e05b62:1
[  280211ms] [WARNING] It is recommended that a robustness level be specified. Not specifying the robustness level could result in unexpected behavior. @ blob:https://www.primevideo.com/6c1deddc-6c1e-4466-adc7-1493fdbbf358:1
[  280212ms] [WARNING] It is recommended that a robustness level be specified. Not specifying the robustness level could result in unexpected behavior. @ blob:https://www.primevideo.com/6c1deddc-6c1e-4466-adc7-1493fdbbf358:1
[  280212ms] [WARNING] It is recommended that a robustness level be specified. Not specifying the robustness level could result in unexpected behavior. @ blob:https://www.primevideo.com/6c1deddc-6c1e-4466-adc7-1493fdbbf358:1
[  281842ms] [WARNING] It is recommended that a robustness level be specified. Not specifying the robustness level could result in unexpected behavior. @ blob:https://www.primevideo.com/439e23d0-a89c-44dd-8019-4783ece249b6:1
[  281842ms] [WARNING] It is recommended that a robustness level be specified. Not specifying the robustness level could result in unexpected behavior. @ blob:https://www.primevideo.com/439e23d0-a89c-44dd-8019-4783ece249b6:1
[  281842ms] [WARNING] It is recommended that a robustness level be specified. Not specifying the robustness level could result in unexpected behavior. @ blob:https://www.primevideo.com/439e23d0-a89c-44dd-8019-4783ece249b6:1
[  283048ms] [WARNING] It is recommended that a robustness level be specified. Not specifying the robustness level could result in unexpected behavior. @ blob:https://www.primevideo.com/d391840f-7c67-48e8-a7a1-f0e46df0dc7c:1
[  283048ms] [WARNING] It is recommended that a robustness level be specified. Not specifying the robustness level could result in unexpected behavior. @ blob:https://www.primevideo.com/d391840f-7c67-48e8-a7a1-f0e46df0dc7c:1
[  283049ms] [WARNING] It is recommended that a robustness level be specified. Not specifying the robustness level could result in unexpected behavior. @ blob:https://www.primevideo.com/d391840f-7c67-48e8-a7a1-f0e46df0dc7c:1
[  283629ms] [WARNING] It is recommended that a robustness level be specified. Not specifying the robustness level could result in unexpected behavior. @ blob:https://www.primevideo.com/b2f8e196-434d-4d5c-bb6b-ba2ac1e05b62:1
[  283629ms] [WARNING] It is recommended that a robustness level be specified. Not specifying the robustness level could result in unexpected behavior. @ blob:https://www.primevideo.com/b2f8e196-434d-4d5c-bb6b-ba2ac1e05b62:1
[  283630ms] [WARNING] It is recommended that a robustness level be specified. Not specifying the robustness level could result in unexpected behavior. @ blob:https://www.primevideo.com/b2f8e196-434d-4d5c-bb6b-ba2ac1e05b62:1
[  285227ms] [WARNING] It is recommended that a robustness level be specified. Not specifying the robustness level could result in unexpected behavior. @ blob:https://www.primevideo.com/6c1deddc-6c1e-4466-adc7-1493fdbbf358:1
[  285228ms] [WARNING] It is recommended that a robustness level be specified. Not specifying the robustness level could result in unexpected behavior. @ blob:https://www.primevideo.com/6c1deddc-6c1e-4466-adc7-1493fdbbf358:1
[  285228ms] [WARNING] It is recommended that a robustness level be specified. Not specifying the robustness level could result in unexpected behavior. @ blob:https://www.primevideo.com/6c1deddc-6c1e-4466-adc7-1493fdbbf358:1
[  286848ms] [WARNING] It is recommended that a robustness level be specified. Not specifying the robustness level could result in unexpected behavior. @ blob:https://www.primevideo.com/439e23d0-a89c-44dd-8019-4783ece249b6:1
[  286848ms] [WARNING] It is recommended that a robustness level be specified. Not specifying the robustness level could result in unexpected behavior. @ blob:https://www.primevideo.com/439e23d0-a89c-44dd-8019-4783ece249b6:1
[  286848ms] [WARNING] It is recommended that a robustness level be specified. Not specifying the robustness level could result in unexpected behavior. @ blob:https://www.primevideo.com/439e23d0-a89c-44dd-8019-4783ece249b6:1
[  288060ms] [WARNING] It is recommended that a robustness level be specified. Not specifying the robustness level could result in unexpected behavior. @ blob:https://www.primevideo.com/d391840f-7c67-48e8-a7a1-f0e46df0dc7c:1
[  288060ms] [WARNING] It is recommended that a robustness level be specified. Not specifying the robustness level could result in unexpected behavior. @ blob:https://www.primevideo.com/d391840f-7c67-48e8-a7a1-f0e46df0dc7c:1
[  288060ms] [WARNING] It is recommended that a robustness level be specified. Not specifying the robustness level could result in unexpected behavior. @ blob:https://www.primevideo.com/d391840f-7c67-48e8-a7a1-f0e46df0dc7c:1
[  288643ms] [WARNING] It is recommended that a robustness level be specified. Not specifying the robustness level could result in unexpected behavior. @ blob:https://www.primevideo.com/b2f8e196-434d-4d5c-bb6b-ba2ac1e05b62:1
[  288644ms] [WARNING] It is recommended that a robustness level be specified. Not specifying the robustness level could result in unexpected behavior. @ blob:https://www.primevideo.com/b2f8e196-434d-4d5c-bb6b-ba2ac1e05b62:1
[  288645ms] [WARNING] It is recommended that a robustness level be specified. Not specifying the robustness level could result in unexpected behavior. @ blob:https://www.primevideo.com/b2f8e196-434d-4d5c-bb6b-ba2ac1e05b62:1
[  290233ms] [WARNING] It is recommended that a robustness level be specified. Not specifying the robustness level could result in unexpected behavior. @ blob:https://www.primevideo.com/6c1deddc-6c1e-4466-adc7-1493fdbbf358:1
[  290233ms] [WARNING] It is recommended that a robustness level be specified. Not specifying the robustness level could result in unexpected behavior. @ blob:https://www.primevideo.com/6c1deddc-6c1e-4466-adc7-1493fdbbf358:1
[  290233ms] [WARNING] It is recommended that a robustness level be specified. Not specifying the robustness level could result in unexpected behavior. @ blob:https://www.primevideo.com/6c1deddc-6c1e-4466-adc7-1493fdbbf358:1
[  291861ms] [WARNING] It is recommended that a robustness level be specified. Not specifying the robustness level could result in unexpected behavior. @ blob:https://www.primevideo.com/439e23d0-a89c-44dd-8019-4783ece249b6:1
[  291861ms] [WARNING] It is recommended that a robustness level be specified. Not specifying the robustness level could result in unexpected behavior. @ blob:https://www.primevideo.com/439e23d0-a89c-44dd-8019-4783ece249b6:1
[  291861ms] [WARNING] It is recommended that a robustness level be specified. Not specifying the robustness level could result in unexpected behavior. @ blob:https://www.primevideo.com/439e23d0-a89c-44dd-8019-4783ece249b6:1
[  293071ms] [WARNING] It is recommended that a robustness level be specified. Not specifying the robustness level could result in unexpected behavior. @ blob:https://www.primevideo.com/d391840f-7c67-48e8-a7a1-f0e46df0dc7c:1
[  293071ms] [WARNING] It is recommended that a robustness level be specified. Not specifying the robustness level could result in unexpected behavior. @ blob:https://www.primevideo.com/d391840f-7c67-48e8-a7a1-f0e46df0dc7c:1
[  293071ms] [WARNING] It is recommended that a robustness level be specified. Not specifying the robustness level could result in unexpected behavior. @ blob:https://www.primevideo.com/d391840f-7c67-48e8-a7a1-f0e46df0dc7c:1
[  293655ms] [WARNING] It is recommended that a robustness level be specified. Not specifying the robustness level could result in unexpected behavior. @ blob:https://www.primevideo.com/b2f8e196-434d-4d5c-bb6b-ba2ac1e05b62:1
[  293656ms] [WARNING] It is recommended that a robustness level be specified. Not specifying the robustness level could result in unexpected behavior. @ blob:https://www.primevideo.com/b2f8e196-434d-4d5c-bb6b-ba2ac1e05b62:1
[  293656ms] [WARNING] It is recommended that a robustness level be specified. Not specifying the robustness level could result in unexpected behavior. @ blob:https://www.primevideo.com/b2f8e196-434d-4d5c-bb6b-ba2ac1e05b62:1
[  295246ms] [WARNING] It is recommended that a robustness level be specified. Not specifying the robustness level could result in unexpected behavior. @ blob:https://www.primevideo.com/6c1deddc-6c1e-4466-adc7-1493fdbbf358:1
[  295246ms] [WARNING] It is recommended that a robustness level be specified. Not specifying the robustness level could result in unexpected behavior. @ blob:https://www.primevideo.com/6c1deddc-6c1e-4466-adc7-1493fdbbf358:1
[  295246ms] [WARNING] It is recommended that a robustness level be specified. Not specifying the robustness level could result in unexpected behavior. @ blob:https://www.primevideo.com/6c1deddc-6c1e-4466-adc7-1493fdbbf358:1
[  296869ms] [WARNING] It is recommended that a robustness level be specified. Not specifying the robustness level could result in unexpected behavior. @ blob:https://www.primevideo.com/439e23d0-a89c-44dd-8019-4783ece249b6:1
[  296870ms] [WARNING] It is recommended that a robustness level be specified. Not specifying the robustness level could result in unexpected behavior. @ blob:https://www.primevideo.com/439e23d0-a89c-44dd-8019-4783ece249b6:1
[  296870ms] [WARNING] It is recommended that a robustness level be specified. Not specifying the robustness level could result in unexpected behavior. @ blob:https://www.primevideo.com/439e23d0-a89c-44dd-8019-4783ece249b6:1
[  298073ms] [WARNING] It is recommended that a robustness level be specified. Not specifying the robustness level could result in unexpected behavior. @ blob:https://www.primevideo.com/d391840f-7c67-48e8-a7a1-f0e46df0dc7c:1
[  298073ms] [WARNING] It is recommended that a robustness level be specified. Not specifying the robustness level could result in unexpected behavior. @ blob:https://www.primevideo.com/d391840f-7c67-48e8-a7a1-f0e46df0dc7c:1
[  298073ms] [WARNING] It is recommended that a robustness level be specified. Not specifying the robustness level could result in unexpected behavior. @ blob:https://www.primevideo.com/d391840f-7c67-48e8-a7a1-f0e46df0dc7c:1
[  298661ms] [WARNING] It is recommended that a robustness level be specified. Not specifying the robustness level could result in unexpected behavior. @ blob:https://www.primevideo.com/b2f8e196-434d-4d5c-bb6b-ba2ac1e05b62:1
[  298661ms] [WARNING] It is recommended that a robustness level be specified. Not specifying the robustness level could result in unexpected behavior. @ blob:https://www.primevideo.com/b2f8e196-434d-4d5c-bb6b-ba2ac1e05b62:1
[  298662ms] [WARNING] It is recommended that a robustness level be specified. Not specifying the robustness level could result in unexpected behavior. @ blob:https://www.primevideo.com/b2f8e196-434d-4d5c-bb6b-ba2ac1e05b62:1
[  300259ms] [WARNING] It is recommended that a robustness level be specified. Not specifying the robustness level could result in unexpected behavior. @ blob:https://www.primevideo.com/6c1deddc-6c1e-4466-adc7-1493fdbbf358:1
[  300259ms] [WARNING] It is recommended that a robustness level be specified. Not specifying the robustness level could result in unexpected behavior. @ blob:https://www.primevideo.com/6c1deddc-6c1e-4466-adc7-1493fdbbf358:1
[  300259ms] [WARNING] It is recommended that a robustness level be specified. Not specifying the robustness level could result in unexpected behavior. @ blob:https://www.primevideo.com/6c1deddc-6c1e-4466-adc7-1493fdbbf358:1
[  301877ms] [WARNING] It is recommended that a robustness level be specified. Not specifying the robustness level could result in unexpected behavior. @ blob:https://www.primevideo.com/439e23d0-a89c-44dd-8019-4783ece249b6:1
[  301878ms] [WARNING] It is recommended that a robustness level be specified. Not specifying the robustness level could result in unexpected behavior. @ blob:https://www.primevideo.com/439e23d0-a89c-44dd-8019-4783ece249b6:1
[  301878ms] [WARNING] It is recommended that a robustness level be specified. Not specifying the robustness level could result in unexpected behavior. @ blob:https://www.primevideo.com/439e23d0-a89c-44dd-8019-4783ece249b6:1
[  303076ms] [WARNING] It is recommended that a robustness level be specified. Not specifying the robustness level could result in unexpected behavior. @ blob:https://www.primevideo.com/d391840f-7c67-48e8-a7a1-f0e46df0dc7c:1
[  303078ms] [WARNING] It is recommended that a robustness level be specified. Not specifying the robustness level could result in unexpected behavior. @ blob:https://www.primevideo.com/d391840f-7c67-48e8-a7a1-f0e46df0dc7c:1
[  303078ms] [WARNING] It is recommended that a robustness level be specified. Not specifying the robustness level could result in unexpected behavior. @ blob:https://www.primevideo.com/d391840f-7c67-48e8-a7a1-f0e46df0dc7c:1
[  303676ms] [WARNING] It is recommended that a robustness level be specified. Not specifying the robustness level could result in unexpected behavior. @ blob:https://www.primevideo.com/b2f8e196-434d-4d5c-bb6b-ba2ac1e05b62:1
[  303677ms] [WARNING] It is recommended that a robustness level be specified. Not specifying the robustness level could result in unexpected behavior. @ blob:https://www.primevideo.com/b2f8e196-434d-4d5c-bb6b-ba2ac1e05b62:1
[  303677ms] [WARNING] It is recommended that a robustness level be specified. Not specifying the robustness level could result in unexpected behavior. @ blob:https://www.primevideo.com/b2f8e196-434d-4d5c-bb6b-ba2ac1e05b62:1
[  305266ms] [WARNING] It is recommended that a robustness level be specified. Not specifying the robustness level could result in unexpected behavior. @ blob:https://www.primevideo.com/6c1deddc-6c1e-4466-adc7-1493fdbbf358:1
[  305266ms] [WARNING] It is recommended that a robustness level be specified. Not specifying the robustness level could result in unexpected behavior. @ blob:https://www.primevideo.com/6c1deddc-6c1e-4466-adc7-1493fdbbf358:1
[  305266ms] [WARNING] It is recommended that a robustness level be specified. Not specifying the robustness level could result in unexpected behavior. @ blob:https://www.primevideo.com/6c1deddc-6c1e-4466-adc7-1493fdbbf358:1
[  306888ms] [WARNING] It is recommended that a robustness level be specified. Not specifying the robustness level could result in unexpected behavior. @ blob:https://www.primevideo.com/439e23d0-a89c-44dd-8019-4783ece249b6:1
[  306888ms] [WARNING] It is recommended that a robustness level be specified. Not specifying the robustness level could result in unexpected behavior. @ blob:https://www.primevideo.com/439e23d0-a89c-44dd-8019-4783ece249b6:1
[  306889ms] [WARNING] It is recommended that a robustness level be specified. Not specifying the robustness level could result in unexpected behavior. @ blob:https://www.primevideo.com/439e23d0-a89c-44dd-8019-4783ece249b6:1
[  308091ms] [WARNING] It is recommended that a robustness level be specified. Not specifying the robustness level could result in unexpected behavior. @ blob:https://www.primevideo.com/d391840f-7c67-48e8-a7a1-f0e46df0dc7c:1
[  308091ms] [WARNING] It is recommended that a robustness level be specified. Not specifying the robustness level could result in unexpected behavior. @ blob:https://www.primevideo.com/d391840f-7c67-48e8-a7a1-f0e46df0dc7c:1
[  308091ms] [WARNING] It is recommended that a robustness level be specified. Not specifying the robustness level could result in unexpected behavior. @ blob:https://www.primevideo.com/d391840f-7c67-48e8-a7a1-f0e46df0dc7c:1
[  308685ms] [WARNING] It is recommended that a robustness level be specified. Not specifying the robustness level could result in unexpected behavior. @ blob:https://www.primevideo.com/b2f8e196-434d-4d5c-bb6b-ba2ac1e05b62:1
[  308685ms] [WARNING] It is recommended that a robustness level be specified. Not specifying the robustness level could result in unexpected behavior. @ blob:https://www.primevideo.com/b2f8e196-434d-4d5c-bb6b-ba2ac1e05b62:1
[  308685ms] [WARNING] It is recommended that a robustness level be specified. Not specifying the robustness level could result in unexpected behavior. @ blob:https://www.primevideo.com/b2f8e196-434d-4d5c-bb6b-ba2ac1e05b62:1
[  310270ms] [WARNING] It is recommended that a robustness level be specified. Not specifying the robustness level could result in unexpected behavior. @ blob:https://www.primevideo.com/6c1deddc-6c1e-4466-adc7-1493fdbbf358:1
[  310270ms] [WARNING] It is recommended that a robustness level be specified. Not specifying the robustness level could result in unexpected behavior. @ blob:https://www.primevideo.com/6c1deddc-6c1e-4466-adc7-1493fdbbf358:1
[  310270ms] [WARNING] It is recommended that a robustness level be specified. Not specifying the robustness level could result in unexpected behavior. @ blob:https://www.primevideo.com/6c1deddc-6c1e-4466-adc7-1493fdbbf358:1
[  310981ms] [ERROR] Failed to load resource: net::ERR_INSUFFICIENT_RESOURCES @ https://unagi-eu.amazon.com/1/events/com.amazon.eel.pv.xpplayer.prod:0
[  311891ms] [WARNING] It is recommended that a robustness level be specified. Not specifying the robustness level could result in unexpected behavior. @ blob:https://www.primevideo.com/439e23d0-a89c-44dd-8019-4783ece249b6:1
[  311892ms] [WARNING] It is recommended that a robustness level be specified. Not specifying the robustness level could result in unexpected behavior. @ blob:https://www.primevideo.com/439e23d0-a89c-44dd-8019-4783ece249b6:1
[  311892ms] [WARNING] It is recommended that a robustness level be specified. Not specifying the robustness level could result in unexpected behavior. @ blob:https://www.primevideo.com/439e23d0-a89c-44dd-8019-4783ece249b6:1
[  313095ms] [WARNING] It is recommended that a robustness level be specified. Not specifying the robustness level could result in unexpected behavior. @ blob:https://www.primevideo.com/d391840f-7c67-48e8-a7a1-f0e46df0dc7c:1
[  313096ms] [WARNING] It is recommended that a robustness level be specified. Not specifying the robustness level could result in unexpected behavior. @ blob:https://www.primevideo.com/d391840f-7c67-48e8-a7a1-f0e46df0dc7c:1
[  313096ms] [WARNING] It is recommended that a robustness level be specified. Not specifying the robustness level could result in unexpected behavior. @ blob:https://www.primevideo.com/d391840f-7c67-48e8-a7a1-f0e46df0dc7c:1
[  313688ms] [WARNING] It is recommended that a robustness level be specified. Not specifying the robustness level could result in unexpected behavior. @ blob:https://www.primevideo.com/b2f8e196-434d-4d5c-bb6b-ba2ac1e05b62:1
[  313688ms] [WARNING] It is recommended that a robustness level be specified. Not specifying the robustness level could result in unexpected behavior. @ blob:https://www.primevideo.com/b2f8e196-434d-4d5c-bb6b-ba2ac1e05b62:1
[  313688ms] [WARNING] It is recommended that a robustness level be specified. Not specifying the robustness level could result in unexpected behavior. @ blob:https://www.primevideo.com/b2f8e196-434d-4d5c-bb6b-ba2ac1e05b62:1
[  314233ms] [ERROR] Failed to load resource: net::ERR_INSUFFICIENT_RESOURCES @ https://6e5351d7ad9e61e3eb9b7bb3b36ab3a0a41f44960fd9fe3157824a833d65bf7.us-east-1.prod.service.minerva.devices.a2z.com/v2/metric-batch:0
[  315273ms] [WARNING] It is recommended that a robustness level be specified. Not specifying the robustness level could result in unexpected behavior. @ blob:https://www.primevideo.com/6c1deddc-6c1e-4466-adc7-1493fdbbf358:1
[  315273ms] [WARNING] It is recommended that a robustness level be specified. Not specifying the robustness level could result in unexpected behavior. @ blob:https://www.primevideo.com/6c1deddc-6c1e-4466-adc7-1493fdbbf358:1
[  315273ms] [WARNING] It is recommended that a robustness level be specified. Not specifying the robustness level could result in unexpected behavior. @ blob:https://www.primevideo.com/6c1deddc-6c1e-4466-adc7-1493fdbbf358:1
[  316992ms] [WARNING] It is recommended that a robustness level be specified. Not specifying the robustness level could result in unexpected behavior. @ blob:https://www.primevideo.com/439e23d0-a89c-44dd-8019-4783ece249b6:1
[  316992ms] [WARNING] It is recommended that a robustness level be specified. Not specifying the robustness level could result in unexpected behavior. @ blob:https://www.primevideo.com/439e23d0-a89c-44dd-8019-4783ece249b6:1
[  316992ms] [WARNING] It is recommended that a robustness level be specified. Not specifying the robustness level could result in unexpected behavior. @ blob:https://www.primevideo.com/439e23d0-a89c-44dd-8019-4783ece249b6:1
[  318104ms] [WARNING] It is recommended that a robustness level be specified. Not specifying the robustness level could result in unexpected behavior. @ blob:https://www.primevideo.com/d391840f-7c67-48e8-a7a1-f0e46df0dc7c:1
[  318104ms] [WARNING] It is recommended that a robustness level be specified. Not specifying the robustness level could result in unexpected behavior. @ blob:https://www.primevideo.com/d391840f-7c67-48e8-a7a1-f0e46df0dc7c:1
[  318104ms] [WARNING] It is recommended that a robustness level be specified. Not specifying the robustness level could result in unexpected behavior. @ blob:https://www.primevideo.com/d391840f-7c67-48e8-a7a1-f0e46df0dc7c:1
[  318328ms] [ERROR] Failed to load resource: net::ERR_INSUFFICIENT_RESOURCES @ https://unagi-eu.amazon.com/1/events/com.amazon.eel.pv.xpplayer.prod:0
[  318689ms] [WARNING] It is recommended that a robustness level be specified. Not specifying the robustness level could result in unexpected behavior. @ blob:https://www.primevideo.com/b2f8e196-434d-4d5c-bb6b-ba2ac1e05b62:1
[  318689ms] [WARNING] It is recommended that a robustness level be specified. Not specifying the robustness level could result in unexpected behavior. @ blob:https://www.primevideo.com/b2f8e196-434d-4d5c-bb6b-ba2ac1e05b62:1
[  318689ms] [WARNING] It is recommended that a robustness level be specified. Not specifying the robustness level could result in unexpected behavior. @ blob:https://www.primevideo.com/b2f8e196-434d-4d5c-bb6b-ba2ac1e05b62:1
[  320864ms] [WARNING] It is recommended that a robustness level be specified. Not specifying the robustness level could result in unexpected behavior. @ blob:https://www.primevideo.com/6c1deddc-6c1e-4466-adc7-1493fdbbf358:1
[  320864ms] [WARNING] It is recommended that a robustness level be specified. Not specifying the robustness level could result in unexpected behavior. @ blob:https://www.primevideo.com/6c1deddc-6c1e-4466-adc7-1493fdbbf358:1
[  320865ms] [WARNING] It is recommended that a robustness level be specified. Not specifying the robustness level could result in unexpected behavior. @ blob:https://www.primevideo.com/6c1deddc-6c1e-4466-adc7-1493fdbbf358:1
[  322006ms] [WARNING] It is recommended that a robustness level be specified. Not specifying the robustness level could result in unexpected behavior. @ blob:https://www.primevideo.com/439e23d0-a89c-44dd-8019-4783ece249b6:1
[  322006ms] [WARNING] It is recommended that a robustness level be specified. Not specifying the robustness level could result in unexpected behavior. @ blob:https://www.primevideo.com/439e23d0-a89c-44dd-8019-4783ece249b6:1
[  322007ms] [WARNING] It is recommended that a robustness level be specified. Not specifying the robustness level could result in unexpected behavior. @ blob:https://www.primevideo.com/439e23d0-a89c-44dd-8019-4783ece249b6:1
[  323113ms] [WARNING] It is recommended that a robustness level be specified. Not specifying the robustness level could result in unexpected behavior. @ blob:https://www.primevideo.com/d391840f-7c67-48e8-a7a1-f0e46df0dc7c:1
[  323114ms] [WARNING] It is recommended that a robustness level be specified. Not specifying the robustness level could result in unexpected behavior. @ blob:https://www.primevideo.com/d391840f-7c67-48e8-a7a1-f0e46df0dc7c:1
[  323114ms] [WARNING] It is recommended that a robustness level be specified. Not specifying the robustness level could result in unexpected behavior. @ blob:https://www.primevideo.com/d391840f-7c67-48e8-a7a1-f0e46df0dc7c:1
[  323704ms] [WARNING] It is recommended that a robustness level be specified. Not specifying the robustness level could result in unexpected behavior. @ blob:https://www.primevideo.com/b2f8e196-434d-4d5c-bb6b-ba2ac1e05b62:1
[  323704ms] [WARNING] It is recommended that a robustness level be specified. Not specifying the robustness level could result in unexpected behavior. @ blob:https://www.primevideo.com/b2f8e196-434d-4d5c-bb6b-ba2ac1e05b62:1
[  323704ms] [WARNING] It is recommended that a robustness level be specified. Not specifying the robustness level could result in unexpected behavior. @ blob:https://www.primevideo.com/b2f8e196-434d-4d5c-bb6b-ba2ac1e05b62:1
[  325878ms] [WARNING] It is recommended that a robustness level be specified. Not specifying the robustness level could result in unexpected behavior. @ blob:https://www.primevideo.com/6c1deddc-6c1e-4466-adc7-1493fdbbf358:1
[  325878ms] [WARNING] It is recommended that a robustness level be specified. Not specifying the robustness level could result in unexpected behavior. @ blob:https://www.primevideo.com/6c1deddc-6c1e-4466-adc7-1493fdbbf358:1
[  325879ms] [WARNING] It is recommended that a robustness level be specified. Not specifying the robustness level could result in unexpected behavior. @ blob:https://www.primevideo.com/6c1deddc-6c1e-4466-adc7-1493fdbbf358:1
[  327016ms] [WARNING] It is recommended that a robustness level be specified. Not specifying the robustness level could result in unexpected behavior. @ blob:https://www.primevideo.com/439e23d0-a89c-44dd-8019-4783ece249b6:1
[  327016ms] [WARNING] It is recommended that a robustness level be specified. Not specifying the robustness level could result in unexpected behavior. @ blob:https://www.primevideo.com/439e23d0-a89c-44dd-8019-4783ece249b6:1
[  327016ms] [WARNING] It is recommended that a robustness level be specified. Not specifying the robustness level could result in unexpected behavior. @ blob:https://www.primevideo.com/439e23d0-a89c-44dd-8019-4783ece249b6:1
[  328128ms] [WARNING] It is recommended that a robustness level be specified. Not specifying the robustness level could result in unexpected behavior. @ blob:https://www.primevideo.com/d391840f-7c67-48e8-a7a1-f0e46df0dc7c:1
[  328128ms] [WARNING] It is recommended that a robustness level be specified. Not specifying the robustness level could result in unexpected behavior. @ blob:https://www.primevideo.com/d391840f-7c67-48e8-a7a1-f0e46df0dc7c:1
[  328128ms] [WARNING] It is recommended that a robustness level be specified. Not specifying the robustness level could result in unexpected behavior. @ blob:https://www.primevideo.com/d391840f-7c67-48e8-a7a1-f0e46df0dc7c:1
[  328712ms] [WARNING] It is recommended that a robustness level be specified. Not specifying the robustness level could result in unexpected behavior. @ blob:https://www.primevideo.com/b2f8e196-434d-4d5c-bb6b-ba2ac1e05b62:1
[  328712ms] [WARNING] It is recommended that a robustness level be specified. Not specifying the robustness level could result in unexpected behavior. @ blob:https://www.primevideo.com/b2f8e196-434d-4d5c-bb6b-ba2ac1e05b62:1
[  328712ms] [WARNING] It is recommended that a robustness level be specified. Not specifying the robustness level could result in unexpected behavior. @ blob:https://www.primevideo.com/b2f8e196-434d-4d5c-bb6b-ba2ac1e05b62:1
[  330887ms] [WARNING] It is recommended that a robustness level be specified. Not specifying the robustness level could result in unexpected behavior. @ blob:https://www.primevideo.com/6c1deddc-6c1e-4466-adc7-1493fdbbf358:1
[  330887ms] [WARNING] It is recommended that a robustness level be specified. Not specifying the robustness level could result in unexpected behavior. @ blob:https://www.primevideo.com/6c1deddc-6c1e-4466-adc7-1493fdbbf358:1
[  330888ms] [WARNING] It is recommended that a robustness level be specified. Not specifying the robustness level could result in unexpected behavior. @ blob:https://www.primevideo.com/6c1deddc-6c1e-4466-adc7-1493fdbbf358:1
[  332021ms] [WARNING] It is recommended that a robustness level be specified. Not specifying the robustness level could result in unexpected behavior. @ blob:https://www.primevideo.com/439e23d0-a89c-44dd-8019-4783ece249b6:1
[  332021ms] [WARNING] It is recommended that a robustness level be specified. Not specifying the robustness level could result in unexpected behavior. @ blob:https://www.primevideo.com/439e23d0-a89c-44dd-8019-4783ece249b6:1
[  332021ms] [WARNING] It is recommended that a robustness level be specified. Not specifying the robustness level could result in unexpected behavior. @ blob:https://www.primevideo.com/439e23d0-a89c-44dd-8019-4783ece249b6:1
[  333132ms] [WARNING] It is recommended that a robustness level be specified. Not specifying the robustness level could result in unexpected behavior. @ blob:https://www.primevideo.com/d391840f-7c67-48e8-a7a1-f0e46df0dc7c:1
[  333133ms] [WARNING] It is recommended that a robustness level be specified. Not specifying the robustness level could result in unexpected behavior. @ blob:https://www.primevideo.com/d391840f-7c67-48e8-a7a1-f0e46df0dc7c:1
[  333133ms] [WARNING] It is recommended that a robustness level be specified. Not specifying the robustness level could result in unexpected behavior. @ blob:https://www.primevideo.com/d391840f-7c67-48e8-a7a1-f0e46df0dc7c:1
[  333728ms] [WARNING] It is recommended that a robustness level be specified. Not specifying the robustness level could result in unexpected behavior. @ blob:https://www.primevideo.com/b2f8e196-434d-4d5c-bb6b-ba2ac1e05b62:1
[  333728ms] [WARNING] It is recommended that a robustness level be specified. Not specifying the robustness level could result in unexpected behavior. @ blob:https://www.primevideo.com/b2f8e196-434d-4d5c-bb6b-ba2ac1e05b62:1
[  333728ms] [WARNING] It is recommended that a robustness level be specified. Not specifying the robustness level could result in unexpected behavior. @ blob:https://www.primevideo.com/b2f8e196-434d-4d5c-bb6b-ba2ac1e05b62:1
[  335898ms] [WARNING] It is recommended that a robustness level be specified. Not specifying the robustness level could result in unexpected behavior. @ blob:https://www.primevideo.com/6c1deddc-6c1e-4466-adc7-1493fdbbf358:1
[  335898ms] [WARNING] It is recommended that a robustness level be specified. Not specifying the robustness level could result in unexpected behavior. @ blob:https://www.primevideo.com/6c1deddc-6c1e-4466-adc7-1493fdbbf358:1
[  335898ms] [WARNING] It is recommended that a robustness level be specified. Not specifying the robustness level could result in unexpected behavior. @ blob:https://www.primevideo.com/6c1deddc-6c1e-4466-adc7-1493fdbbf358:1
[  337036ms] [WARNING] It is recommended that a robustness level be specified. Not specifying the robustness level could result in unexpected behavior. @ blob:https://www.primevideo.com/439e23d0-a89c-44dd-8019-4783ece249b6:1
[  337037ms] [WARNING] It is recommended that a robustness level be specified. Not specifying the robustness level could result in unexpected behavior. @ blob:https://www.primevideo.com/439e23d0-a89c-44dd-8019-4783ece249b6:1
[  337037ms] [WARNING] It is recommended that a robustness level be specified. Not specifying the robustness level could result in unexpected behavior. @ blob:https://www.primevideo.com/439e23d0-a89c-44dd-8019-4783ece249b6:1
[  338135ms] [WARNING] It is recommended that a robustness level be specified. Not specifying the robustness level could result in unexpected behavior. @ blob:https://www.primevideo.com/d391840f-7c67-48e8-a7a1-f0e46df0dc7c:1
[  338135ms] [WARNING] It is recommended that a robustness level be specified. Not specifying the robustness level could result in unexpected behavior. @ blob:https://www.primevideo.com/d391840f-7c67-48e8-a7a1-f0e46df0dc7c:1
[  338135ms] [WARNING] It is recommended that a robustness level be specified. Not specifying the robustness level could result in unexpected behavior. @ blob:https://www.primevideo.com/d391840f-7c67-48e8-a7a1-f0e46df0dc7c:1
[  338737ms] [WARNING] It is recommended that a robustness level be specified. Not specifying the robustness level could result in unexpected behavior. @ blob:https://www.primevideo.com/b2f8e196-434d-4d5c-bb6b-ba2ac1e05b62:1
[  338738ms] [WARNING] It is recommended that a robustness level be specified. Not specifying the robustness level could result in unexpected behavior. @ blob:https://www.primevideo.com/b2f8e196-434d-4d5c-bb6b-ba2ac1e05b62:1
[  338738ms] [WARNING] It is recommended that a robustness level be specified. Not specifying the robustness level could result in unexpected behavior. @ blob:https://www.primevideo.com/b2f8e196-434d-4d5c-bb6b-ba2ac1e05b62:1
[  340902ms] [WARNING] It is recommended that a robustness level be specified. Not specifying the robustness level could result in unexpected behavior. @ blob:https://www.primevideo.com/6c1deddc-6c1e-4466-adc7-1493fdbbf358:1
[  340902ms] [WARNING] It is recommended that a robustness level be specified. Not specifying the robustness level could result in unexpected behavior. @ blob:https://www.primevideo.com/6c1deddc-6c1e-4466-adc7-1493fdbbf358:1
[  340902ms] [WARNING] It is recommended that a robustness level be specified. Not specifying the robustness level could result in unexpected behavior. @ blob:https://www.primevideo.com/6c1deddc-6c1e-4466-adc7-1493fdbbf358:1
[  342403ms] [WARNING] It is recommended that a robustness level be specified. Not specifying the robustness level could result in unexpected behavior. @ blob:https://www.primevideo.com/439e23d0-a89c-44dd-8019-4783ece249b6:1
[  342403ms] [WARNING] It is recommended that a robustness level be specified. Not specifying the robustness level could result in unexpected behavior. @ blob:https://www.primevideo.com/439e23d0-a89c-44dd-8019-4783ece249b6:1
[  342403ms] [WARNING] It is recommended that a robustness level be specified. Not specifying the robustness level could result in unexpected behavior. @ blob:https://www.primevideo.com/439e23d0-a89c-44dd-8019-4783ece249b6:1
[  342752ms] [ERROR] Failed to load resource: net::ERR_INSUFFICIENT_RESOURCES @ https://unagi-eu.amazon.com/1/events/com.amazon.eel.pv.xpplayer.prod:0
[  343137ms] [WARNING] It is recommended that a robustness level be specified. Not specifying the robustness level could result in unexpected behavior. @ blob:https://www.primevideo.com/d391840f-7c67-48e8-a7a1-f0e46df0dc7c:1
[  343138ms] [WARNING] It is recommended that a robustness level be specified. Not specifying the robustness level could result in unexpected behavior. @ blob:https://www.primevideo.com/d391840f-7c67-48e8-a7a1-f0e46df0dc7c:1
[  343138ms] [WARNING] It is recommended that a robustness level be specified. Not specifying the robustness level could result in unexpected behavior. @ blob:https://www.primevideo.com/d391840f-7c67-48e8-a7a1-f0e46df0dc7c:1
[  343754ms] [WARNING] It is recommended that a robustness level be specified. Not specifying the robustness level could result in unexpected behavior. @ blob:https://www.primevideo.com/b2f8e196-434d-4d5c-bb6b-ba2ac1e05b62:1
[  343754ms] [WARNING] It is recommended that a robustness level be specified. Not specifying the robustness level could result in unexpected behavior. @ blob:https://www.primevideo.com/b2f8e196-434d-4d5c-bb6b-ba2ac1e05b62:1
[  343754ms] [WARNING] It is recommended that a robustness level be specified. Not specifying the robustness level could result in unexpected behavior. @ blob:https://www.primevideo.com/b2f8e196-434d-4d5c-bb6b-ba2ac1e05b62:1
[  345905ms] [WARNING] It is recommended that a robustness level be specified. Not specifying the robustness level could result in unexpected behavior. @ blob:https://www.primevideo.com/6c1deddc-6c1e-4466-adc7-1493fdbbf358:1
[  345906ms] [WARNING] It is recommended that a robustness level be specified. Not specifying the robustness level could result in unexpected behavior. @ blob:https://www.primevideo.com/6c1deddc-6c1e-4466-adc7-1493fdbbf358:1
[  345906ms] [WARNING] It is recommended that a robustness level be specified. Not specifying the robustness level could result in unexpected behavior. @ blob:https://www.primevideo.com/6c1deddc-6c1e-4466-adc7-1493fdbbf358:1
[  347414ms] [WARNING] It is recommended that a robustness level be specified. Not specifying the robustness level could result in unexpected behavior. @ blob:https://www.primevideo.com/439e23d0-a89c-44dd-8019-4783ece249b6:1
[  347414ms] [WARNING] It is recommended that a robustness level be specified. Not specifying the robustness level could result in unexpected behavior. @ blob:https://www.primevideo.com/439e23d0-a89c-44dd-8019-4783ece249b6:1
[  347414ms] [WARNING] It is recommended that a robustness level be specified. Not specifying the robustness level could result in unexpected behavior. @ blob:https://www.primevideo.com/439e23d0-a89c-44dd-8019-4783ece249b6:1
[  348142ms] [WARNING] It is recommended that a robustness level be specified. Not specifying the robustness level could result in unexpected behavior. @ blob:https://www.primevideo.com/d391840f-7c67-48e8-a7a1-f0e46df0dc7c:1
[  348142ms] [WARNING] It is recommended that a robustness level be specified. Not specifying the robustness level could result in unexpected behavior. @ blob:https://www.primevideo.com/d391840f-7c67-48e8-a7a1-f0e46df0dc7c:1
[  348142ms] [WARNING] It is recommended that a robustness level be specified. Not specifying the robustness level could result in unexpected behavior. @ blob:https://www.primevideo.com/d391840f-7c67-48e8-a7a1-f0e46df0dc7c:1
[  348769ms] [WARNING] It is recommended that a robustness level be specified. Not specifying the robustness level could result in unexpected behavior. @ blob:https://www.primevideo.com/b2f8e196-434d-4d5c-bb6b-ba2ac1e05b62:1
[  348770ms] [WARNING] It is recommended that a robustness level be specified. Not specifying the robustness level could result in unexpected behavior. @ blob:https://www.primevideo.com/b2f8e196-434d-4d5c-bb6b-ba2ac1e05b62:1
[  348770ms] [WARNING] It is recommended that a robustness level be specified. Not specifying the robustness level could result in unexpected behavior. @ blob:https://www.primevideo.com/b2f8e196-434d-4d5c-bb6b-ba2ac1e05b62:1
[  350913ms] [WARNING] It is recommended that a robustness level be specified. Not specifying the robustness level could result in unexpected behavior. @ blob:https://www.primevideo.com/6c1deddc-6c1e-4466-adc7-1493fdbbf358:1
[  350913ms] [WARNING] It is recommended that a robustness level be specified. Not specifying the robustness level could result in unexpected behavior. @ blob:https://www.primevideo.com/6c1deddc-6c1e-4466-adc7-1493fdbbf358:1
[  350914ms] [WARNING] It is recommended that a robustness level be specified. Not specifying the robustness level could result in unexpected behavior. @ blob:https://www.primevideo.com/6c1deddc-6c1e-4466-adc7-1493fdbbf358:1
[  352417ms] [WARNING] It is recommended that a robustness level be specified. Not specifying the robustness level could result in unexpected behavior. @ blob:https://www.primevideo.com/439e23d0-a89c-44dd-8019-4783ece249b6:1
[  352417ms] [WARNING] It is recommended that a robustness level be specified. Not specifying the robustness level could result in unexpected behavior. @ blob:https://www.primevideo.com/439e23d0-a89c-44dd-8019-4783ece249b6:1
[  352417ms] [WARNING] It is recommended that a robustness level be specified. Not specifying the robustness level could result in unexpected behavior. @ blob:https://www.primevideo.com/439e23d0-a89c-44dd-8019-4783ece249b6:1
[  353153ms] [WARNING] It is recommended that a robustness level be specified. Not specifying the robustness level could result in unexpected behavior. @ blob:https://www.primevideo.com/d391840f-7c67-48e8-a7a1-f0e46df0dc7c:1
[  353153ms] [WARNING] It is recommended that a robustness level be specified. Not specifying the robustness level could result in unexpected behavior. @ blob:https://www.primevideo.com/d391840f-7c67-48e8-a7a1-f0e46df0dc7c:1
[  353153ms] [WARNING] It is recommended that a robustness level be specified. Not specifying the robustness level could result in unexpected behavior. @ blob:https://www.primevideo.com/d391840f-7c67-48e8-a7a1-f0e46df0dc7c:1
[  353776ms] [WARNING] It is recommended that a robustness level be specified. Not specifying the robustness level could result in unexpected behavior. @ blob:https://www.primevideo.com/b2f8e196-434d-4d5c-bb6b-ba2ac1e05b62:1
[  353776ms] [WARNING] It is recommended that a robustness level be specified. Not specifying the robustness level could result in unexpected behavior. @ blob:https://www.primevideo.com/b2f8e196-434d-4d5c-bb6b-ba2ac1e05b62:1
[  353776ms] [WARNING] It is recommended that a robustness level be specified. Not specifying the robustness level could result in unexpected behavior. @ blob:https://www.primevideo.com/b2f8e196-434d-4d5c-bb6b-ba2ac1e05b62:1
[  355929ms] [WARNING] It is recommended that a robustness level be specified. Not specifying the robustness level could result in unexpected behavior. @ blob:https://www.primevideo.com/6c1deddc-6c1e-4466-adc7-1493fdbbf358:1
[  355930ms] [WARNING] It is recommended that a robustness level be specified. Not specifying the robustness level could result in unexpected behavior. @ blob:https://www.primevideo.com/6c1deddc-6c1e-4466-adc7-1493fdbbf358:1
[  355930ms] [WARNING] It is recommended that a robustness level be specified. Not specifying the robustness level could result in unexpected behavior. @ blob:https://www.primevideo.com/6c1deddc-6c1e-4466-adc7-1493fdbbf358:1
[  357433ms] [WARNING] It is recommended that a robustness level be specified. Not specifying the robustness level could result in unexpected behavior. @ blob:https://www.primevideo.com/439e23d0-a89c-44dd-8019-4783ece249b6:1
[  357433ms] [WARNING] It is recommended that a robustness level be specified. Not specifying the robustness level could result in unexpected behavior. @ blob:https://www.primevideo.com/439e23d0-a89c-44dd-8019-4783ece249b6:1
[  357433ms] [WARNING] It is recommended that a robustness level be specified. Not specifying the robustness level could result in unexpected behavior. @ blob:https://www.primevideo.com/439e23d0-a89c-44dd-8019-4783ece249b6:1
[  358162ms] [WARNING] It is recommended that a robustness level be specified. Not specifying the robustness level could result in unexpected behavior. @ blob:https://www.primevideo.com/d391840f-7c67-48e8-a7a1-f0e46df0dc7c:1
[  358162ms] [WARNING] It is recommended that a robustness level be specified. Not specifying the robustness level could result in unexpected behavior. @ blob:https://www.primevideo.com/d391840f-7c67-48e8-a7a1-f0e46df0dc7c:1
[  358162ms] [WARNING] It is recommended that a robustness level be specified. Not specifying the robustness level could result in unexpected behavior. @ blob:https://www.primevideo.com/d391840f-7c67-48e8-a7a1-f0e46df0dc7c:1
[  358785ms] [WARNING] It is recommended that a robustness level be specified. Not specifying the robustness level could result in unexpected behavior. @ blob:https://www.primevideo.com/b2f8e196-434d-4d5c-bb6b-ba2ac1e05b62:1
[  358785ms] [WARNING] It is recommended that a robustness level be specified. Not specifying the robustness level could result in unexpected behavior. @ blob:https://www.primevideo.com/b2f8e196-434d-4d5c-bb6b-ba2ac1e05b62:1
[  358785ms] [WARNING] It is recommended that a robustness level be specified. Not specifying the robustness level could result in unexpected behavior. @ blob:https://www.primevideo.com/b2f8e196-434d-4d5c-bb6b-ba2ac1e05b62:1
[  360934ms] [WARNING] It is recommended that a robustness level be specified. Not specifying the robustness level could result in unexpected behavior. @ blob:https://www.primevideo.com/6c1deddc-6c1e-4466-adc7-1493fdbbf358:1
[  360935ms] [WARNING] It is recommended that a robustness level be specified. Not specifying the robustness level could result in unexpected behavior. @ blob:https://www.primevideo.com/6c1deddc-6c1e-4466-adc7-1493fdbbf358:1
[  360935ms] [WARNING] It is recommended that a robustness level be specified. Not specifying the robustness level could result in unexpected behavior. @ blob:https://www.primevideo.com/6c1deddc-6c1e-4466-adc7-1493fdbbf358:1
