[    4988ms] [WARNING] It is recommended that a robustness level be specified. Not specifying the robustness level could result in unexpected behavior. @ blob:https://www.primevideo.com/157f3979-299a-4e3d-bd64-2e20a6e16460:1
[    5019ms] [WARNING] com.microsoft.playready.recommendation: Internal testing is highly recommended prior to enabling PlayReady playback on Windows. Failure to do so may cause application instability or playback errors.

Before generating a request, setServerCertificate() must be called with a valid server certificate. Otherwise, generateRequest() could fail. @ blob:https://www.primevideo.com/157f3979-299a-4e3d-bd64-2e20a6e16460:1
[    5019ms] [WARNING] com.microsoft.playready.recommendation: Internal testing is highly recommended prior to enabling PlayReady playback on Windows. Failure to do so may cause application instability or playback errors.

Before generating a request, setServerCertificate() must be called with a valid server certificate. Otherwise, generateRequest() could fail. @ blob:https://www.primevideo.com/157f3979-299a-4e3d-bd64-2e20a6e16460:1
[    5019ms] [WARNING] It is recommended that a robustness level be specified. Not specifying the robustness level could result in unexpected behavior. @ blob:https://www.primevideo.com/157f3979-299a-4e3d-bd64-2e20a6e16460:1
[    5290ms] [WARNING] It is recommended that a robustness level be specified. Not specifying the robustness level could result in unexpected behavior. @ blob:https://www.primevideo.com/5c0ff0aa-8966-4593-bc69-5741b72b7202:1
[    5315ms] [WARNING] com.microsoft.playready.recommendation: Internal testing is highly recommended prior to enabling PlayReady playback on Windows. Failure to do so may cause application instability or playback errors.

Before generating a request, setServerCertificate() must be called with a valid server certificate. Otherwise, generateRequest() could fail. @ blob:https://www.primevideo.com/5c0ff0aa-8966-4593-bc69-5741b72b7202:1
[    5316ms] [WARNING] com.microsoft.playready.recommendation: Internal testing is highly recommended prior to enabling PlayReady playback on Windows. Failure to do so may cause application instability or playback errors.

Before generating a request, setServerCertificate() must be called with a valid server certificate. Otherwise, generateRequest() could fail. @ blob:https://www.primevideo.com/5c0ff0aa-8966-4593-bc69-5741b72b7202:1
[    5316ms] [WARNING] It is recommended that a robustness level be specified. Not specifying the robustness level could result in unexpected behavior. @ blob:https://www.primevideo.com/5c0ff0aa-8966-4593-bc69-5741b72b7202:1
[    6840ms] [WARNING] It is recommended that a robustness level be specified. Not specifying the robustness level could result in unexpected behavior. @ blob:https://www.primevideo.com/157f3979-299a-4e3d-bd64-2e20a6e16460:1
[    6841ms] [WARNING] It is recommended that a robustness level be specified. Not specifying the robustness level could result in unexpected behavior. @ blob:https://www.primevideo.com/5c0ff0aa-8966-4593-bc69-5741b72b7202:1
[    6842ms] [WARNING] It is recommended that a robustness level be specified. Not specifying the robustness level could result in unexpected behavior. @ blob:https://www.primevideo.com/157f3979-299a-4e3d-bd64-2e20a6e16460:1
[    6842ms] [WARNING] It is recommended that a robustness level be specified. Not specifying the robustness level could result in unexpected behavior. @ blob:https://www.primevideo.com/5c0ff0aa-8966-4593-bc69-5741b72b7202:1
[    6844ms] [WARNING] com.microsoft.playready.recommendation: Internal testing is highly recommended prior to enabling PlayReady playback on Windows. Failure to do so may cause application instability or playback errors.

Before generating a request, setServerCertificate() must be called with a valid server certificate. Otherwise, generateRequest() could fail. @ blob:https://www.primevideo.com/157f3979-299a-4e3d-bd64-2e20a6e16460:1
[    6844ms] [WARNING] com.microsoft.playready.recommendation: Internal testing is highly recommended prior to enabling PlayReady playback on Windows. Failure to do so may cause application instability or playback errors.

Before generating a request, setServerCertificate() must be called with a valid server certificate. Otherwise, generateRequest() could fail. @ blob:https://www.primevideo.com/157f3979-299a-4e3d-bd64-2e20a6e16460:1
[    6844ms] [WARNING] It is recommended that a robustness level be specified. Not specifying the robustness level could result in unexpected behavior. @ blob:https://www.primevideo.com/157f3979-299a-4e3d-bd64-2e20a6e16460:1
[    6845ms] [WARNING] com.microsoft.playready.recommendation: Internal testing is highly recommended prior to enabling PlayReady playback on Windows. Failure to do so may cause application instability or playback errors.

Before generating a request, setServerCertificate() must be called with a valid server certificate. Otherwise, generateRequest() could fail. @ blob:https://www.primevideo.com/157f3979-299a-4e3d-bd64-2e20a6e16460:1
[    6845ms] [WARNING] com.microsoft.playready.recommendation: Internal testing is highly recommended prior to enabling PlayReady playback on Windows. Failure to do so may cause application instability or playback errors.

Before generating a request, setServerCertificate() must be called with a valid server certificate. Otherwise, generateRequest() could fail. @ blob:https://www.primevideo.com/157f3979-299a-4e3d-bd64-2e20a6e16460:1
[    6845ms] [WARNING] It is recommended that a robustness level be specified. Not specifying the robustness level could result in unexpected behavior. @ blob:https://www.primevideo.com/157f3979-299a-4e3d-bd64-2e20a6e16460:1
[    6845ms] [WARNING] com.microsoft.playready.recommendation: Internal testing is highly recommended prior to enabling PlayReady playback on Windows. Failure to do so may cause application instability or playback errors.

Before generating a request, setServerCertificate() must be called with a valid server certificate. Otherwise, generateRequest() could fail. @ blob:https://www.primevideo.com/157f3979-299a-4e3d-bd64-2e20a6e16460:1
[    6845ms] [WARNING] com.microsoft.playready.recommendation: Internal testing is highly recommended prior to enabling PlayReady playback on Windows. Failure to do so may cause application instability or playback errors.

Before generating a request, setServerCertificate() must be called with a valid server certificate. Otherwise, generateRequest() could fail. @ blob:https://www.primevideo.com/157f3979-299a-4e3d-bd64-2e20a6e16460:1
[    6845ms] [WARNING] It is recommended that a robustness level be specified. Not specifying the robustness level could result in unexpected behavior. @ blob:https://www.primevideo.com/157f3979-299a-4e3d-bd64-2e20a6e16460:1
[    6847ms] [WARNING] com.microsoft.playready.recommendation: Internal testing is highly recommended prior to enabling PlayReady playback on Windows. Failure to do so may cause application instability or playback errors.

Before generating a request, setServerCertificate() must be called with a valid server certificate. Otherwise, generateRequest() could fail. @ blob:https://www.primevideo.com/5c0ff0aa-8966-4593-bc69-5741b72b7202:1
[    6847ms] [WARNING] com.microsoft.playready.recommendation: Internal testing is highly recommended prior to enabling PlayReady playback on Windows. Failure to do so may cause application instability or playback errors.

Before generating a request, setServerCertificate() must be called with a valid server certificate. Otherwise, generateRequest() could fail. @ blob:https://www.primevideo.com/5c0ff0aa-8966-4593-bc69-5741b72b7202:1
[    6848ms] [WARNING] It is recommended that a robustness level be specified. Not specifying the robustness level could result in unexpected behavior. @ blob:https://www.primevideo.com/5c0ff0aa-8966-4593-bc69-5741b72b7202:1
[    6850ms] [WARNING] com.microsoft.playready.recommendation: Internal testing is highly recommended prior to enabling PlayReady playback on Windows. Failure to do so may cause application instability or playback errors.

Before generating a request, setServerCertificate() must be called with a valid server certificate. Otherwise, generateRequest() could fail. @ blob:https://www.primevideo.com/5c0ff0aa-8966-4593-bc69-5741b72b7202:1
[    6851ms] [WARNING] com.microsoft.playready.recommendation: Internal testing is highly recommended prior to enabling PlayReady playback on Windows. Failure to do so may cause application instability or playback errors.

Before generating a request, setServerCertificate() must be called with a valid server certificate. Otherwise, generateRequest() could fail. @ blob:https://www.primevideo.com/5c0ff0aa-8966-4593-bc69-5741b72b7202:1
[    6851ms] [WARNING] It is recommended that a robustness level be specified. Not specifying the robustness level could result in unexpected behavior. @ blob:https://www.primevideo.com/5c0ff0aa-8966-4593-bc69-5741b72b7202:1
[    6852ms] [WARNING] com.microsoft.playready.recommendation: Internal testing is highly recommended prior to enabling PlayReady playback on Windows. Failure to do so may cause application instability or playback errors.

Before generating a request, setServerCertificate() must be called with a valid server certificate. Otherwise, generateRequest() could fail. @ blob:https://www.primevideo.com/5c0ff0aa-8966-4593-bc69-5741b72b7202:1
[    6852ms] [WARNING] com.microsoft.playready.recommendation: Internal testing is highly recommended prior to enabling PlayReady playback on Windows. Failure to do so may cause application instability or playback errors.

Before generating a request, setServerCertificate() must be called with a valid server certificate. Otherwise, generateRequest() could fail. @ blob:https://www.primevideo.com/5c0ff0aa-8966-4593-bc69-5741b72b7202:1
[    6852ms] [WARNING] It is recommended that a robustness level be specified. Not specifying the robustness level could result in unexpected behavior. @ blob:https://www.primevideo.com/5c0ff0aa-8966-4593-bc69-5741b72b7202:1
[    9108ms] [WARNING] It is recommended that a robustness level be specified. Not specifying the robustness level could result in unexpected behavior. @ blob:https://www.primevideo.com/5c0ff0aa-8966-4593-bc69-5741b72b7202:1
[    9108ms] [WARNING] It is recommended that a robustness level be specified. Not specifying the robustness level could result in unexpected behavior. @ blob:https://www.primevideo.com/5c0ff0aa-8966-4593-bc69-5741b72b7202:1
[    9108ms] [WARNING] It is recommended that a robustness level be specified. Not specifying the robustness level could result in unexpected behavior. @ blob:https://www.primevideo.com/5c0ff0aa-8966-4593-bc69-5741b72b7202:1
[    9116ms] [ERROR] Error logged with the Track&Report JS errors API(http://tiny/1covqr6l8/wamazindeClieUserJava): {"m":"DraperPlayer error {\"logID\":{\"domain\":\"Unknown\",\"id\":\"Unknown\"}}: There was an error playing your video. Please try again. If the problem continues, contact customer service.","name":"xp.unknown","csm":"v5 ueLogError stack","logLevel":"ERROR","attribution":"ATVHome:Home","pageURL":"https://www.primevideo.com/","f":"blob:https://www.primevideo.com/5c0ff0aa-8966-4593-bc69-5741b72b7202","l":"2","s":["xp.unknown","at new t (blob:https://www.primevideo.com/5c0ff0aa-8966-4593-bc69-5741b72b7202:2:553823)","at e.xpToWebError (blob:https://www.primevideo.com/5c0ff0aa-8966-4593-bc69-5741b72b7202:2:557706)","at onXpContentError (blob:https://www.primevideo.com/5c0ff0aa-8966-4593-bc69-5741b72b7202:2:6634272)","at e.emitSync (blob:https://www.primevideo.com/5c0ff0aa-8966-4593-bc69-5741b72b7202:2:335254)","at Object.<anonymous> (blob:https://www.primevideo.com/5c0ff0aa-8966-4593-bc69-5741b72b7202:2:335605)","at onNextMicrotask (blob:https://www.primevideo.com/5c0ff0aa-8966-4593-bc69-5741b72b7202:2:39467)"],"t":8522} {m: DraperPlayer error {"logID":{"domain":"Unknown","i… the problem continues, contact customer service., name: xp.unknown, type: undefined, csm: v5 ueLogError stack, logLevel: ERROR} @ https://images-na.ssl-images-amazon.com/images/I/215h87l68bL.js:3
[    9121ms] [ERROR] Error logged with the Track&Report JS errors API(http://tiny/1covqr6l8/wamazindeClieUserJava): {"m":"DraperPlayer error {\"logID\":{\"domain\":\"Unknown\",\"id\":\"Unknown\"}}: An unknown error occurred during content loading","name":"UnknownError","csm":"v5 ueLogError stack","logLevel":"ERROR","attribution":"ATVHome:Home","pageURL":"https://www.primevideo.com/","f":"blob:https://www.primevideo.com/5c0ff0aa-8966-4593-bc69-5741b72b7202","l":"2","s":["UnknownError: An unknown error occurred during content loading","at e.newError (blob:https://www.primevideo.com/5c0ff0aa-8966-4593-bc69-5741b72b7202:2:554141)","at Object.onStateChange (blob:https://www.primevideo.com/5c0ff0aa-8966-4593-bc69-5741b72b7202:2:6648324)","at e.onStateChange (blob:https://www.primevideo.com/5c0ff0aa-8966-4593-bc69-5741b72b7202:2:6647603)","at onXpContentStateChange (blob:https://www.primevideo.com/5c0ff0aa-8966-4593-bc69-5741b72b7202:2:6633710)","at e.emitSync (blob:https://www.primevideo.com/5c0ff0aa-8966-4593-bc69-5741b72b7202:2:335254)","at Object.<anonymous> (blob:https://www.primevideo.com/5c0ff0aa-8966-4593-bc69-5741b72b7202:2:335605)","at onNextMicrotask (blob:https://www.primevideo.com/5c0ff0aa-8966-4593-bc69-5741b72b7202:2:39467)"],"t":8528} {m: DraperPlayer error {"logID":{"domain":"Unknown","i… An unknown error occurred during content loading, name: UnknownError, type: undefined, csm: v5 ueLogError stack, logLevel: ERROR} @ https://images-na.ssl-images-amazon.com/images/I/215h87l68bL.js:3
[    9989ms] [WARNING] It is recommended that a robustness level be specified. Not specifying the robustness level could result in unexpected behavior. @ blob:https://www.primevideo.com/157f3979-299a-4e3d-bd64-2e20a6e16460:1
[    9990ms] [WARNING] It is recommended that a robustness level be specified. Not specifying the robustness level could result in unexpected behavior. @ blob:https://www.primevideo.com/157f3979-299a-4e3d-bd64-2e20a6e16460:1
[    9990ms] [WARNING] It is recommended that a robustness level be specified. Not specifying the robustness level could result in unexpected behavior. @ blob:https://www.primevideo.com/157f3979-299a-4e3d-bd64-2e20a6e16460:1
[   10301ms] [WARNING] It is recommended that a robustness level be specified. Not specifying the robustness level could result in unexpected behavior. @ blob:https://www.primevideo.com/5c0ff0aa-8966-4593-bc69-5741b72b7202:1
[   10301ms] [WARNING] It is recommended that a robustness level be specified. Not specifying the robustness level could result in unexpected behavior. @ blob:https://www.primevideo.com/5c0ff0aa-8966-4593-bc69-5741b72b7202:1
[   10301ms] [WARNING] It is recommended that a robustness level be specified. Not specifying the robustness level could result in unexpected behavior. @ blob:https://www.primevideo.com/5c0ff0aa-8966-4593-bc69-5741b72b7202:1
[   14186ms] [WARNING] It is recommended that a robustness level be specified. Not specifying the robustness level could result in unexpected behavior. @ blob:https://www.primevideo.com/5c0ff0aa-8966-4593-bc69-5741b72b7202:1
[   14186ms] [WARNING] It is recommended that a robustness level be specified. Not specifying the robustness level could result in unexpected behavior. @ blob:https://www.primevideo.com/5c0ff0aa-8966-4593-bc69-5741b72b7202:1
[   14186ms] [WARNING] It is recommended that a robustness level be specified. Not specifying the robustness level could result in unexpected behavior. @ blob:https://www.primevideo.com/5c0ff0aa-8966-4593-bc69-5741b72b7202:1
[   14188ms] [ERROR] Error logged with the Track&Report JS errors API(http://tiny/1covqr6l8/wamazindeClieUserJava): {"m":"DraperPlayer error {\"logID\":{\"domain\":\"Unknown\",\"id\":\"Unknown\"}}: There was an error playing your video. Please try again. If the problem continues, contact customer service.","name":"xp.unknown","csm":"v5 ueLogError stack","logLevel":"ERROR","attribution":"ATVHome:Home","pageURL":"https://www.primevideo.com/","f":"blob:https://www.primevideo.com/5c0ff0aa-8966-4593-bc69-5741b72b7202","l":"2","s":["xp.unknown","at new t (blob:https://www.primevideo.com/5c0ff0aa-8966-4593-bc69-5741b72b7202:2:553823)","at e.xpToWebError (blob:https://www.primevideo.com/5c0ff0aa-8966-4593-bc69-5741b72b7202:2:557706)","at onXpContentError (blob:https://www.primevideo.com/5c0ff0aa-8966-4593-bc69-5741b72b7202:2:6634272)","at e.emitSync (blob:https://www.primevideo.com/5c0ff0aa-8966-4593-bc69-5741b72b7202:2:335254)","at Object.<anonymous> (blob:https://www.primevideo.com/5c0ff0aa-8966-4593-bc69-5741b72b7202:2:335605)","at onNextMicrotask (blob:https://www.primevideo.com/5c0ff0aa-8966-4593-bc69-5741b72b7202:2:39467)"],"t":13594} {m: DraperPlayer error {"logID":{"domain":"Unknown","i… the problem continues, contact customer service., name: xp.unknown, type: undefined, csm: v5 ueLogError stack, logLevel: ERROR} @ https://images-na.ssl-images-amazon.com/images/I/215h87l68bL.js:3
[   14190ms] [ERROR] Error logged with the Track&Report JS errors API(http://tiny/1covqr6l8/wamazindeClieUserJava): {"m":"DraperPlayer error {\"logID\":{\"domain\":\"Unknown\",\"id\":\"Unknown\"}}: An unknown error occurred during content loading","name":"UnknownError","csm":"v5 ueLogError stack","logLevel":"ERROR","attribution":"ATVHome:Home","pageURL":"https://www.primevideo.com/","f":"blob:https://www.primevideo.com/5c0ff0aa-8966-4593-bc69-5741b72b7202","l":"2","s":["UnknownError: An unknown error occurred during content loading","at e.newError (blob:https://www.primevideo.com/5c0ff0aa-8966-4593-bc69-5741b72b7202:2:554141)","at Object.onStateChange (blob:https://www.primevideo.com/5c0ff0aa-8966-4593-bc69-5741b72b7202:2:6648324)","at e.onStateChange (blob:https://www.primevideo.com/5c0ff0aa-8966-4593-bc69-5741b72b7202:2:6647603)","at onXpContentStateChange (blob:https://www.primevideo.com/5c0ff0aa-8966-4593-bc69-5741b72b7202:2:6633710)","at e.emitSync (blob:https://www.primevideo.com/5c0ff0aa-8966-4593-bc69-5741b72b7202:2:335254)","at Object.<anonymous> (blob:https://www.primevideo.com/5c0ff0aa-8966-4593-bc69-5741b72b7202:2:335605)","at onNextMicrotask (blob:https://www.primevideo.com/5c0ff0aa-8966-4593-bc69-5741b72b7202:2:39467)"],"t":13596} {m: DraperPlayer error {"logID":{"domain":"Unknown","i… An unknown error occurred during content loading, name: UnknownError, type: undefined, csm: v5 ueLogError stack, logLevel: ERROR} @ https://images-na.ssl-images-amazon.com/images/I/215h87l68bL.js:3
[   15001ms] [WARNING] It is recommended that a robustness level be specified. Not specifying the robustness level could result in unexpected behavior. @ blob:https://www.primevideo.com/157f3979-299a-4e3d-bd64-2e20a6e16460:1
[   15001ms] [WARNING] It is recommended that a robustness level be specified. Not specifying the robustness level could result in unexpected behavior. @ blob:https://www.primevideo.com/157f3979-299a-4e3d-bd64-2e20a6e16460:1
[   15001ms] [WARNING] It is recommended that a robustness level be specified. Not specifying the robustness level could result in unexpected behavior. @ blob:https://www.primevideo.com/157f3979-299a-4e3d-bd64-2e20a6e16460:1
[   20017ms] [WARNING] It is recommended that a robustness level be specified. Not specifying the robustness level could result in unexpected behavior. @ blob:https://www.primevideo.com/157f3979-299a-4e3d-bd64-2e20a6e16460:1
[   20017ms] [WARNING] It is recommended that a robustness level be specified. Not specifying the robustness level could result in unexpected behavior. @ blob:https://www.primevideo.com/157f3979-299a-4e3d-bd64-2e20a6e16460:1
[   20017ms] [WARNING] It is recommended that a robustness level be specified. Not specifying the robustness level could result in unexpected behavior. @ blob:https://www.primevideo.com/157f3979-299a-4e3d-bd64-2e20a6e16460:1
[   22580ms] [WARNING] It is recommended that a robustness level be specified. Not specifying the robustness level could result in unexpected behavior. @ blob:https://www.primevideo.com/38ff4606-6a11-4421-9cc1-5446b393b526:1
[   22590ms] [WARNING] It is recommended that a robustness level be specified. Not specifying the robustness level could result in unexpected behavior. @ blob:https://www.primevideo.com/38ff4606-6a11-4421-9cc1-5446b393b526:1
[   22590ms] [WARNING] It is recommended that a robustness level be specified. Not specifying the robustness level could result in unexpected behavior. @ blob:https://www.primevideo.com/38ff4606-6a11-4421-9cc1-5446b393b526:1
[   22600ms] [WARNING] com.microsoft.playready.recommendation: Internal testing is highly recommended prior to enabling PlayReady playback on Windows. Failure to do so may cause application instability or playback errors.

Before generating a request, setServerCertificate() must be called with a valid server certificate. Otherwise, generateRequest() could fail. @ blob:https://www.primevideo.com/38ff4606-6a11-4421-9cc1-5446b393b526:1
[   22600ms] [WARNING] com.microsoft.playready.recommendation: Internal testing is highly recommended prior to enabling PlayReady playback on Windows. Failure to do so may cause application instability or playback errors.

Before generating a request, setServerCertificate() must be called with a valid server certificate. Otherwise, generateRequest() could fail. @ blob:https://www.primevideo.com/38ff4606-6a11-4421-9cc1-5446b393b526:1
[   22600ms] [WARNING] It is recommended that a robustness level be specified. Not specifying the robustness level could result in unexpected behavior. @ blob:https://www.primevideo.com/38ff4606-6a11-4421-9cc1-5446b393b526:1
[   22602ms] [WARNING] com.microsoft.playready.recommendation: Internal testing is highly recommended prior to enabling PlayReady playback on Windows. Failure to do so may cause application instability or playback errors.

Before generating a request, setServerCertificate() must be called with a valid server certificate. Otherwise, generateRequest() could fail. @ blob:https://www.primevideo.com/38ff4606-6a11-4421-9cc1-5446b393b526:1
[   22602ms] [WARNING] com.microsoft.playready.recommendation: Internal testing is highly recommended prior to enabling PlayReady playback on Windows. Failure to do so may cause application instability or playback errors.

Before generating a request, setServerCertificate() must be called with a valid server certificate. Otherwise, generateRequest() could fail. @ blob:https://www.primevideo.com/38ff4606-6a11-4421-9cc1-5446b393b526:1
[   22603ms] [WARNING] It is recommended that a robustness level be specified. Not specifying the robustness level could result in unexpected behavior. @ blob:https://www.primevideo.com/38ff4606-6a11-4421-9cc1-5446b393b526:1
[   22603ms] [WARNING] com.microsoft.playready.recommendation: Internal testing is highly recommended prior to enabling PlayReady playback on Windows. Failure to do so may cause application instability or playback errors.

Before generating a request, setServerCertificate() must be called with a valid server certificate. Otherwise, generateRequest() could fail. @ blob:https://www.primevideo.com/38ff4606-6a11-4421-9cc1-5446b393b526:1
[   22603ms] [WARNING] com.microsoft.playready.recommendation: Internal testing is highly recommended prior to enabling PlayReady playback on Windows. Failure to do so may cause application instability or playback errors.

Before generating a request, setServerCertificate() must be called with a valid server certificate. Otherwise, generateRequest() could fail. @ blob:https://www.primevideo.com/38ff4606-6a11-4421-9cc1-5446b393b526:1
[   22603ms] [WARNING] It is recommended that a robustness level be specified. Not specifying the robustness level could result in unexpected behavior. @ blob:https://www.primevideo.com/38ff4606-6a11-4421-9cc1-5446b393b526:1
[   22603ms] [WARNING] com.microsoft.playready.recommendation: Internal testing is highly recommended prior to enabling PlayReady playback on Windows. Failure to do so may cause application instability or playback errors.

Before generating a request, setServerCertificate() must be called with a valid server certificate. Otherwise, generateRequest() could fail. @ blob:https://www.primevideo.com/38ff4606-6a11-4421-9cc1-5446b393b526:1
[   22603ms] [WARNING] com.microsoft.playready.recommendation: Internal testing is highly recommended prior to enabling PlayReady playback on Windows. Failure to do so may cause application instability or playback errors.

Before generating a request, setServerCertificate() must be called with a valid server certificate. Otherwise, generateRequest() could fail. @ blob:https://www.primevideo.com/38ff4606-6a11-4421-9cc1-5446b393b526:1
[   22604ms] [WARNING] It is recommended that a robustness level be specified. Not specifying the robustness level could result in unexpected behavior. @ blob:https://www.primevideo.com/38ff4606-6a11-4421-9cc1-5446b393b526:1
[   25024ms] [WARNING] It is recommended that a robustness level be specified. Not specifying the robustness level could result in unexpected behavior. @ blob:https://www.primevideo.com/157f3979-299a-4e3d-bd64-2e20a6e16460:1
[   25024ms] [WARNING] It is recommended that a robustness level be specified. Not specifying the robustness level could result in unexpected behavior. @ blob:https://www.primevideo.com/157f3979-299a-4e3d-bd64-2e20a6e16460:1
[   25024ms] [WARNING] It is recommended that a robustness level be specified. Not specifying the robustness level could result in unexpected behavior. @ blob:https://www.primevideo.com/157f3979-299a-4e3d-bd64-2e20a6e16460:1
[   27587ms] [WARNING] It is recommended that a robustness level be specified. Not specifying the robustness level could result in unexpected behavior. @ blob:https://www.primevideo.com/38ff4606-6a11-4421-9cc1-5446b393b526:1
[   27587ms] [WARNING] It is recommended that a robustness level be specified. Not specifying the robustness level could result in unexpected behavior. @ blob:https://www.primevideo.com/38ff4606-6a11-4421-9cc1-5446b393b526:1
[   27587ms] [WARNING] It is recommended that a robustness level be specified. Not specifying the robustness level could result in unexpected behavior. @ blob:https://www.primevideo.com/38ff4606-6a11-4421-9cc1-5446b393b526:1
[   30027ms] [WARNING] It is recommended that a robustness level be specified. Not specifying the robustness level could result in unexpected behavior. @ blob:https://www.primevideo.com/157f3979-299a-4e3d-bd64-2e20a6e16460:1
[   30030ms] [WARNING] It is recommended that a robustness level be specified. Not specifying the robustness level could result in unexpected behavior. @ blob:https://www.primevideo.com/157f3979-299a-4e3d-bd64-2e20a6e16460:1
[   30031ms] [WARNING] It is recommended that a robustness level be specified. Not specifying the robustness level could result in unexpected behavior. @ blob:https://www.primevideo.com/157f3979-299a-4e3d-bd64-2e20a6e16460:1
[   32595ms] [WARNING] It is recommended that a robustness level be specified. Not specifying the robustness level could result in unexpected behavior. @ blob:https://www.primevideo.com/38ff4606-6a11-4421-9cc1-5446b393b526:1
[   32595ms] [WARNING] It is recommended that a robustness level be specified. Not specifying the robustness level could result in unexpected behavior. @ blob:https://www.primevideo.com/38ff4606-6a11-4421-9cc1-5446b393b526:1
[   32595ms] [WARNING] It is recommended that a robustness level be specified. Not specifying the robustness level could result in unexpected behavior. @ blob:https://www.primevideo.com/38ff4606-6a11-4421-9cc1-5446b393b526:1
[   35045ms] [WARNING] It is recommended that a robustness level be specified. Not specifying the robustness level could result in unexpected behavior. @ blob:https://www.primevideo.com/157f3979-299a-4e3d-bd64-2e20a6e16460:1
[   35045ms] [WARNING] It is recommended that a robustness level be specified. Not specifying the robustness level could result in unexpected behavior. @ blob:https://www.primevideo.com/157f3979-299a-4e3d-bd64-2e20a6e16460:1
[   35046ms] [WARNING] It is recommended that a robustness level be specified. Not specifying the robustness level could result in unexpected behavior. @ blob:https://www.primevideo.com/157f3979-299a-4e3d-bd64-2e20a6e16460:1
[   37596ms] [WARNING] It is recommended that a robustness level be specified. Not specifying the robustness level could result in unexpected behavior. @ blob:https://www.primevideo.com/38ff4606-6a11-4421-9cc1-5446b393b526:1
[   37597ms] [WARNING] It is recommended that a robustness level be specified. Not specifying the robustness level could result in unexpected behavior. @ blob:https://www.primevideo.com/38ff4606-6a11-4421-9cc1-5446b393b526:1
[   37597ms] [WARNING] It is recommended that a robustness level be specified. Not specifying the robustness level could result in unexpected behavior. @ blob:https://www.primevideo.com/38ff4606-6a11-4421-9cc1-5446b393b526:1
[   40057ms] [WARNING] It is recommended that a robustness level be specified. Not specifying the robustness level could result in unexpected behavior. @ blob:https://www.primevideo.com/157f3979-299a-4e3d-bd64-2e20a6e16460:1
[   40057ms] [WARNING] It is recommended that a robustness level be specified. Not specifying the robustness level could result in unexpected behavior. @ blob:https://www.primevideo.com/157f3979-299a-4e3d-bd64-2e20a6e16460:1
[   40058ms] [WARNING] It is recommended that a robustness level be specified. Not specifying the robustness level could result in unexpected behavior. @ blob:https://www.primevideo.com/157f3979-299a-4e3d-bd64-2e20a6e16460:1
[   42601ms] [WARNING] It is recommended that a robustness level be specified. Not specifying the robustness level could result in unexpected behavior. @ blob:https://www.primevideo.com/38ff4606-6a11-4421-9cc1-5446b393b526:1
[   42601ms] [WARNING] It is recommended that a robustness level be specified. Not specifying the robustness level could result in unexpected behavior. @ blob:https://www.primevideo.com/38ff4606-6a11-4421-9cc1-5446b393b526:1
[   42601ms] [WARNING] It is recommended that a robustness level be specified. Not specifying the robustness level could result in unexpected behavior. @ blob:https://www.primevideo.com/38ff4606-6a11-4421-9cc1-5446b393b526:1
[   45072ms] [WARNING] It is recommended that a robustness level be specified. Not specifying the robustness level could result in unexpected behavior. @ blob:https://www.primevideo.com/157f3979-299a-4e3d-bd64-2e20a6e16460:1
[   45073ms] [WARNING] It is recommended that a robustness level be specified. Not specifying the robustness level could result in unexpected behavior. @ blob:https://www.primevideo.com/157f3979-299a-4e3d-bd64-2e20a6e16460:1
[   45073ms] [WARNING] It is recommended that a robustness level be specified. Not specifying the robustness level could result in unexpected behavior. @ blob:https://www.primevideo.com/157f3979-299a-4e3d-bd64-2e20a6e16460:1
[   47605ms] [WARNING] It is recommended that a robustness level be specified. Not specifying the robustness level could result in unexpected behavior. @ blob:https://www.primevideo.com/38ff4606-6a11-4421-9cc1-5446b393b526:1
[   47605ms] [WARNING] It is recommended that a robustness level be specified. Not specifying the robustness level could result in unexpected behavior. @ blob:https://www.primevideo.com/38ff4606-6a11-4421-9cc1-5446b393b526:1
[   47606ms] [WARNING] It is recommended that a robustness level be specified. Not specifying the robustness level could result in unexpected behavior. @ blob:https://www.primevideo.com/38ff4606-6a11-4421-9cc1-5446b393b526:1
[   50075ms] [WARNING] It is recommended that a robustness level be specified. Not specifying the robustness level could result in unexpected behavior. @ blob:https://www.primevideo.com/157f3979-299a-4e3d-bd64-2e20a6e16460:1
[   50075ms] [WARNING] It is recommended that a robustness level be specified. Not specifying the robustness level could result in unexpected behavior. @ blob:https://www.primevideo.com/157f3979-299a-4e3d-bd64-2e20a6e16460:1
[   50076ms] [WARNING] It is recommended that a robustness level be specified. Not specifying the robustness level could result in unexpected behavior. @ blob:https://www.primevideo.com/157f3979-299a-4e3d-bd64-2e20a6e16460:1
[   52615ms] [WARNING] It is recommended that a robustness level be specified. Not specifying the robustness level could result in unexpected behavior. @ blob:https://www.primevideo.com/38ff4606-6a11-4421-9cc1-5446b393b526:1
[   52615ms] [WARNING] It is recommended that a robustness level be specified. Not specifying the robustness level could result in unexpected behavior. @ blob:https://www.primevideo.com/38ff4606-6a11-4421-9cc1-5446b393b526:1
[   52615ms] [WARNING] It is recommended that a robustness level be specified. Not specifying the robustness level could result in unexpected behavior. @ blob:https://www.primevideo.com/38ff4606-6a11-4421-9cc1-5446b393b526:1
[   55084ms] [WARNING] It is recommended that a robustness level be specified. Not specifying the robustness level could result in unexpected behavior. @ blob:https://www.primevideo.com/157f3979-299a-4e3d-bd64-2e20a6e16460:1
[   55084ms] [WARNING] It is recommended that a robustness level be specified. Not specifying the robustness level could result in unexpected behavior. @ blob:https://www.primevideo.com/157f3979-299a-4e3d-bd64-2e20a6e16460:1
[   55084ms] [WARNING] It is recommended that a robustness level be specified. Not specifying the robustness level could result in unexpected behavior. @ blob:https://www.primevideo.com/157f3979-299a-4e3d-bd64-2e20a6e16460:1
[   57625ms] [WARNING] It is recommended that a robustness level be specified. Not specifying the robustness level could result in unexpected behavior. @ blob:https://www.primevideo.com/38ff4606-6a11-4421-9cc1-5446b393b526:1
[   57625ms] [WARNING] It is recommended that a robustness level be specified. Not specifying the robustness level could result in unexpected behavior. @ blob:https://www.primevideo.com/38ff4606-6a11-4421-9cc1-5446b393b526:1
[   57626ms] [WARNING] It is recommended that a robustness level be specified. Not specifying the robustness level could result in unexpected behavior. @ blob:https://www.primevideo.com/38ff4606-6a11-4421-9cc1-5446b393b526:1
[   60085ms] [WARNING] It is recommended that a robustness level be specified. Not specifying the robustness level could result in unexpected behavior. @ blob:https://www.primevideo.com/157f3979-299a-4e3d-bd64-2e20a6e16460:1
[   60085ms] [WARNING] It is recommended that a robustness level be specified. Not specifying the robustness level could result in unexpected behavior. @ blob:https://www.primevideo.com/157f3979-299a-4e3d-bd64-2e20a6e16460:1
[   60085ms] [WARNING] It is recommended that a robustness level be specified. Not specifying the robustness level could result in unexpected behavior. @ blob:https://www.primevideo.com/157f3979-299a-4e3d-bd64-2e20a6e16460:1
[   62632ms] [WARNING] It is recommended that a robustness level be specified. Not specifying the robustness level could result in unexpected behavior. @ blob:https://www.primevideo.com/38ff4606-6a11-4421-9cc1-5446b393b526:1
[   62632ms] [WARNING] It is recommended that a robustness level be specified. Not specifying the robustness level could result in unexpected behavior. @ blob:https://www.primevideo.com/38ff4606-6a11-4421-9cc1-5446b393b526:1
[   62632ms] [WARNING] It is recommended that a robustness level be specified. Not specifying the robustness level could result in unexpected behavior. @ blob:https://www.primevideo.com/38ff4606-6a11-4421-9cc1-5446b393b526:1
[   65097ms] [WARNING] It is recommended that a robustness level be specified. Not specifying the robustness level could result in unexpected behavior. @ blob:https://www.primevideo.com/157f3979-299a-4e3d-bd64-2e20a6e16460:1
[   65097ms] [WARNING] It is recommended that a robustness level be specified. Not specifying the robustness level could result in unexpected behavior. @ blob:https://www.primevideo.com/157f3979-299a-4e3d-bd64-2e20a6e16460:1
[   65097ms] [WARNING] It is recommended that a robustness level be specified. Not specifying the robustness level could result in unexpected behavior. @ blob:https://www.primevideo.com/157f3979-299a-4e3d-bd64-2e20a6e16460:1
[   67644ms] [WARNING] It is recommended that a robustness level be specified. Not specifying the robustness level could result in unexpected behavior. @ blob:https://www.primevideo.com/38ff4606-6a11-4421-9cc1-5446b393b526:1
[   67644ms] [WARNING] It is recommended that a robustness level be specified. Not specifying the robustness level could result in unexpected behavior. @ blob:https://www.primevideo.com/38ff4606-6a11-4421-9cc1-5446b393b526:1
[   67644ms] [WARNING] It is recommended that a robustness level be specified. Not specifying the robustness level could result in unexpected behavior. @ blob:https://www.primevideo.com/38ff4606-6a11-4421-9cc1-5446b393b526:1
[   70105ms] [WARNING] It is recommended that a robustness level be specified. Not specifying the robustness level could result in unexpected behavior. @ blob:https://www.primevideo.com/157f3979-299a-4e3d-bd64-2e20a6e16460:1
[   70105ms] [WARNING] It is recommended that a robustness level be specified. Not specifying the robustness level could result in unexpected behavior. @ blob:https://www.primevideo.com/157f3979-299a-4e3d-bd64-2e20a6e16460:1
[   70105ms] [WARNING] It is recommended that a robustness level be specified. Not specifying the robustness level could result in unexpected behavior. @ blob:https://www.primevideo.com/157f3979-299a-4e3d-bd64-2e20a6e16460:1
[   72657ms] [WARNING] It is recommended that a robustness level be specified. Not specifying the robustness level could result in unexpected behavior. @ blob:https://www.primevideo.com/38ff4606-6a11-4421-9cc1-5446b393b526:1
[   72657ms] [WARNING] It is recommended that a robustness level be specified. Not specifying the robustness level could result in unexpected behavior. @ blob:https://www.primevideo.com/38ff4606-6a11-4421-9cc1-5446b393b526:1
[   72657ms] [WARNING] It is recommended that a robustness level be specified. Not specifying the robustness level could result in unexpected behavior. @ blob:https://www.primevideo.com/38ff4606-6a11-4421-9cc1-5446b393b526:1
[   75118ms] [WARNING] It is recommended that a robustness level be specified. Not specifying the robustness level could result in unexpected behavior. @ blob:https://www.primevideo.com/157f3979-299a-4e3d-bd64-2e20a6e16460:1
[   75118ms] [WARNING] It is recommended that a robustness level be specified. Not specifying the robustness level could result in unexpected behavior. @ blob:https://www.primevideo.com/157f3979-299a-4e3d-bd64-2e20a6e16460:1
[   75119ms] [WARNING] It is recommended that a robustness level be specified. Not specifying the robustness level could result in unexpected behavior. @ blob:https://www.primevideo.com/157f3979-299a-4e3d-bd64-2e20a6e16460:1
[   77663ms] [WARNING] It is recommended that a robustness level be specified. Not specifying the robustness level could result in unexpected behavior. @ blob:https://www.primevideo.com/38ff4606-6a11-4421-9cc1-5446b393b526:1
[   77663ms] [WARNING] It is recommended that a robustness level be specified. Not specifying the robustness level could result in unexpected behavior. @ blob:https://www.primevideo.com/38ff4606-6a11-4421-9cc1-5446b393b526:1
[   77663ms] [WARNING] It is recommended that a robustness level be specified. Not specifying the robustness level could result in unexpected behavior. @ blob:https://www.primevideo.com/38ff4606-6a11-4421-9cc1-5446b393b526:1
[   80128ms] [WARNING] It is recommended that a robustness level be specified. Not specifying the robustness level could result in unexpected behavior. @ blob:https://www.primevideo.com/157f3979-299a-4e3d-bd64-2e20a6e16460:1
[   80128ms] [WARNING] It is recommended that a robustness level be specified. Not specifying the robustness level could result in unexpected behavior. @ blob:https://www.primevideo.com/157f3979-299a-4e3d-bd64-2e20a6e16460:1
[   80128ms] [WARNING] It is recommended that a robustness level be specified. Not specifying the robustness level could result in unexpected behavior. @ blob:https://www.primevideo.com/157f3979-299a-4e3d-bd64-2e20a6e16460:1
[   82666ms] [WARNING] It is recommended that a robustness level be specified. Not specifying the robustness level could result in unexpected behavior. @ blob:https://www.primevideo.com/38ff4606-6a11-4421-9cc1-5446b393b526:1
[   82666ms] [WARNING] It is recommended that a robustness level be specified. Not specifying the robustness level could result in unexpected behavior. @ blob:https://www.primevideo.com/38ff4606-6a11-4421-9cc1-5446b393b526:1
[   82666ms] [WARNING] It is recommended that a robustness level be specified. Not specifying the robustness level could result in unexpected behavior. @ blob:https://www.primevideo.com/38ff4606-6a11-4421-9cc1-5446b393b526:1
[   85129ms] [WARNING] It is recommended that a robustness level be specified. Not specifying the robustness level could result in unexpected behavior. @ blob:https://www.primevideo.com/157f3979-299a-4e3d-bd64-2e20a6e16460:1
[   85129ms] [WARNING] It is recommended that a robustness level be specified. Not specifying the robustness level could result in unexpected behavior. @ blob:https://www.primevideo.com/157f3979-299a-4e3d-bd64-2e20a6e16460:1
[   85129ms] [WARNING] It is recommended that a robustness level be specified. Not specifying the robustness level could result in unexpected behavior. @ blob:https://www.primevideo.com/157f3979-299a-4e3d-bd64-2e20a6e16460:1
[   87676ms] [WARNING] It is recommended that a robustness level be specified. Not specifying the robustness level could result in unexpected behavior. @ blob:https://www.primevideo.com/38ff4606-6a11-4421-9cc1-5446b393b526:1
[   87676ms] [WARNING] It is recommended that a robustness level be specified. Not specifying the robustness level could result in unexpected behavior. @ blob:https://www.primevideo.com/38ff4606-6a11-4421-9cc1-5446b393b526:1
[   87676ms] [WARNING] It is recommended that a robustness level be specified. Not specifying the robustness level could result in unexpected behavior. @ blob:https://www.primevideo.com/38ff4606-6a11-4421-9cc1-5446b393b526:1
[   90137ms] [WARNING] It is recommended that a robustness level be specified. Not specifying the robustness level could result in unexpected behavior. @ blob:https://www.primevideo.com/157f3979-299a-4e3d-bd64-2e20a6e16460:1
[   90138ms] [WARNING] It is recommended that a robustness level be specified. Not specifying the robustness level could result in unexpected behavior. @ blob:https://www.primevideo.com/157f3979-299a-4e3d-bd64-2e20a6e16460:1
[   90138ms] [WARNING] It is recommended that a robustness level be specified. Not specifying the robustness level could result in unexpected behavior. @ blob:https://www.primevideo.com/157f3979-299a-4e3d-bd64-2e20a6e16460:1
[   92688ms] [WARNING] It is recommended that a robustness level be specified. Not specifying the robustness level could result in unexpected behavior. @ blob:https://www.primevideo.com/38ff4606-6a11-4421-9cc1-5446b393b526:1
[   92689ms] [WARNING] It is recommended that a robustness level be specified. Not specifying the robustness level could result in unexpected behavior. @ blob:https://www.primevideo.com/38ff4606-6a11-4421-9cc1-5446b393b526:1
[   92689ms] [WARNING] It is recommended that a robustness level be specified. Not specifying the robustness level could result in unexpected behavior. @ blob:https://www.primevideo.com/38ff4606-6a11-4421-9cc1-5446b393b526:1
[   95142ms] [WARNING] It is recommended that a robustness level be specified. Not specifying the robustness level could result in unexpected behavior. @ blob:https://www.primevideo.com/157f3979-299a-4e3d-bd64-2e20a6e16460:1
[   95142ms] [WARNING] It is recommended that a robustness level be specified. Not specifying the robustness level could result in unexpected behavior. @ blob:https://www.primevideo.com/157f3979-299a-4e3d-bd64-2e20a6e16460:1
[   95142ms] [WARNING] It is recommended that a robustness level be specified. Not specifying the robustness level could result in unexpected behavior. @ blob:https://www.primevideo.com/157f3979-299a-4e3d-bd64-2e20a6e16460:1
[   97693ms] [WARNING] It is recommended that a robustness level be specified. Not specifying the robustness level could result in unexpected behavior. @ blob:https://www.primevideo.com/38ff4606-6a11-4421-9cc1-5446b393b526:1
[   97693ms] [WARNING] It is recommended that a robustness level be specified. Not specifying the robustness level could result in unexpected behavior. @ blob:https://www.primevideo.com/38ff4606-6a11-4421-9cc1-5446b393b526:1
[   97693ms] [WARNING] It is recommended that a robustness level be specified. Not specifying the robustness level could result in unexpected behavior. @ blob:https://www.primevideo.com/38ff4606-6a11-4421-9cc1-5446b393b526:1
[  100153ms] [WARNING] It is recommended that a robustness level be specified. Not specifying the robustness level could result in unexpected behavior. @ blob:https://www.primevideo.com/157f3979-299a-4e3d-bd64-2e20a6e16460:1
[  100153ms] [WARNING] It is recommended that a robustness level be specified. Not specifying the robustness level could result in unexpected behavior. @ blob:https://www.primevideo.com/157f3979-299a-4e3d-bd64-2e20a6e16460:1
[  100153ms] [WARNING] It is recommended that a robustness level be specified. Not specifying the robustness level could result in unexpected behavior. @ blob:https://www.primevideo.com/157f3979-299a-4e3d-bd64-2e20a6e16460:1
[  102702ms] [WARNING] It is recommended that a robustness level be specified. Not specifying the robustness level could result in unexpected behavior. @ blob:https://www.primevideo.com/38ff4606-6a11-4421-9cc1-5446b393b526:1
[  102703ms] [WARNING] It is recommended that a robustness level be specified. Not specifying the robustness level could result in unexpected behavior. @ blob:https://www.primevideo.com/38ff4606-6a11-4421-9cc1-5446b393b526:1
[  102703ms] [WARNING] It is recommended that a robustness level be specified. Not specifying the robustness level could result in unexpected behavior. @ blob:https://www.primevideo.com/38ff4606-6a11-4421-9cc1-5446b393b526:1
[  105159ms] [WARNING] It is recommended that a robustness level be specified. Not specifying the robustness level could result in unexpected behavior. @ blob:https://www.primevideo.com/157f3979-299a-4e3d-bd64-2e20a6e16460:1
[  105159ms] [WARNING] It is recommended that a robustness level be specified. Not specifying the robustness level could result in unexpected behavior. @ blob:https://www.primevideo.com/157f3979-299a-4e3d-bd64-2e20a6e16460:1
[  105159ms] [WARNING] It is recommended that a robustness level be specified. Not specifying the robustness level could result in unexpected behavior. @ blob:https://www.primevideo.com/157f3979-299a-4e3d-bd64-2e20a6e16460:1
[  107705ms] [WARNING] It is recommended that a robustness level be specified. Not specifying the robustness level could result in unexpected behavior. @ blob:https://www.primevideo.com/38ff4606-6a11-4421-9cc1-5446b393b526:1
[  107705ms] [WARNING] It is recommended that a robustness level be specified. Not specifying the robustness level could result in unexpected behavior. @ blob:https://www.primevideo.com/38ff4606-6a11-4421-9cc1-5446b393b526:1
[  107705ms] [WARNING] It is recommended that a robustness level be specified. Not specifying the robustness level could result in unexpected behavior. @ blob:https://www.primevideo.com/38ff4606-6a11-4421-9cc1-5446b393b526:1
[  110168ms] [WARNING] It is recommended that a robustness level be specified. Not specifying the robustness level could result in unexpected behavior. @ blob:https://www.primevideo.com/157f3979-299a-4e3d-bd64-2e20a6e16460:1
[  110168ms] [WARNING] It is recommended that a robustness level be specified. Not specifying the robustness level could result in unexpected behavior. @ blob:https://www.primevideo.com/157f3979-299a-4e3d-bd64-2e20a6e16460:1
[  110168ms] [WARNING] It is recommended that a robustness level be specified. Not specifying the robustness level could result in unexpected behavior. @ blob:https://www.primevideo.com/157f3979-299a-4e3d-bd64-2e20a6e16460:1
[  112708ms] [WARNING] It is recommended that a robustness level be specified. Not specifying the robustness level could result in unexpected behavior. @ blob:https://www.primevideo.com/38ff4606-6a11-4421-9cc1-5446b393b526:1
[  112708ms] [WARNING] It is recommended that a robustness level be specified. Not specifying the robustness level could result in unexpected behavior. @ blob:https://www.primevideo.com/38ff4606-6a11-4421-9cc1-5446b393b526:1
[  112708ms] [WARNING] It is recommended that a robustness level be specified. Not specifying the robustness level could result in unexpected behavior. @ blob:https://www.primevideo.com/38ff4606-6a11-4421-9cc1-5446b393b526:1
[  115177ms] [WARNING] It is recommended that a robustness level be specified. Not specifying the robustness level could result in unexpected behavior. @ blob:https://www.primevideo.com/157f3979-299a-4e3d-bd64-2e20a6e16460:1
[  115178ms] [WARNING] It is recommended that a robustness level be specified. Not specifying the robustness level could result in unexpected behavior. @ blob:https://www.primevideo.com/157f3979-299a-4e3d-bd64-2e20a6e16460:1
[  115178ms] [WARNING] It is recommended that a robustness level be specified. Not specifying the robustness level could result in unexpected behavior. @ blob:https://www.primevideo.com/157f3979-299a-4e3d-bd64-2e20a6e16460:1
[  117713ms] [WARNING] It is recommended that a robustness level be specified. Not specifying the robustness level could result in unexpected behavior. @ blob:https://www.primevideo.com/38ff4606-6a11-4421-9cc1-5446b393b526:1
[  117714ms] [WARNING] It is recommended that a robustness level be specified. Not specifying the robustness level could result in unexpected behavior. @ blob:https://www.primevideo.com/38ff4606-6a11-4421-9cc1-5446b393b526:1
[  117714ms] [WARNING] It is recommended that a robustness level be specified. Not specifying the robustness level could result in unexpected behavior. @ blob:https://www.primevideo.com/38ff4606-6a11-4421-9cc1-5446b393b526:1
[  120191ms] [WARNING] It is recommended that a robustness level be specified. Not specifying the robustness level could result in unexpected behavior. @ blob:https://www.primevideo.com/157f3979-299a-4e3d-bd64-2e20a6e16460:1
[  120191ms] [WARNING] It is recommended that a robustness level be specified. Not specifying the robustness level could result in unexpected behavior. @ blob:https://www.primevideo.com/157f3979-299a-4e3d-bd64-2e20a6e16460:1
[  120191ms] [WARNING] It is recommended that a robustness level be specified. Not specifying the robustness level could result in unexpected behavior. @ blob:https://www.primevideo.com/157f3979-299a-4e3d-bd64-2e20a6e16460:1
[  122725ms] [WARNING] It is recommended that a robustness level be specified. Not specifying the robustness level could result in unexpected behavior. @ blob:https://www.primevideo.com/38ff4606-6a11-4421-9cc1-5446b393b526:1
[  122725ms] [WARNING] It is recommended that a robustness level be specified. Not specifying the robustness level could result in unexpected behavior. @ blob:https://www.primevideo.com/38ff4606-6a11-4421-9cc1-5446b393b526:1
[  122725ms] [WARNING] It is recommended that a robustness level be specified. Not specifying the robustness level could result in unexpected behavior. @ blob:https://www.primevideo.com/38ff4606-6a11-4421-9cc1-5446b393b526:1
[  125198ms] [WARNING] It is recommended that a robustness level be specified. Not specifying the robustness level could result in unexpected behavior. @ blob:https://www.primevideo.com/157f3979-299a-4e3d-bd64-2e20a6e16460:1
[  125198ms] [WARNING] It is recommended that a robustness level be specified. Not specifying the robustness level could result in unexpected behavior. @ blob:https://www.primevideo.com/157f3979-299a-4e3d-bd64-2e20a6e16460:1
[  125198ms] [WARNING] It is recommended that a robustness level be specified. Not specifying the robustness level could result in unexpected behavior. @ blob:https://www.primevideo.com/157f3979-299a-4e3d-bd64-2e20a6e16460:1
[  127729ms] [WARNING] It is recommended that a robustness level be specified. Not specifying the robustness level could result in unexpected behavior. @ blob:https://www.primevideo.com/38ff4606-6a11-4421-9cc1-5446b393b526:1
[  127730ms] [WARNING] It is recommended that a robustness level be specified. Not specifying the robustness level could result in unexpected behavior. @ blob:https://www.primevideo.com/38ff4606-6a11-4421-9cc1-5446b393b526:1
[  127730ms] [WARNING] It is recommended that a robustness level be specified. Not specifying the robustness level could result in unexpected behavior. @ blob:https://www.primevideo.com/38ff4606-6a11-4421-9cc1-5446b393b526:1
[  130199ms] [WARNING] It is recommended that a robustness level be specified. Not specifying the robustness level could result in unexpected behavior. @ blob:https://www.primevideo.com/157f3979-299a-4e3d-bd64-2e20a6e16460:1
[  130199ms] [WARNING] It is recommended that a robustness level be specified. Not specifying the robustness level could result in unexpected behavior. @ blob:https://www.primevideo.com/157f3979-299a-4e3d-bd64-2e20a6e16460:1
[  130199ms] [WARNING] It is recommended that a robustness level be specified. Not specifying the robustness level could result in unexpected behavior. @ blob:https://www.primevideo.com/157f3979-299a-4e3d-bd64-2e20a6e16460:1
[  132740ms] [WARNING] It is recommended that a robustness level be specified. Not specifying the robustness level could result in unexpected behavior. @ blob:https://www.primevideo.com/38ff4606-6a11-4421-9cc1-5446b393b526:1
[  132740ms] [WARNING] It is recommended that a robustness level be specified. Not specifying the robustness level could result in unexpected behavior. @ blob:https://www.primevideo.com/38ff4606-6a11-4421-9cc1-5446b393b526:1
[  132740ms] [WARNING] It is recommended that a robustness level be specified. Not specifying the robustness level could result in unexpected behavior. @ blob:https://www.primevideo.com/38ff4606-6a11-4421-9cc1-5446b393b526:1
[  135212ms] [WARNING] It is recommended that a robustness level be specified. Not specifying the robustness level could result in unexpected behavior. @ blob:https://www.primevideo.com/157f3979-299a-4e3d-bd64-2e20a6e16460:1
[  135212ms] [WARNING] It is recommended that a robustness level be specified. Not specifying the robustness level could result in unexpected behavior. @ blob:https://www.primevideo.com/157f3979-299a-4e3d-bd64-2e20a6e16460:1
[  135212ms] [WARNING] It is recommended that a robustness level be specified. Not specifying the robustness level could result in unexpected behavior. @ blob:https://www.primevideo.com/157f3979-299a-4e3d-bd64-2e20a6e16460:1
[  137745ms] [WARNING] It is recommended that a robustness level be specified. Not specifying the robustness level could result in unexpected behavior. @ blob:https://www.primevideo.com/38ff4606-6a11-4421-9cc1-5446b393b526:1
[  137746ms] [WARNING] It is recommended that a robustness level be specified. Not specifying the robustness level could result in unexpected behavior. @ blob:https://www.primevideo.com/38ff4606-6a11-4421-9cc1-5446b393b526:1
[  137746ms] [WARNING] It is recommended that a robustness level be specified. Not specifying the robustness level could result in unexpected behavior. @ blob:https://www.primevideo.com/38ff4606-6a11-4421-9cc1-5446b393b526:1
[  140224ms] [WARNING] It is recommended that a robustness level be specified. Not specifying the robustness level could result in unexpected behavior. @ blob:https://www.primevideo.com/157f3979-299a-4e3d-bd64-2e20a6e16460:1
[  140224ms] [WARNING] It is recommended that a robustness level be specified. Not specifying the robustness level could result in unexpected behavior. @ blob:https://www.primevideo.com/157f3979-299a-4e3d-bd64-2e20a6e16460:1
[  140224ms] [WARNING] It is recommended that a robustness level be specified. Not specifying the robustness level could result in unexpected behavior. @ blob:https://www.primevideo.com/157f3979-299a-4e3d-bd64-2e20a6e16460:1
[  142747ms] [WARNING] It is recommended that a robustness level be specified. Not specifying the robustness level could result in unexpected behavior. @ blob:https://www.primevideo.com/38ff4606-6a11-4421-9cc1-5446b393b526:1
[  142748ms] [WARNING] It is recommended that a robustness level be specified. Not specifying the robustness level could result in unexpected behavior. @ blob:https://www.primevideo.com/38ff4606-6a11-4421-9cc1-5446b393b526:1
[  142748ms] [WARNING] It is recommended that a robustness level be specified. Not specifying the robustness level could result in unexpected behavior. @ blob:https://www.primevideo.com/38ff4606-6a11-4421-9cc1-5446b393b526:1
[  145237ms] [WARNING] It is recommended that a robustness level be specified. Not specifying the robustness level could result in unexpected behavior. @ blob:https://www.primevideo.com/157f3979-299a-4e3d-bd64-2e20a6e16460:1
[  145238ms] [WARNING] It is recommended that a robustness level be specified. Not specifying the robustness level could result in unexpected behavior. @ blob:https://www.primevideo.com/157f3979-299a-4e3d-bd64-2e20a6e16460:1
[  145238ms] [WARNING] It is recommended that a robustness level be specified. Not specifying the robustness level could result in unexpected behavior. @ blob:https://www.primevideo.com/157f3979-299a-4e3d-bd64-2e20a6e16460:1
[  147754ms] [WARNING] It is recommended that a robustness level be specified. Not specifying the robustness level could result in unexpected behavior. @ blob:https://www.primevideo.com/38ff4606-6a11-4421-9cc1-5446b393b526:1
[  147754ms] [WARNING] It is recommended that a robustness level be specified. Not specifying the robustness level could result in unexpected behavior. @ blob:https://www.primevideo.com/38ff4606-6a11-4421-9cc1-5446b393b526:1
[  147754ms] [WARNING] It is recommended that a robustness level be specified. Not specifying the robustness level could result in unexpected behavior. @ blob:https://www.primevideo.com/38ff4606-6a11-4421-9cc1-5446b393b526:1
[  150242ms] [WARNING] It is recommended that a robustness level be specified. Not specifying the robustness level could result in unexpected behavior. @ blob:https://www.primevideo.com/157f3979-299a-4e3d-bd64-2e20a6e16460:1
[  150242ms] [WARNING] It is recommended that a robustness level be specified. Not specifying the robustness level could result in unexpected behavior. @ blob:https://www.primevideo.com/157f3979-299a-4e3d-bd64-2e20a6e16460:1
[  150243ms] [WARNING] It is recommended that a robustness level be specified. Not specifying the robustness level could result in unexpected behavior. @ blob:https://www.primevideo.com/157f3979-299a-4e3d-bd64-2e20a6e16460:1
[  152770ms] [WARNING] It is recommended that a robustness level be specified. Not specifying the robustness level could result in unexpected behavior. @ blob:https://www.primevideo.com/38ff4606-6a11-4421-9cc1-5446b393b526:1
[  152770ms] [WARNING] It is recommended that a robustness level be specified. Not specifying the robustness level could result in unexpected behavior. @ blob:https://www.primevideo.com/38ff4606-6a11-4421-9cc1-5446b393b526:1
[  152770ms] [WARNING] It is recommended that a robustness level be specified. Not specifying the robustness level could result in unexpected behavior. @ blob:https://www.primevideo.com/38ff4606-6a11-4421-9cc1-5446b393b526:1
[  155253ms] [WARNING] It is recommended that a robustness level be specified. Not specifying the robustness level could result in unexpected behavior. @ blob:https://www.primevideo.com/157f3979-299a-4e3d-bd64-2e20a6e16460:1
[  155253ms] [WARNING] It is recommended that a robustness level be specified. Not specifying the robustness level could result in unexpected behavior. @ blob:https://www.primevideo.com/157f3979-299a-4e3d-bd64-2e20a6e16460:1
[  155253ms] [WARNING] It is recommended that a robustness level be specified. Not specifying the robustness level could result in unexpected behavior. @ blob:https://www.primevideo.com/157f3979-299a-4e3d-bd64-2e20a6e16460:1
[  157778ms] [WARNING] It is recommended that a robustness level be specified. Not specifying the robustness level could result in unexpected behavior. @ blob:https://www.primevideo.com/38ff4606-6a11-4421-9cc1-5446b393b526:1
[  157779ms] [WARNING] It is recommended that a robustness level be specified. Not specifying the robustness level could result in unexpected behavior. @ blob:https://www.primevideo.com/38ff4606-6a11-4421-9cc1-5446b393b526:1
[  157779ms] [WARNING] It is recommended that a robustness level be specified. Not specifying the robustness level could result in unexpected behavior. @ blob:https://www.primevideo.com/38ff4606-6a11-4421-9cc1-5446b393b526:1
[  160260ms] [WARNING] It is recommended that a robustness level be specified. Not specifying the robustness level could result in unexpected behavior. @ blob:https://www.primevideo.com/157f3979-299a-4e3d-bd64-2e20a6e16460:1
[  160261ms] [WARNING] It is recommended that a robustness level be specified. Not specifying the robustness level could result in unexpected behavior. @ blob:https://www.primevideo.com/157f3979-299a-4e3d-bd64-2e20a6e16460:1
[  160261ms] [WARNING] It is recommended that a robustness level be specified. Not specifying the robustness level could result in unexpected behavior. @ blob:https://www.primevideo.com/157f3979-299a-4e3d-bd64-2e20a6e16460:1
[  162788ms] [WARNING] It is recommended that a robustness level be specified. Not specifying the robustness level could result in unexpected behavior. @ blob:https://www.primevideo.com/38ff4606-6a11-4421-9cc1-5446b393b526:1
[  162789ms] [WARNING] It is recommended that a robustness level be specified. Not specifying the robustness level could result in unexpected behavior. @ blob:https://www.primevideo.com/38ff4606-6a11-4421-9cc1-5446b393b526:1
[  162789ms] [WARNING] It is recommended that a robustness level be specified. Not specifying the robustness level could result in unexpected behavior. @ blob:https://www.primevideo.com/38ff4606-6a11-4421-9cc1-5446b393b526:1
[  165268ms] [WARNING] It is recommended that a robustness level be specified. Not specifying the robustness level could result in unexpected behavior. @ blob:https://www.primevideo.com/157f3979-299a-4e3d-bd64-2e20a6e16460:1
[  165269ms] [WARNING] It is recommended that a robustness level be specified. Not specifying the robustness level could result in unexpected behavior. @ blob:https://www.primevideo.com/157f3979-299a-4e3d-bd64-2e20a6e16460:1
[  165269ms] [WARNING] It is recommended that a robustness level be specified. Not specifying the robustness level could result in unexpected behavior. @ blob:https://www.primevideo.com/157f3979-299a-4e3d-bd64-2e20a6e16460:1
[  167793ms] [WARNING] It is recommended that a robustness level be specified. Not specifying the robustness level could result in unexpected behavior. @ blob:https://www.primevideo.com/38ff4606-6a11-4421-9cc1-5446b393b526:1
[  167793ms] [WARNING] It is recommended that a robustness level be specified. Not specifying the robustness level could result in unexpected behavior. @ blob:https://www.primevideo.com/38ff4606-6a11-4421-9cc1-5446b393b526:1
[  167793ms] [WARNING] It is recommended that a robustness level be specified. Not specifying the robustness level could result in unexpected behavior. @ blob:https://www.primevideo.com/38ff4606-6a11-4421-9cc1-5446b393b526:1
[  170273ms] [WARNING] It is recommended that a robustness level be specified. Not specifying the robustness level could result in unexpected behavior. @ blob:https://www.primevideo.com/157f3979-299a-4e3d-bd64-2e20a6e16460:1
[  170273ms] [WARNING] It is recommended that a robustness level be specified. Not specifying the robustness level could result in unexpected behavior. @ blob:https://www.primevideo.com/157f3979-299a-4e3d-bd64-2e20a6e16460:1
[  170273ms] [WARNING] It is recommended that a robustness level be specified. Not specifying the robustness level could result in unexpected behavior. @ blob:https://www.primevideo.com/157f3979-299a-4e3d-bd64-2e20a6e16460:1
[  172801ms] [WARNING] It is recommended that a robustness level be specified. Not specifying the robustness level could result in unexpected behavior. @ blob:https://www.primevideo.com/38ff4606-6a11-4421-9cc1-5446b393b526:1
[  172801ms] [WARNING] It is recommended that a robustness level be specified. Not specifying the robustness level could result in unexpected behavior. @ blob:https://www.primevideo.com/38ff4606-6a11-4421-9cc1-5446b393b526:1
[  172801ms] [WARNING] It is recommended that a robustness level be specified. Not specifying the robustness level could result in unexpected behavior. @ blob:https://www.primevideo.com/38ff4606-6a11-4421-9cc1-5446b393b526:1
[  175275ms] [WARNING] It is recommended that a robustness level be specified. Not specifying the robustness level could result in unexpected behavior. @ blob:https://www.primevideo.com/157f3979-299a-4e3d-bd64-2e20a6e16460:1
[  175276ms] [WARNING] It is recommended that a robustness level be specified. Not specifying the robustness level could result in unexpected behavior. @ blob:https://www.primevideo.com/157f3979-299a-4e3d-bd64-2e20a6e16460:1
[  175276ms] [WARNING] It is recommended that a robustness level be specified. Not specifying the robustness level could result in unexpected behavior. @ blob:https://www.primevideo.com/157f3979-299a-4e3d-bd64-2e20a6e16460:1
[  177804ms] [WARNING] It is recommended that a robustness level be specified. Not specifying the robustness level could result in unexpected behavior. @ blob:https://www.primevideo.com/38ff4606-6a11-4421-9cc1-5446b393b526:1
[  177804ms] [WARNING] It is recommended that a robustness level be specified. Not specifying the robustness level could result in unexpected behavior. @ blob:https://www.primevideo.com/38ff4606-6a11-4421-9cc1-5446b393b526:1
[  177804ms] [WARNING] It is recommended that a robustness level be specified. Not specifying the robustness level could result in unexpected behavior. @ blob:https://www.primevideo.com/38ff4606-6a11-4421-9cc1-5446b393b526:1
[  180287ms] [WARNING] It is recommended that a robustness level be specified. Not specifying the robustness level could result in unexpected behavior. @ blob:https://www.primevideo.com/157f3979-299a-4e3d-bd64-2e20a6e16460:1
[  180287ms] [WARNING] It is recommended that a robustness level be specified. Not specifying the robustness level could result in unexpected behavior. @ blob:https://www.primevideo.com/157f3979-299a-4e3d-bd64-2e20a6e16460:1
[  180288ms] [WARNING] It is recommended that a robustness level be specified. Not specifying the robustness level could result in unexpected behavior. @ blob:https://www.primevideo.com/157f3979-299a-4e3d-bd64-2e20a6e16460:1
[  182808ms] [WARNING] It is recommended that a robustness level be specified. Not specifying the robustness level could result in unexpected behavior. @ blob:https://www.primevideo.com/38ff4606-6a11-4421-9cc1-5446b393b526:1
[  182808ms] [WARNING] It is recommended that a robustness level be specified. Not specifying the robustness level could result in unexpected behavior. @ blob:https://www.primevideo.com/38ff4606-6a11-4421-9cc1-5446b393b526:1
[  182808ms] [WARNING] It is recommended that a robustness level be specified. Not specifying the robustness level could result in unexpected behavior. @ blob:https://www.primevideo.com/38ff4606-6a11-4421-9cc1-5446b393b526:1
[  185297ms] [WARNING] It is recommended that a robustness level be specified. Not specifying the robustness level could result in unexpected behavior. @ blob:https://www.primevideo.com/157f3979-299a-4e3d-bd64-2e20a6e16460:1
[  185298ms] [WARNING] It is recommended that a robustness level be specified. Not specifying the robustness level could result in unexpected behavior. @ blob:https://www.primevideo.com/157f3979-299a-4e3d-bd64-2e20a6e16460:1
[  185298ms] [WARNING] It is recommended that a robustness level be specified. Not specifying the robustness level could result in unexpected behavior. @ blob:https://www.primevideo.com/157f3979-299a-4e3d-bd64-2e20a6e16460:1
[  187820ms] [WARNING] It is recommended that a robustness level be specified. Not specifying the robustness level could result in unexpected behavior. @ blob:https://www.primevideo.com/38ff4606-6a11-4421-9cc1-5446b393b526:1
[  187821ms] [WARNING] It is recommended that a robustness level be specified. Not specifying the robustness level could result in unexpected behavior. @ blob:https://www.primevideo.com/38ff4606-6a11-4421-9cc1-5446b393b526:1
[  187821ms] [WARNING] It is recommended that a robustness level be specified. Not specifying the robustness level could result in unexpected behavior. @ blob:https://www.primevideo.com/38ff4606-6a11-4421-9cc1-5446b393b526:1
[  190308ms] [WARNING] It is recommended that a robustness level be specified. Not specifying the robustness level could result in unexpected behavior. @ blob:https://www.primevideo.com/157f3979-299a-4e3d-bd64-2e20a6e16460:1
[  190308ms] [WARNING] It is recommended that a robustness level be specified. Not specifying the robustness level could result in unexpected behavior. @ blob:https://www.primevideo.com/157f3979-299a-4e3d-bd64-2e20a6e16460:1
[  190308ms] [WARNING] It is recommended that a robustness level be specified. Not specifying the robustness level could result in unexpected behavior. @ blob:https://www.primevideo.com/157f3979-299a-4e3d-bd64-2e20a6e16460:1
[  192823ms] [WARNING] It is recommended that a robustness level be specified. Not specifying the robustness level could result in unexpected behavior. @ blob:https://www.primevideo.com/38ff4606-6a11-4421-9cc1-5446b393b526:1
[  192823ms] [WARNING] It is recommended that a robustness level be specified. Not specifying the robustness level could result in unexpected behavior. @ blob:https://www.primevideo.com/38ff4606-6a11-4421-9cc1-5446b393b526:1
[  192823ms] [WARNING] It is recommended that a robustness level be specified. Not specifying the robustness level could result in unexpected behavior. @ blob:https://www.primevideo.com/38ff4606-6a11-4421-9cc1-5446b393b526:1
[  195316ms] [WARNING] It is recommended that a robustness level be specified. Not specifying the robustness level could result in unexpected behavior. @ blob:https://www.primevideo.com/157f3979-299a-4e3d-bd64-2e20a6e16460:1
[  195316ms] [WARNING] It is recommended that a robustness level be specified. Not specifying the robustness level could result in unexpected behavior. @ blob:https://www.primevideo.com/157f3979-299a-4e3d-bd64-2e20a6e16460:1
[  195316ms] [WARNING] It is recommended that a robustness level be specified. Not specifying the robustness level could result in unexpected behavior. @ blob:https://www.primevideo.com/157f3979-299a-4e3d-bd64-2e20a6e16460:1
[  197832ms] [WARNING] It is recommended that a robustness level be specified. Not specifying the robustness level could result in unexpected behavior. @ blob:https://www.primevideo.com/38ff4606-6a11-4421-9cc1-5446b393b526:1
[  197832ms] [WARNING] It is recommended that a robustness level be specified. Not specifying the robustness level could result in unexpected behavior. @ blob:https://www.primevideo.com/38ff4606-6a11-4421-9cc1-5446b393b526:1
[  197832ms] [WARNING] It is recommended that a robustness level be specified. Not specifying the robustness level could result in unexpected behavior. @ blob:https://www.primevideo.com/38ff4606-6a11-4421-9cc1-5446b393b526:1
[  200321ms] [WARNING] It is recommended that a robustness level be specified. Not specifying the robustness level could result in unexpected behavior. @ blob:https://www.primevideo.com/157f3979-299a-4e3d-bd64-2e20a6e16460:1
[  200322ms] [WARNING] It is recommended that a robustness level be specified. Not specifying the robustness level could result in unexpected behavior. @ blob:https://www.primevideo.com/157f3979-299a-4e3d-bd64-2e20a6e16460:1
[  200322ms] [WARNING] It is recommended that a robustness level be specified. Not specifying the robustness level could result in unexpected behavior. @ blob:https://www.primevideo.com/157f3979-299a-4e3d-bd64-2e20a6e16460:1
[  202839ms] [WARNING] It is recommended that a robustness level be specified. Not specifying the robustness level could result in unexpected behavior. @ blob:https://www.primevideo.com/38ff4606-6a11-4421-9cc1-5446b393b526:1
[  202839ms] [WARNING] It is recommended that a robustness level be specified. Not specifying the robustness level could result in unexpected behavior. @ blob:https://www.primevideo.com/38ff4606-6a11-4421-9cc1-5446b393b526:1
[  202839ms] [WARNING] It is recommended that a robustness level be specified. Not specifying the robustness level could result in unexpected behavior. @ blob:https://www.primevideo.com/38ff4606-6a11-4421-9cc1-5446b393b526:1
[  205323ms] [WARNING] It is recommended that a robustness level be specified. Not specifying the robustness level could result in unexpected behavior. @ blob:https://www.primevideo.com/157f3979-299a-4e3d-bd64-2e20a6e16460:1
[  205323ms] [WARNING] It is recommended that a robustness level be specified. Not specifying the robustness level could result in unexpected behavior. @ blob:https://www.primevideo.com/157f3979-299a-4e3d-bd64-2e20a6e16460:1
[  205323ms] [WARNING] It is recommended that a robustness level be specified. Not specifying the robustness level could result in unexpected behavior. @ blob:https://www.primevideo.com/157f3979-299a-4e3d-bd64-2e20a6e16460:1
[  207856ms] [WARNING] It is recommended that a robustness level be specified. Not specifying the robustness level could result in unexpected behavior. @ blob:https://www.primevideo.com/38ff4606-6a11-4421-9cc1-5446b393b526:1
[  207856ms] [WARNING] It is recommended that a robustness level be specified. Not specifying the robustness level could result in unexpected behavior. @ blob:https://www.primevideo.com/38ff4606-6a11-4421-9cc1-5446b393b526:1
[  207856ms] [WARNING] It is recommended that a robustness level be specified. Not specifying the robustness level could result in unexpected behavior. @ blob:https://www.primevideo.com/38ff4606-6a11-4421-9cc1-5446b393b526:1
[  210337ms] [WARNING] It is recommended that a robustness level be specified. Not specifying the robustness level could result in unexpected behavior. @ blob:https://www.primevideo.com/157f3979-299a-4e3d-bd64-2e20a6e16460:1
[  210337ms] [WARNING] It is recommended that a robustness level be specified. Not specifying the robustness level could result in unexpected behavior. @ blob:https://www.primevideo.com/157f3979-299a-4e3d-bd64-2e20a6e16460:1
[  210337ms] [WARNING] It is recommended that a robustness level be specified. Not specifying the robustness level could result in unexpected behavior. @ blob:https://www.primevideo.com/157f3979-299a-4e3d-bd64-2e20a6e16460:1
[  212862ms] [WARNING] It is recommended that a robustness level be specified. Not specifying the robustness level could result in unexpected behavior. @ blob:https://www.primevideo.com/38ff4606-6a11-4421-9cc1-5446b393b526:1
[  212862ms] [WARNING] It is recommended that a robustness level be specified. Not specifying the robustness level could result in unexpected behavior. @ blob:https://www.primevideo.com/38ff4606-6a11-4421-9cc1-5446b393b526:1
[  212863ms] [WARNING] It is recommended that a robustness level be specified. Not specifying the robustness level could result in unexpected behavior. @ blob:https://www.primevideo.com/38ff4606-6a11-4421-9cc1-5446b393b526:1
[  215349ms] [WARNING] It is recommended that a robustness level be specified. Not specifying the robustness level could result in unexpected behavior. @ blob:https://www.primevideo.com/157f3979-299a-4e3d-bd64-2e20a6e16460:1
[  215350ms] [WARNING] It is recommended that a robustness level be specified. Not specifying the robustness level could result in unexpected behavior. @ blob:https://www.primevideo.com/157f3979-299a-4e3d-bd64-2e20a6e16460:1
[  215350ms] [WARNING] It is recommended that a robustness level be specified. Not specifying the robustness level could result in unexpected behavior. @ blob:https://www.primevideo.com/157f3979-299a-4e3d-bd64-2e20a6e16460:1
[  217867ms] [WARNING] It is recommended that a robustness level be specified. Not specifying the robustness level could result in unexpected behavior. @ blob:https://www.primevideo.com/38ff4606-6a11-4421-9cc1-5446b393b526:1
[  217867ms] [WARNING] It is recommended that a robustness level be specified. Not specifying the robustness level could result in unexpected behavior. @ blob:https://www.primevideo.com/38ff4606-6a11-4421-9cc1-5446b393b526:1
[  217868ms] [WARNING] It is recommended that a robustness level be specified. Not specifying the robustness level could result in unexpected behavior. @ blob:https://www.primevideo.com/38ff4606-6a11-4421-9cc1-5446b393b526:1
[  219763ms] [WARNING] It is recommended that a robustness level be specified. Not specifying the robustness level could result in unexpected behavior. @ blob:https://www.primevideo.com/5c0ff0aa-8966-4593-bc69-5741b72b7202:1
[  219764ms] [WARNING] It is recommended that a robustness level be specified. Not specifying the robustness level could result in unexpected behavior. @ blob:https://www.primevideo.com/5c0ff0aa-8966-4593-bc69-5741b72b7202:1
[  219764ms] [WARNING] It is recommended that a robustness level be specified. Not specifying the robustness level could result in unexpected behavior. @ blob:https://www.primevideo.com/5c0ff0aa-8966-4593-bc69-5741b72b7202:1
[  219773ms] [ERROR] Error logged with the Track&Report JS errors API(http://tiny/1covqr6l8/wamazindeClieUserJava): {"m":"DraperPlayer error {\"logID\":{\"domain\":\"Unknown\",\"id\":\"Unknown\"}}: There was an error playing your video. Please try again. If the problem continues, contact customer service.","name":"xp.unknown","csm":"v5 ueLogError stack","logLevel":"ERROR","attribution":"ATVHome:Home","pageURL":"https://www.primevideo.com/","f":"blob:https://www.primevideo.com/5c0ff0aa-8966-4593-bc69-5741b72b7202","l":"2","s":["xp.unknown","at new t (blob:https://www.primevideo.com/5c0ff0aa-8966-4593-bc69-5741b72b7202:2:553823)","at e.xpToWebError (blob:https://www.primevideo.com/5c0ff0aa-8966-4593-bc69-5741b72b7202:2:557706)","at onXpContentError (blob:https://www.primevideo.com/5c0ff0aa-8966-4593-bc69-5741b72b7202:2:6634272)","at e.emitSync (blob:https://www.primevideo.com/5c0ff0aa-8966-4593-bc69-5741b72b7202:2:335254)","at Object.<anonymous> (blob:https://www.primevideo.com/5c0ff0aa-8966-4593-bc69-5741b72b7202:2:335605)","at onNextMicrotask (blob:https://www.primevideo.com/5c0ff0aa-8966-4593-bc69-5741b72b7202:2:39467)"],"t":219179} {m: DraperPlayer error {"logID":{"domain":"Unknown","i… the problem continues, contact customer service., name: xp.unknown, type: undefined, csm: v5 ueLogError stack, logLevel: ERROR} @ https://images-na.ssl-images-amazon.com/images/I/215h87l68bL.js:3
[  219776ms] [ERROR] Error logged with the Track&Report JS errors API(http://tiny/1covqr6l8/wamazindeClieUserJava): {"m":"DraperPlayer error {\"logID\":{\"domain\":\"Unknown\",\"id\":\"Unknown\"}}: An unknown error occurred during content loading","name":"UnknownError","csm":"v5 ueLogError stack","logLevel":"ERROR","attribution":"ATVHome:Home","pageURL":"https://www.primevideo.com/","f":"blob:https://www.primevideo.com/5c0ff0aa-8966-4593-bc69-5741b72b7202","l":"2","s":["UnknownError: An unknown error occurred during content loading","at e.newError (blob:https://www.primevideo.com/5c0ff0aa-8966-4593-bc69-5741b72b7202:2:554141)","at Object.onStateChange (blob:https://www.primevideo.com/5c0ff0aa-8966-4593-bc69-5741b72b7202:2:6648324)","at e.onStateChange (blob:https://www.primevideo.com/5c0ff0aa-8966-4593-bc69-5741b72b7202:2:6647603)","at onXpContentStateChange (blob:https://www.primevideo.com/5c0ff0aa-8966-4593-bc69-5741b72b7202:2:6633710)","at e.emitSync (blob:https://www.primevideo.com/5c0ff0aa-8966-4593-bc69-5741b72b7202:2:335254)","at Object.<anonymous> (blob:https://www.primevideo.com/5c0ff0aa-8966-4593-bc69-5741b72b7202:2:335605)","at onNextMicrotask (blob:https://www.primevideo.com/5c0ff0aa-8966-4593-bc69-5741b72b7202:2:39467)"],"t":219182} {m: DraperPlayer error {"logID":{"domain":"Unknown","i… An unknown error occurred during content loading, name: UnknownError, type: undefined, csm: v5 ueLogError stack, logLevel: ERROR} @ https://images-na.ssl-images-amazon.com/images/I/215h87l68bL.js:3
[  220364ms] [WARNING] It is recommended that a robustness level be specified. Not specifying the robustness level could result in unexpected behavior. @ blob:https://www.primevideo.com/157f3979-299a-4e3d-bd64-2e20a6e16460:1
[  220364ms] [WARNING] It is recommended that a robustness level be specified. Not specifying the robustness level could result in unexpected behavior. @ blob:https://www.primevideo.com/157f3979-299a-4e3d-bd64-2e20a6e16460:1
[  220364ms] [WARNING] It is recommended that a robustness level be specified. Not specifying the robustness level could result in unexpected behavior. @ blob:https://www.primevideo.com/157f3979-299a-4e3d-bd64-2e20a6e16460:1
[  222870ms] [WARNING] It is recommended that a robustness level be specified. Not specifying the robustness level could result in unexpected behavior. @ blob:https://www.primevideo.com/38ff4606-6a11-4421-9cc1-5446b393b526:1
[  222871ms] [WARNING] It is recommended that a robustness level be specified. Not specifying the robustness level could result in unexpected behavior. @ blob:https://www.primevideo.com/38ff4606-6a11-4421-9cc1-5446b393b526:1
[  222871ms] [WARNING] It is recommended that a robustness level be specified. Not specifying the robustness level could result in unexpected behavior. @ blob:https://www.primevideo.com/38ff4606-6a11-4421-9cc1-5446b393b526:1
[  224757ms] [WARNING] It is recommended that a robustness level be specified. Not specifying the robustness level could result in unexpected behavior. @ blob:https://www.primevideo.com/5c0ff0aa-8966-4593-bc69-5741b72b7202:1
[  224758ms] [WARNING] It is recommended that a robustness level be specified. Not specifying the robustness level could result in unexpected behavior. @ blob:https://www.primevideo.com/5c0ff0aa-8966-4593-bc69-5741b72b7202:1
[  224758ms] [WARNING] It is recommended that a robustness level be specified. Not specifying the robustness level could result in unexpected behavior. @ blob:https://www.primevideo.com/5c0ff0aa-8966-4593-bc69-5741b72b7202:1
[  225368ms] [WARNING] It is recommended that a robustness level be specified. Not specifying the robustness level could result in unexpected behavior. @ blob:https://www.primevideo.com/157f3979-299a-4e3d-bd64-2e20a6e16460:1
[  225368ms] [WARNING] It is recommended that a robustness level be specified. Not specifying the robustness level could result in unexpected behavior. @ blob:https://www.primevideo.com/157f3979-299a-4e3d-bd64-2e20a6e16460:1
[  225368ms] [WARNING] It is recommended that a robustness level be specified. Not specifying the robustness level could result in unexpected behavior. @ blob:https://www.primevideo.com/157f3979-299a-4e3d-bd64-2e20a6e16460:1
[  227874ms] [WARNING] It is recommended that a robustness level be specified. Not specifying the robustness level could result in unexpected behavior. @ blob:https://www.primevideo.com/38ff4606-6a11-4421-9cc1-5446b393b526:1
[  227874ms] [WARNING] It is recommended that a robustness level be specified. Not specifying the robustness level could result in unexpected behavior. @ blob:https://www.primevideo.com/38ff4606-6a11-4421-9cc1-5446b393b526:1
[  227874ms] [WARNING] It is recommended that a robustness level be specified. Not specifying the robustness level could result in unexpected behavior. @ blob:https://www.primevideo.com/38ff4606-6a11-4421-9cc1-5446b393b526:1
[  229228ms] [WARNING] It is recommended that a robustness level be specified. Not specifying the robustness level could result in unexpected behavior. @ blob:https://www.primevideo.com/5c0ff0aa-8966-4593-bc69-5741b72b7202:1
[  229228ms] [WARNING] It is recommended that a robustness level be specified. Not specifying the robustness level could result in unexpected behavior. @ blob:https://www.primevideo.com/5c0ff0aa-8966-4593-bc69-5741b72b7202:1
[  229228ms] [WARNING] It is recommended that a robustness level be specified. Not specifying the robustness level could result in unexpected behavior. @ blob:https://www.primevideo.com/5c0ff0aa-8966-4593-bc69-5741b72b7202:1
[  229232ms] [ERROR] Error logged with the Track&Report JS errors API(http://tiny/1covqr6l8/wamazindeClieUserJava): {"m":"DraperPlayer error {\"logID\":{\"domain\":\"Unknown\",\"id\":\"Unknown\"}}: There was an error playing your video. Please try again. If the problem continues, contact customer service.","name":"xp.unknown","csm":"v5 ueLogError stack","logLevel":"ERROR","attribution":"ATVHome:Home","pageURL":"https://www.primevideo.com/","f":"blob:https://www.primevideo.com/5c0ff0aa-8966-4593-bc69-5741b72b7202","l":"2","s":["xp.unknown","at new t (blob:https://www.primevideo.com/5c0ff0aa-8966-4593-bc69-5741b72b7202:2:553823)","at e.xpToWebError (blob:https://www.primevideo.com/5c0ff0aa-8966-4593-bc69-5741b72b7202:2:557706)","at onXpContentError (blob:https://www.primevideo.com/5c0ff0aa-8966-4593-bc69-5741b72b7202:2:6634272)","at e.emitSync (blob:https://www.primevideo.com/5c0ff0aa-8966-4593-bc69-5741b72b7202:2:335254)","at Object.<anonymous> (blob:https://www.primevideo.com/5c0ff0aa-8966-4593-bc69-5741b72b7202:2:335605)","at onNextMicrotask (blob:https://www.primevideo.com/5c0ff0aa-8966-4593-bc69-5741b72b7202:2:39467)"],"t":228639} {m: DraperPlayer error {"logID":{"domain":"Unknown","i… the problem continues, contact customer service., name: xp.unknown, type: undefined, csm: v5 ueLogError stack, logLevel: ERROR} @ https://images-na.ssl-images-amazon.com/images/I/215h87l68bL.js:3
[  229234ms] [ERROR] Error logged with the Track&Report JS errors API(http://tiny/1covqr6l8/wamazindeClieUserJava): {"m":"DraperPlayer error {\"logID\":{\"domain\":\"Unknown\",\"id\":\"Unknown\"}}: An unknown error occurred during content loading","name":"UnknownError","csm":"v5 ueLogError stack","logLevel":"ERROR","attribution":"ATVHome:Home","pageURL":"https://www.primevideo.com/","f":"blob:https://www.primevideo.com/5c0ff0aa-8966-4593-bc69-5741b72b7202","l":"2","s":["UnknownError: An unknown error occurred during content loading","at e.newError (blob:https://www.primevideo.com/5c0ff0aa-8966-4593-bc69-5741b72b7202:2:554141)","at Object.onStateChange (blob:https://www.primevideo.com/5c0ff0aa-8966-4593-bc69-5741b72b7202:2:6648324)","at e.onStateChange (blob:https://www.primevideo.com/5c0ff0aa-8966-4593-bc69-5741b72b7202:2:6647603)","at onXpContentStateChange (blob:https://www.primevideo.com/5c0ff0aa-8966-4593-bc69-5741b72b7202:2:6633710)","at e.emitSync (blob:https://www.primevideo.com/5c0ff0aa-8966-4593-bc69-5741b72b7202:2:335254)","at Object.<anonymous> (blob:https://www.primevideo.com/5c0ff0aa-8966-4593-bc69-5741b72b7202:2:335605)","at onNextMicrotask (blob:https://www.primevideo.com/5c0ff0aa-8966-4593-bc69-5741b72b7202:2:39467)"],"t":228640} {m: DraperPlayer error {"logID":{"domain":"Unknown","i… An unknown error occurred during content loading, name: UnknownError, type: undefined, csm: v5 ueLogError stack, logLevel: ERROR} @ https://images-na.ssl-images-amazon.com/images/I/215h87l68bL.js:3
[  230379ms] [WARNING] It is recommended that a robustness level be specified. Not specifying the robustness level could result in unexpected behavior. @ blob:https://www.primevideo.com/157f3979-299a-4e3d-bd64-2e20a6e16460:1
[  230380ms] [WARNING] It is recommended that a robustness level be specified. Not specifying the robustness level could result in unexpected behavior. @ blob:https://www.primevideo.com/157f3979-299a-4e3d-bd64-2e20a6e16460:1
[  230380ms] [WARNING] It is recommended that a robustness level be specified. Not specifying the robustness level could result in unexpected behavior. @ blob:https://www.primevideo.com/157f3979-299a-4e3d-bd64-2e20a6e16460:1
[  232884ms] [WARNING] It is recommended that a robustness level be specified. Not specifying the robustness level could result in unexpected behavior. @ blob:https://www.primevideo.com/38ff4606-6a11-4421-9cc1-5446b393b526:1
[  232884ms] [WARNING] It is recommended that a robustness level be specified. Not specifying the robustness level could result in unexpected behavior. @ blob:https://www.primevideo.com/38ff4606-6a11-4421-9cc1-5446b393b526:1
[  232885ms] [WARNING] It is recommended that a robustness level be specified. Not specifying the robustness level could result in unexpected behavior. @ blob:https://www.primevideo.com/38ff4606-6a11-4421-9cc1-5446b393b526:1
[  235392ms] [WARNING] It is recommended that a robustness level be specified. Not specifying the robustness level could result in unexpected behavior. @ blob:https://www.primevideo.com/157f3979-299a-4e3d-bd64-2e20a6e16460:1
[  235392ms] [WARNING] It is recommended that a robustness level be specified. Not specifying the robustness level could result in unexpected behavior. @ blob:https://www.primevideo.com/157f3979-299a-4e3d-bd64-2e20a6e16460:1
[  235393ms] [WARNING] It is recommended that a robustness level be specified. Not specifying the robustness level could result in unexpected behavior. @ blob:https://www.primevideo.com/157f3979-299a-4e3d-bd64-2e20a6e16460:1
[  237890ms] [WARNING] It is recommended that a robustness level be specified. Not specifying the robustness level could result in unexpected behavior. @ blob:https://www.primevideo.com/38ff4606-6a11-4421-9cc1-5446b393b526:1
[  237890ms] [WARNING] It is recommended that a robustness level be specified. Not specifying the robustness level could result in unexpected behavior. @ blob:https://www.primevideo.com/38ff4606-6a11-4421-9cc1-5446b393b526:1
[  237890ms] [WARNING] It is recommended that a robustness level be specified. Not specifying the robustness level could result in unexpected behavior. @ blob:https://www.primevideo.com/38ff4606-6a11-4421-9cc1-5446b393b526:1
[  239303ms] [WARNING] It is recommended that a robustness level be specified. Not specifying the robustness level could result in unexpected behavior. @ blob:https://www.primevideo.com/5c0ff0aa-8966-4593-bc69-5741b72b7202:1
[  239303ms] [WARNING] It is recommended that a robustness level be specified. Not specifying the robustness level could result in unexpected behavior. @ blob:https://www.primevideo.com/5c0ff0aa-8966-4593-bc69-5741b72b7202:1
[  239304ms] [WARNING] It is recommended that a robustness level be specified. Not specifying the robustness level could result in unexpected behavior. @ blob:https://www.primevideo.com/5c0ff0aa-8966-4593-bc69-5741b72b7202:1
[  239305ms] [ERROR] Error logged with the Track&Report JS errors API(http://tiny/1covqr6l8/wamazindeClieUserJava): {"m":"DraperPlayer error {\"logID\":{\"domain\":\"Unknown\",\"id\":\"Unknown\"}}: There was an error playing your video. Please try again. If the problem continues, contact customer service.","name":"xp.unknown","csm":"v5 ueLogError stack","logLevel":"ERROR","attribution":"ATVHome:Home","pageURL":"https://www.primevideo.com/","f":"blob:https://www.primevideo.com/5c0ff0aa-8966-4593-bc69-5741b72b7202","l":"2","s":["xp.unknown","at new t (blob:https://www.primevideo.com/5c0ff0aa-8966-4593-bc69-5741b72b7202:2:553823)","at e.xpToWebError (blob:https://www.primevideo.com/5c0ff0aa-8966-4593-bc69-5741b72b7202:2:557706)","at onXpContentError (blob:https://www.primevideo.com/5c0ff0aa-8966-4593-bc69-5741b72b7202:2:6634272)","at e.emitSync (blob:https://www.primevideo.com/5c0ff0aa-8966-4593-bc69-5741b72b7202:2:335254)","at Object.<anonymous> (blob:https://www.primevideo.com/5c0ff0aa-8966-4593-bc69-5741b72b7202:2:335605)","at onNextMicrotask (blob:https://www.primevideo.com/5c0ff0aa-8966-4593-bc69-5741b72b7202:2:39467)"],"t":238712} {m: DraperPlayer error {"logID":{"domain":"Unknown","i… the problem continues, contact customer service., name: xp.unknown, type: undefined, csm: v5 ueLogError stack, logLevel: ERROR} @ https://images-na.ssl-images-amazon.com/images/I/215h87l68bL.js:3
[  239306ms] [ERROR] Error logged with the Track&Report JS errors API(http://tiny/1covqr6l8/wamazindeClieUserJava): {"m":"DraperPlayer error {\"logID\":{\"domain\":\"Unknown\",\"id\":\"Unknown\"}}: An unknown error occurred during content loading","name":"UnknownError","csm":"v5 ueLogError stack","logLevel":"ERROR","attribution":"ATVHome:Home","pageURL":"https://www.primevideo.com/","f":"blob:https://www.primevideo.com/5c0ff0aa-8966-4593-bc69-5741b72b7202","l":"2","s":["UnknownError: An unknown error occurred during content loading","at e.newError (blob:https://www.primevideo.com/5c0ff0aa-8966-4593-bc69-5741b72b7202:2:554141)","at Object.onStateChange (blob:https://www.primevideo.com/5c0ff0aa-8966-4593-bc69-5741b72b7202:2:6648324)","at e.onStateChange (blob:https://www.primevideo.com/5c0ff0aa-8966-4593-bc69-5741b72b7202:2:6647603)","at onXpContentStateChange (blob:https://www.primevideo.com/5c0ff0aa-8966-4593-bc69-5741b72b7202:2:6633710)","at e.emitSync (blob:https://www.primevideo.com/5c0ff0aa-8966-4593-bc69-5741b72b7202:2:335254)","at Object.<anonymous> (blob:https://www.primevideo.com/5c0ff0aa-8966-4593-bc69-5741b72b7202:2:335605)","at onNextMicrotask (blob:https://www.primevideo.com/5c0ff0aa-8966-4593-bc69-5741b72b7202:2:39467)"],"t":238713} {m: DraperPlayer error {"logID":{"domain":"Unknown","i… An unknown error occurred during content loading, name: UnknownError, type: undefined, csm: v5 ueLogError stack, logLevel: ERROR} @ https://images-na.ssl-images-amazon.com/images/I/215h87l68bL.js:3
[  240398ms] [WARNING] It is recommended that a robustness level be specified. Not specifying the robustness level could result in unexpected behavior. @ blob:https://www.primevideo.com/157f3979-299a-4e3d-bd64-2e20a6e16460:1
[  240398ms] [WARNING] It is recommended that a robustness level be specified. Not specifying the robustness level could result in unexpected behavior. @ blob:https://www.primevideo.com/157f3979-299a-4e3d-bd64-2e20a6e16460:1
[  240398ms] [WARNING] It is recommended that a robustness level be specified. Not specifying the robustness level could result in unexpected behavior. @ blob:https://www.primevideo.com/157f3979-299a-4e3d-bd64-2e20a6e16460:1
[  242902ms] [WARNING] It is recommended that a robustness level be specified. Not specifying the robustness level could result in unexpected behavior. @ blob:https://www.primevideo.com/38ff4606-6a11-4421-9cc1-5446b393b526:1
[  242902ms] [WARNING] It is recommended that a robustness level be specified. Not specifying the robustness level could result in unexpected behavior. @ blob:https://www.primevideo.com/38ff4606-6a11-4421-9cc1-5446b393b526:1
[  242902ms] [WARNING] It is recommended that a robustness level be specified. Not specifying the robustness level could result in unexpected behavior. @ blob:https://www.primevideo.com/38ff4606-6a11-4421-9cc1-5446b393b526:1
[  245401ms] [WARNING] It is recommended that a robustness level be specified. Not specifying the robustness level could result in unexpected behavior. @ blob:https://www.primevideo.com/157f3979-299a-4e3d-bd64-2e20a6e16460:1
[  245401ms] [WARNING] It is recommended that a robustness level be specified. Not specifying the robustness level could result in unexpected behavior. @ blob:https://www.primevideo.com/157f3979-299a-4e3d-bd64-2e20a6e16460:1
[  245401ms] [WARNING] It is recommended that a robustness level be specified. Not specifying the robustness level could result in unexpected behavior. @ blob:https://www.primevideo.com/157f3979-299a-4e3d-bd64-2e20a6e16460:1
[  247908ms] [WARNING] It is recommended that a robustness level be specified. Not specifying the robustness level could result in unexpected behavior. @ blob:https://www.primevideo.com/38ff4606-6a11-4421-9cc1-5446b393b526:1
[  247908ms] [WARNING] It is recommended that a robustness level be specified. Not specifying the robustness level could result in unexpected behavior. @ blob:https://www.primevideo.com/38ff4606-6a11-4421-9cc1-5446b393b526:1
[  247909ms] [WARNING] It is recommended that a robustness level be specified. Not specifying the robustness level could result in unexpected behavior. @ blob:https://www.primevideo.com/38ff4606-6a11-4421-9cc1-5446b393b526:1
[  250410ms] [WARNING] It is recommended that a robustness level be specified. Not specifying the robustness level could result in unexpected behavior. @ blob:https://www.primevideo.com/157f3979-299a-4e3d-bd64-2e20a6e16460:1
[  250410ms] [WARNING] It is recommended that a robustness level be specified. Not specifying the robustness level could result in unexpected behavior. @ blob:https://www.primevideo.com/157f3979-299a-4e3d-bd64-2e20a6e16460:1
[  250410ms] [WARNING] It is recommended that a robustness level be specified. Not specifying the robustness level could result in unexpected behavior. @ blob:https://www.primevideo.com/157f3979-299a-4e3d-bd64-2e20a6e16460:1
[  252914ms] [WARNING] It is recommended that a robustness level be specified. Not specifying the robustness level could result in unexpected behavior. @ blob:https://www.primevideo.com/38ff4606-6a11-4421-9cc1-5446b393b526:1
[  252914ms] [WARNING] It is recommended that a robustness level be specified. Not specifying the robustness level could result in unexpected behavior. @ blob:https://www.primevideo.com/38ff4606-6a11-4421-9cc1-5446b393b526:1
[  252914ms] [WARNING] It is recommended that a robustness level be specified. Not specifying the robustness level could result in unexpected behavior. @ blob:https://www.primevideo.com/38ff4606-6a11-4421-9cc1-5446b393b526:1
[  254370ms] [WARNING] It is recommended that a robustness level be specified. Not specifying the robustness level could result in unexpected behavior. @ blob:https://www.primevideo.com/5c0ff0aa-8966-4593-bc69-5741b72b7202:1
[  254370ms] [WARNING] It is recommended that a robustness level be specified. Not specifying the robustness level could result in unexpected behavior. @ blob:https://www.primevideo.com/5c0ff0aa-8966-4593-bc69-5741b72b7202:1
[  254370ms] [WARNING] It is recommended that a robustness level be specified. Not specifying the robustness level could result in unexpected behavior. @ blob:https://www.primevideo.com/5c0ff0aa-8966-4593-bc69-5741b72b7202:1
[  254372ms] [ERROR] Error logged with the Track&Report JS errors API(http://tiny/1covqr6l8/wamazindeClieUserJava): {"m":"DraperPlayer error {\"logID\":{\"domain\":\"Unknown\",\"id\":\"Unknown\"}}: There was an error playing your video. Please try again. If the problem continues, contact customer service.","name":"xp.unknown","csm":"v5 ueLogError stack","logLevel":"ERROR","attribution":"ATVHome:Home","pageURL":"https://www.primevideo.com/","f":"blob:https://www.primevideo.com/5c0ff0aa-8966-4593-bc69-5741b72b7202","l":"2","s":["xp.unknown","at new t (blob:https://www.primevideo.com/5c0ff0aa-8966-4593-bc69-5741b72b7202:2:553823)","at e.xpToWebError (blob:https://www.primevideo.com/5c0ff0aa-8966-4593-bc69-5741b72b7202:2:557706)","at onXpContentError (blob:https://www.primevideo.com/5c0ff0aa-8966-4593-bc69-5741b72b7202:2:6634272)","at e.emitSync (blob:https://www.primevideo.com/5c0ff0aa-8966-4593-bc69-5741b72b7202:2:335254)","at Object.<anonymous> (blob:https://www.primevideo.com/5c0ff0aa-8966-4593-bc69-5741b72b7202:2:335605)","at onNextMicrotask (blob:https://www.primevideo.com/5c0ff0aa-8966-4593-bc69-5741b72b7202:2:39467)"],"t":253778} {m: DraperPlayer error {"logID":{"domain":"Unknown","i… the problem continues, contact customer service., name: xp.unknown, type: undefined, csm: v5 ueLogError stack, logLevel: ERROR} @ https://images-na.ssl-images-amazon.com/images/I/215h87l68bL.js:3
[  254373ms] [ERROR] Error logged with the Track&Report JS errors API(http://tiny/1covqr6l8/wamazindeClieUserJava): {"m":"DraperPlayer error {\"logID\":{\"domain\":\"Unknown\",\"id\":\"Unknown\"}}: An unknown error occurred during content loading","name":"UnknownError","csm":"v5 ueLogError stack","logLevel":"ERROR","attribution":"ATVHome:Home","pageURL":"https://www.primevideo.com/","f":"blob:https://www.primevideo.com/5c0ff0aa-8966-4593-bc69-5741b72b7202","l":"2","s":["UnknownError: An unknown error occurred during content loading","at e.newError (blob:https://www.primevideo.com/5c0ff0aa-8966-4593-bc69-5741b72b7202:2:554141)","at Object.onStateChange (blob:https://www.primevideo.com/5c0ff0aa-8966-4593-bc69-5741b72b7202:2:6648324)","at e.onStateChange (blob:https://www.primevideo.com/5c0ff0aa-8966-4593-bc69-5741b72b7202:2:6647603)","at onXpContentStateChange (blob:https://www.primevideo.com/5c0ff0aa-8966-4593-bc69-5741b72b7202:2:6633710)","at e.emitSync (blob:https://www.primevideo.com/5c0ff0aa-8966-4593-bc69-5741b72b7202:2:335254)","at Object.<anonymous> (blob:https://www.primevideo.com/5c0ff0aa-8966-4593-bc69-5741b72b7202:2:335605)","at onNextMicrotask (blob:https://www.primevideo.com/5c0ff0aa-8966-4593-bc69-5741b72b7202:2:39467)"],"t":253779} {m: DraperPlayer error {"logID":{"domain":"Unknown","i… An unknown error occurred during content loading, name: UnknownError, type: undefined, csm: v5 ueLogError stack, logLevel: ERROR} @ https://images-na.ssl-images-amazon.com/images/I/215h87l68bL.js:3
[  255417ms] [WARNING] It is recommended that a robustness level be specified. Not specifying the robustness level could result in unexpected behavior. @ blob:https://www.primevideo.com/157f3979-299a-4e3d-bd64-2e20a6e16460:1
[  255418ms] [WARNING] It is recommended that a robustness level be specified. Not specifying the robustness level could result in unexpected behavior. @ blob:https://www.primevideo.com/157f3979-299a-4e3d-bd64-2e20a6e16460:1
[  255418ms] [WARNING] It is recommended that a robustness level be specified. Not specifying the robustness level could result in unexpected behavior. @ blob:https://www.primevideo.com/157f3979-299a-4e3d-bd64-2e20a6e16460:1
[  257923ms] [WARNING] It is recommended that a robustness level be specified. Not specifying the robustness level could result in unexpected behavior. @ blob:https://www.primevideo.com/38ff4606-6a11-4421-9cc1-5446b393b526:1
[  257923ms] [WARNING] It is recommended that a robustness level be specified. Not specifying the robustness level could result in unexpected behavior. @ blob:https://www.primevideo.com/38ff4606-6a11-4421-9cc1-5446b393b526:1
[  257923ms] [WARNING] It is recommended that a robustness level be specified. Not specifying the robustness level could result in unexpected behavior. @ blob:https://www.primevideo.com/38ff4606-6a11-4421-9cc1-5446b393b526:1
[  260426ms] [WARNING] It is recommended that a robustness level be specified. Not specifying the robustness level could result in unexpected behavior. @ blob:https://www.primevideo.com/157f3979-299a-4e3d-bd64-2e20a6e16460:1
[  260426ms] [WARNING] It is recommended that a robustness level be specified. Not specifying the robustness level could result in unexpected behavior. @ blob:https://www.primevideo.com/157f3979-299a-4e3d-bd64-2e20a6e16460:1
[  260426ms] [WARNING] It is recommended that a robustness level be specified. Not specifying the robustness level could result in unexpected behavior. @ blob:https://www.primevideo.com/157f3979-299a-4e3d-bd64-2e20a6e16460:1
[  262930ms] [WARNING] It is recommended that a robustness level be specified. Not specifying the robustness level could result in unexpected behavior. @ blob:https://www.primevideo.com/38ff4606-6a11-4421-9cc1-5446b393b526:1
[  262930ms] [WARNING] It is recommended that a robustness level be specified. Not specifying the robustness level could result in unexpected behavior. @ blob:https://www.primevideo.com/38ff4606-6a11-4421-9cc1-5446b393b526:1
[  262930ms] [WARNING] It is recommended that a robustness level be specified. Not specifying the robustness level could result in unexpected behavior. @ blob:https://www.primevideo.com/38ff4606-6a11-4421-9cc1-5446b393b526:1
[  264434ms] [WARNING] It is recommended that a robustness level be specified. Not specifying the robustness level could result in unexpected behavior. @ blob:https://www.primevideo.com/5c0ff0aa-8966-4593-bc69-5741b72b7202:1
[  264435ms] [WARNING] It is recommended that a robustness level be specified. Not specifying the robustness level could result in unexpected behavior. @ blob:https://www.primevideo.com/5c0ff0aa-8966-4593-bc69-5741b72b7202:1
[  264435ms] [WARNING] It is recommended that a robustness level be specified. Not specifying the robustness level could result in unexpected behavior. @ blob:https://www.primevideo.com/5c0ff0aa-8966-4593-bc69-5741b72b7202:1
[  264437ms] [ERROR] Error logged with the Track&Report JS errors API(http://tiny/1covqr6l8/wamazindeClieUserJava): {"m":"DraperPlayer error {\"logID\":{\"domain\":\"Unknown\",\"id\":\"Unknown\"}}: There was an error playing your video. Please try again. If the problem continues, contact customer service.","name":"xp.unknown","csm":"v5 ueLogError stack","logLevel":"ERROR","attribution":"ATVHome:Home","pageURL":"https://www.primevideo.com/","f":"blob:https://www.primevideo.com/5c0ff0aa-8966-4593-bc69-5741b72b7202","l":"2","s":["xp.unknown","at new t (blob:https://www.primevideo.com/5c0ff0aa-8966-4593-bc69-5741b72b7202:2:553823)","at e.xpToWebError (blob:https://www.primevideo.com/5c0ff0aa-8966-4593-bc69-5741b72b7202:2:557706)","at onXpContentError (blob:https://www.primevideo.com/5c0ff0aa-8966-4593-bc69-5741b72b7202:2:6634272)","at e.emitSync (blob:https://www.primevideo.com/5c0ff0aa-8966-4593-bc69-5741b72b7202:2:335254)","at Object.<anonymous> (blob:https://www.primevideo.com/5c0ff0aa-8966-4593-bc69-5741b72b7202:2:335605)","at onNextMicrotask (blob:https://www.primevideo.com/5c0ff0aa-8966-4593-bc69-5741b72b7202:2:39467)"],"t":263843} {m: DraperPlayer error {"logID":{"domain":"Unknown","i… the problem continues, contact customer service., name: xp.unknown, type: undefined, csm: v5 ueLogError stack, logLevel: ERROR} @ https://images-na.ssl-images-amazon.com/images/I/215h87l68bL.js:3
[  264437ms] [ERROR] Error logged with the Track&Report JS errors API(http://tiny/1covqr6l8/wamazindeClieUserJava): {"m":"DraperPlayer error {\"logID\":{\"domain\":\"Unknown\",\"id\":\"Unknown\"}}: An unknown error occurred during content loading","name":"UnknownError","csm":"v5 ueLogError stack","logLevel":"ERROR","attribution":"ATVHome:Home","pageURL":"https://www.primevideo.com/","f":"blob:https://www.primevideo.com/5c0ff0aa-8966-4593-bc69-5741b72b7202","l":"2","s":["UnknownError: An unknown error occurred during content loading","at e.newError (blob:https://www.primevideo.com/5c0ff0aa-8966-4593-bc69-5741b72b7202:2:554141)","at Object.onStateChange (blob:https://www.primevideo.com/5c0ff0aa-8966-4593-bc69-5741b72b7202:2:6648324)","at e.onStateChange (blob:https://www.primevideo.com/5c0ff0aa-8966-4593-bc69-5741b72b7202:2:6647603)","at onXpContentStateChange (blob:https://www.primevideo.com/5c0ff0aa-8966-4593-bc69-5741b72b7202:2:6633710)","at e.emitSync (blob:https://www.primevideo.com/5c0ff0aa-8966-4593-bc69-5741b72b7202:2:335254)","at Object.<anonymous> (blob:https://www.primevideo.com/5c0ff0aa-8966-4593-bc69-5741b72b7202:2:335605)","at onNextMicrotask (blob:https://www.primevideo.com/5c0ff0aa-8966-4593-bc69-5741b72b7202:2:39467)"],"t":263844} {m: DraperPlayer error {"logID":{"domain":"Unknown","i… An unknown error occurred during content loading, name: UnknownError, type: undefined, csm: v5 ueLogError stack, logLevel: ERROR} @ https://images-na.ssl-images-amazon.com/images/I/215h87l68bL.js:3
[  265488ms] [WARNING] It is recommended that a robustness level be specified. Not specifying the robustness level could result in unexpected behavior. @ blob:https://www.primevideo.com/157f3979-299a-4e3d-bd64-2e20a6e16460:1
[  265490ms] [WARNING] It is recommended that a robustness level be specified. Not specifying the robustness level could result in unexpected behavior. @ blob:https://www.primevideo.com/157f3979-299a-4e3d-bd64-2e20a6e16460:1
[  265491ms] [WARNING] It is recommended that a robustness level be specified. Not specifying the robustness level could result in unexpected behavior. @ blob:https://www.primevideo.com/157f3979-299a-4e3d-bd64-2e20a6e16460:1
[  267948ms] [WARNING] It is recommended that a robustness level be specified. Not specifying the robustness level could result in unexpected behavior. @ blob:https://www.primevideo.com/38ff4606-6a11-4421-9cc1-5446b393b526:1
[  267948ms] [WARNING] It is recommended that a robustness level be specified. Not specifying the robustness level could result in unexpected behavior. @ blob:https://www.primevideo.com/38ff4606-6a11-4421-9cc1-5446b393b526:1
[  267948ms] [WARNING] It is recommended that a robustness level be specified. Not specifying the robustness level could result in unexpected behavior. @ blob:https://www.primevideo.com/38ff4606-6a11-4421-9cc1-5446b393b526:1
[  269475ms] [WARNING] It is recommended that a robustness level be specified. Not specifying the robustness level could result in unexpected behavior. @ blob:https://www.primevideo.com/5c0ff0aa-8966-4593-bc69-5741b72b7202:1
[  269475ms] [WARNING] It is recommended that a robustness level be specified. Not specifying the robustness level could result in unexpected behavior. @ blob:https://www.primevideo.com/5c0ff0aa-8966-4593-bc69-5741b72b7202:1
[  269475ms] [WARNING] It is recommended that a robustness level be specified. Not specifying the robustness level could result in unexpected behavior. @ blob:https://www.primevideo.com/5c0ff0aa-8966-4593-bc69-5741b72b7202:1
[  269477ms] [ERROR] Error logged with the Track&Report JS errors API(http://tiny/1covqr6l8/wamazindeClieUserJava): {"m":"DraperPlayer error {\"logID\":{\"domain\":\"Unknown\",\"id\":\"Unknown\"}}: There was an error playing your video. Please try again. If the problem continues, contact customer service.","name":"xp.unknown","csm":"v5 ueLogError stack","logLevel":"ERROR","attribution":"ATVHome:Home","pageURL":"https://www.primevideo.com/","f":"blob:https://www.primevideo.com/5c0ff0aa-8966-4593-bc69-5741b72b7202","l":"2","s":["xp.unknown","at new t (blob:https://www.primevideo.com/5c0ff0aa-8966-4593-bc69-5741b72b7202:2:553823)","at e.xpToWebError (blob:https://www.primevideo.com/5c0ff0aa-8966-4593-bc69-5741b72b7202:2:557706)","at onXpContentError (blob:https://www.primevideo.com/5c0ff0aa-8966-4593-bc69-5741b72b7202:2:6634272)","at e.emitSync (blob:https://www.primevideo.com/5c0ff0aa-8966-4593-bc69-5741b72b7202:2:335254)","at Object.<anonymous> (blob:https://www.primevideo.com/5c0ff0aa-8966-4593-bc69-5741b72b7202:2:335605)","at onNextMicrotask (blob:https://www.primevideo.com/5c0ff0aa-8966-4593-bc69-5741b72b7202:2:39467)"],"t":268883} {m: DraperPlayer error {"logID":{"domain":"Unknown","i… the problem continues, contact customer service., name: xp.unknown, type: undefined, csm: v5 ueLogError stack, logLevel: ERROR} @ https://images-na.ssl-images-amazon.com/images/I/215h87l68bL.js:3
[  269478ms] [ERROR] Error logged with the Track&Report JS errors API(http://tiny/1covqr6l8/wamazindeClieUserJava): {"m":"DraperPlayer error {\"logID\":{\"domain\":\"Unknown\",\"id\":\"Unknown\"}}: An unknown error occurred during content loading","name":"UnknownError","csm":"v5 ueLogError stack","logLevel":"ERROR","attribution":"ATVHome:Home","pageURL":"https://www.primevideo.com/","f":"blob:https://www.primevideo.com/5c0ff0aa-8966-4593-bc69-5741b72b7202","l":"2","s":["UnknownError: An unknown error occurred during content loading","at e.newError (blob:https://www.primevideo.com/5c0ff0aa-8966-4593-bc69-5741b72b7202:2:554141)","at Object.onStateChange (blob:https://www.primevideo.com/5c0ff0aa-8966-4593-bc69-5741b72b7202:2:6648324)","at e.onStateChange (blob:https://www.primevideo.com/5c0ff0aa-8966-4593-bc69-5741b72b7202:2:6647603)","at onXpContentStateChange (blob:https://www.primevideo.com/5c0ff0aa-8966-4593-bc69-5741b72b7202:2:6633710)","at e.emitSync (blob:https://www.primevideo.com/5c0ff0aa-8966-4593-bc69-5741b72b7202:2:335254)","at Object.<anonymous> (blob:https://www.primevideo.com/5c0ff0aa-8966-4593-bc69-5741b72b7202:2:335605)","at onNextMicrotask (blob:https://www.primevideo.com/5c0ff0aa-8966-4593-bc69-5741b72b7202:2:39467)"],"t":268884} {m: DraperPlayer error {"logID":{"domain":"Unknown","i… An unknown error occurred during content loading, name: UnknownError, type: undefined, csm: v5 ueLogError stack, logLevel: ERROR} @ https://images-na.ssl-images-amazon.com/images/I/215h87l68bL.js:3
[  270497ms] [WARNING] It is recommended that a robustness level be specified. Not specifying the robustness level could result in unexpected behavior. @ blob:https://www.primevideo.com/157f3979-299a-4e3d-bd64-2e20a6e16460:1
[  270497ms] [WARNING] It is recommended that a robustness level be specified. Not specifying the robustness level could result in unexpected behavior. @ blob:https://www.primevideo.com/157f3979-299a-4e3d-bd64-2e20a6e16460:1
[  270497ms] [WARNING] It is recommended that a robustness level be specified. Not specifying the robustness level could result in unexpected behavior. @ blob:https://www.primevideo.com/157f3979-299a-4e3d-bd64-2e20a6e16460:1
[  272954ms] [WARNING] It is recommended that a robustness level be specified. Not specifying the robustness level could result in unexpected behavior. @ blob:https://www.primevideo.com/38ff4606-6a11-4421-9cc1-5446b393b526:1
[  272954ms] [WARNING] It is recommended that a robustness level be specified. Not specifying the robustness level could result in unexpected behavior. @ blob:https://www.primevideo.com/38ff4606-6a11-4421-9cc1-5446b393b526:1
[  272954ms] [WARNING] It is recommended that a robustness level be specified. Not specifying the robustness level could result in unexpected behavior. @ blob:https://www.primevideo.com/38ff4606-6a11-4421-9cc1-5446b393b526:1
[  274479ms] [WARNING] It is recommended that a robustness level be specified. Not specifying the robustness level could result in unexpected behavior. @ blob:https://www.primevideo.com/5c0ff0aa-8966-4593-bc69-5741b72b7202:1
[  274479ms] [WARNING] It is recommended that a robustness level be specified. Not specifying the robustness level could result in unexpected behavior. @ blob:https://www.primevideo.com/5c0ff0aa-8966-4593-bc69-5741b72b7202:1
[  274479ms] [WARNING] It is recommended that a robustness level be specified. Not specifying the robustness level could result in unexpected behavior. @ blob:https://www.primevideo.com/5c0ff0aa-8966-4593-bc69-5741b72b7202:1
[  275506ms] [WARNING] It is recommended that a robustness level be specified. Not specifying the robustness level could result in unexpected behavior. @ blob:https://www.primevideo.com/157f3979-299a-4e3d-bd64-2e20a6e16460:1
[  275507ms] [WARNING] It is recommended that a robustness level be specified. Not specifying the robustness level could result in unexpected behavior. @ blob:https://www.primevideo.com/157f3979-299a-4e3d-bd64-2e20a6e16460:1
[  275507ms] [WARNING] It is recommended that a robustness level be specified. Not specifying the robustness level could result in unexpected behavior. @ blob:https://www.primevideo.com/157f3979-299a-4e3d-bd64-2e20a6e16460:1
[  277957ms] [WARNING] It is recommended that a robustness level be specified. Not specifying the robustness level could result in unexpected behavior. @ blob:https://www.primevideo.com/38ff4606-6a11-4421-9cc1-5446b393b526:1
[  277957ms] [WARNING] It is recommended that a robustness level be specified. Not specifying the robustness level could result in unexpected behavior. @ blob:https://www.primevideo.com/38ff4606-6a11-4421-9cc1-5446b393b526:1
[  277957ms] [WARNING] It is recommended that a robustness level be specified. Not specifying the robustness level could result in unexpected behavior. @ blob:https://www.primevideo.com/38ff4606-6a11-4421-9cc1-5446b393b526:1
[  279490ms] [WARNING] It is recommended that a robustness level be specified. Not specifying the robustness level could result in unexpected behavior. @ blob:https://www.primevideo.com/5c0ff0aa-8966-4593-bc69-5741b72b7202:1
[  279490ms] [WARNING] It is recommended that a robustness level be specified. Not specifying the robustness level could result in unexpected behavior. @ blob:https://www.primevideo.com/5c0ff0aa-8966-4593-bc69-5741b72b7202:1
[  279490ms] [WARNING] It is recommended that a robustness level be specified. Not specifying the robustness level could result in unexpected behavior. @ blob:https://www.primevideo.com/5c0ff0aa-8966-4593-bc69-5741b72b7202:1
[  280510ms] [WARNING] It is recommended that a robustness level be specified. Not specifying the robustness level could result in unexpected behavior. @ blob:https://www.primevideo.com/157f3979-299a-4e3d-bd64-2e20a6e16460:1
[  280511ms] [WARNING] It is recommended that a robustness level be specified. Not specifying the robustness level could result in unexpected behavior. @ blob:https://www.primevideo.com/157f3979-299a-4e3d-bd64-2e20a6e16460:1
[  280511ms] [WARNING] It is recommended that a robustness level be specified. Not specifying the robustness level could result in unexpected behavior. @ blob:https://www.primevideo.com/157f3979-299a-4e3d-bd64-2e20a6e16460:1
[  282961ms] [WARNING] It is recommended that a robustness level be specified. Not specifying the robustness level could result in unexpected behavior. @ blob:https://www.primevideo.com/38ff4606-6a11-4421-9cc1-5446b393b526:1
[  282962ms] [WARNING] It is recommended that a robustness level be specified. Not specifying the robustness level could result in unexpected behavior. @ blob:https://www.primevideo.com/38ff4606-6a11-4421-9cc1-5446b393b526:1
[  282962ms] [WARNING] It is recommended that a robustness level be specified. Not specifying the robustness level could result in unexpected behavior. @ blob:https://www.primevideo.com/38ff4606-6a11-4421-9cc1-5446b393b526:1
[  284505ms] [WARNING] It is recommended that a robustness level be specified. Not specifying the robustness level could result in unexpected behavior. @ blob:https://www.primevideo.com/5c0ff0aa-8966-4593-bc69-5741b72b7202:1
[  284506ms] [WARNING] It is recommended that a robustness level be specified. Not specifying the robustness level could result in unexpected behavior. @ blob:https://www.primevideo.com/5c0ff0aa-8966-4593-bc69-5741b72b7202:1
[  284506ms] [WARNING] It is recommended that a robustness level be specified. Not specifying the robustness level could result in unexpected behavior. @ blob:https://www.primevideo.com/5c0ff0aa-8966-4593-bc69-5741b72b7202:1
[  285518ms] [WARNING] It is recommended that a robustness level be specified. Not specifying the robustness level could result in unexpected behavior. @ blob:https://www.primevideo.com/157f3979-299a-4e3d-bd64-2e20a6e16460:1
[  285518ms] [WARNING] It is recommended that a robustness level be specified. Not specifying the robustness level could result in unexpected behavior. @ blob:https://www.primevideo.com/157f3979-299a-4e3d-bd64-2e20a6e16460:1
[  285519ms] [WARNING] It is recommended that a robustness level be specified. Not specifying the robustness level could result in unexpected behavior. @ blob:https://www.primevideo.com/157f3979-299a-4e3d-bd64-2e20a6e16460:1
[  287970ms] [WARNING] It is recommended that a robustness level be specified. Not specifying the robustness level could result in unexpected behavior. @ blob:https://www.primevideo.com/38ff4606-6a11-4421-9cc1-5446b393b526:1
[  287971ms] [WARNING] It is recommended that a robustness level be specified. Not specifying the robustness level could result in unexpected behavior. @ blob:https://www.primevideo.com/38ff4606-6a11-4421-9cc1-5446b393b526:1
[  287971ms] [WARNING] It is recommended that a robustness level be specified. Not specifying the robustness level could result in unexpected behavior. @ blob:https://www.primevideo.com/38ff4606-6a11-4421-9cc1-5446b393b526:1
[  289507ms] [WARNING] It is recommended that a robustness level be specified. Not specifying the robustness level could result in unexpected behavior. @ blob:https://www.primevideo.com/5c0ff0aa-8966-4593-bc69-5741b72b7202:1
[  289507ms] [WARNING] It is recommended that a robustness level be specified. Not specifying the robustness level could result in unexpected behavior. @ blob:https://www.primevideo.com/5c0ff0aa-8966-4593-bc69-5741b72b7202:1
[  289507ms] [WARNING] It is recommended that a robustness level be specified. Not specifying the robustness level could result in unexpected behavior. @ blob:https://www.primevideo.com/5c0ff0aa-8966-4593-bc69-5741b72b7202:1
[  290527ms] [WARNING] It is recommended that a robustness level be specified. Not specifying the robustness level could result in unexpected behavior. @ blob:https://www.primevideo.com/157f3979-299a-4e3d-bd64-2e20a6e16460:1
[  290528ms] [WARNING] It is recommended that a robustness level be specified. Not specifying the robustness level could result in unexpected behavior. @ blob:https://www.primevideo.com/157f3979-299a-4e3d-bd64-2e20a6e16460:1
[  290528ms] [WARNING] It is recommended that a robustness level be specified. Not specifying the robustness level could result in unexpected behavior. @ blob:https://www.primevideo.com/157f3979-299a-4e3d-bd64-2e20a6e16460:1
[  292982ms] [WARNING] It is recommended that a robustness level be specified. Not specifying the robustness level could result in unexpected behavior. @ blob:https://www.primevideo.com/38ff4606-6a11-4421-9cc1-5446b393b526:1
[  292983ms] [WARNING] It is recommended that a robustness level be specified. Not specifying the robustness level could result in unexpected behavior. @ blob:https://www.primevideo.com/38ff4606-6a11-4421-9cc1-5446b393b526:1
[  292983ms] [WARNING] It is recommended that a robustness level be specified. Not specifying the robustness level could result in unexpected behavior. @ blob:https://www.primevideo.com/38ff4606-6a11-4421-9cc1-5446b393b526:1
[  294510ms] [WARNING] It is recommended that a robustness level be specified. Not specifying the robustness level could result in unexpected behavior. @ blob:https://www.primevideo.com/5c0ff0aa-8966-4593-bc69-5741b72b7202:1
[  294510ms] [WARNING] It is recommended that a robustness level be specified. Not specifying the robustness level could result in unexpected behavior. @ blob:https://www.primevideo.com/5c0ff0aa-8966-4593-bc69-5741b72b7202:1
[  294510ms] [WARNING] It is recommended that a robustness level be specified. Not specifying the robustness level could result in unexpected behavior. @ blob:https://www.primevideo.com/5c0ff0aa-8966-4593-bc69-5741b72b7202:1
[  295535ms] [WARNING] It is recommended that a robustness level be specified. Not specifying the robustness level could result in unexpected behavior. @ blob:https://www.primevideo.com/157f3979-299a-4e3d-bd64-2e20a6e16460:1
[  295536ms] [WARNING] It is recommended that a robustness level be specified. Not specifying the robustness level could result in unexpected behavior. @ blob:https://www.primevideo.com/157f3979-299a-4e3d-bd64-2e20a6e16460:1
[  295536ms] [WARNING] It is recommended that a robustness level be specified. Not specifying the robustness level could result in unexpected behavior. @ blob:https://www.primevideo.com/157f3979-299a-4e3d-bd64-2e20a6e16460:1
[  297986ms] [WARNING] It is recommended that a robustness level be specified. Not specifying the robustness level could result in unexpected behavior. @ blob:https://www.primevideo.com/38ff4606-6a11-4421-9cc1-5446b393b526:1
[  297986ms] [WARNING] It is recommended that a robustness level be specified. Not specifying the robustness level could result in unexpected behavior. @ blob:https://www.primevideo.com/38ff4606-6a11-4421-9cc1-5446b393b526:1
[  297986ms] [WARNING] It is recommended that a robustness level be specified. Not specifying the robustness level could result in unexpected behavior. @ blob:https://www.primevideo.com/38ff4606-6a11-4421-9cc1-5446b393b526:1
[  299519ms] [WARNING] It is recommended that a robustness level be specified. Not specifying the robustness level could result in unexpected behavior. @ blob:https://www.primevideo.com/5c0ff0aa-8966-4593-bc69-5741b72b7202:1
[  299519ms] [WARNING] It is recommended that a robustness level be specified. Not specifying the robustness level could result in unexpected behavior. @ blob:https://www.primevideo.com/5c0ff0aa-8966-4593-bc69-5741b72b7202:1
[  299519ms] [WARNING] It is recommended that a robustness level be specified. Not specifying the robustness level could result in unexpected behavior. @ blob:https://www.primevideo.com/5c0ff0aa-8966-4593-bc69-5741b72b7202:1
[  300537ms] [WARNING] It is recommended that a robustness level be specified. Not specifying the robustness level could result in unexpected behavior. @ blob:https://www.primevideo.com/157f3979-299a-4e3d-bd64-2e20a6e16460:1
[  300537ms] [WARNING] It is recommended that a robustness level be specified. Not specifying the robustness level could result in unexpected behavior. @ blob:https://www.primevideo.com/157f3979-299a-4e3d-bd64-2e20a6e16460:1
[  300537ms] [WARNING] It is recommended that a robustness level be specified. Not specifying the robustness level could result in unexpected behavior. @ blob:https://www.primevideo.com/157f3979-299a-4e3d-bd64-2e20a6e16460:1
[  302990ms] [WARNING] It is recommended that a robustness level be specified. Not specifying the robustness level could result in unexpected behavior. @ blob:https://www.primevideo.com/38ff4606-6a11-4421-9cc1-5446b393b526:1
[  302990ms] [WARNING] It is recommended that a robustness level be specified. Not specifying the robustness level could result in unexpected behavior. @ blob:https://www.primevideo.com/38ff4606-6a11-4421-9cc1-5446b393b526:1
[  302990ms] [WARNING] It is recommended that a robustness level be specified. Not specifying the robustness level could result in unexpected behavior. @ blob:https://www.primevideo.com/38ff4606-6a11-4421-9cc1-5446b393b526:1
[  304535ms] [WARNING] It is recommended that a robustness level be specified. Not specifying the robustness level could result in unexpected behavior. @ blob:https://www.primevideo.com/5c0ff0aa-8966-4593-bc69-5741b72b7202:1
[  304536ms] [WARNING] It is recommended that a robustness level be specified. Not specifying the robustness level could result in unexpected behavior. @ blob:https://www.primevideo.com/5c0ff0aa-8966-4593-bc69-5741b72b7202:1
[  304536ms] [WARNING] It is recommended that a robustness level be specified. Not specifying the robustness level could result in unexpected behavior. @ blob:https://www.primevideo.com/5c0ff0aa-8966-4593-bc69-5741b72b7202:1
[  305549ms] [WARNING] It is recommended that a robustness level be specified. Not specifying the robustness level could result in unexpected behavior. @ blob:https://www.primevideo.com/157f3979-299a-4e3d-bd64-2e20a6e16460:1
[  305550ms] [WARNING] It is recommended that a robustness level be specified. Not specifying the robustness level could result in unexpected behavior. @ blob:https://www.primevideo.com/157f3979-299a-4e3d-bd64-2e20a6e16460:1
[  305550ms] [WARNING] It is recommended that a robustness level be specified. Not specifying the robustness level could result in unexpected behavior. @ blob:https://www.primevideo.com/157f3979-299a-4e3d-bd64-2e20a6e16460:1
[  307998ms] [WARNING] It is recommended that a robustness level be specified. Not specifying the robustness level could result in unexpected behavior. @ blob:https://www.primevideo.com/38ff4606-6a11-4421-9cc1-5446b393b526:1
[  307999ms] [WARNING] It is recommended that a robustness level be specified. Not specifying the robustness level could result in unexpected behavior. @ blob:https://www.primevideo.com/38ff4606-6a11-4421-9cc1-5446b393b526:1
[  307999ms] [WARNING] It is recommended that a robustness level be specified. Not specifying the robustness level could result in unexpected behavior. @ blob:https://www.primevideo.com/38ff4606-6a11-4421-9cc1-5446b393b526:1
[  309542ms] [WARNING] It is recommended that a robustness level be specified. Not specifying the robustness level could result in unexpected behavior. @ blob:https://www.primevideo.com/5c0ff0aa-8966-4593-bc69-5741b72b7202:1
[  309542ms] [WARNING] It is recommended that a robustness level be specified. Not specifying the robustness level could result in unexpected behavior. @ blob:https://www.primevideo.com/5c0ff0aa-8966-4593-bc69-5741b72b7202:1
[  309542ms] [WARNING] It is recommended that a robustness level be specified. Not specifying the robustness level could result in unexpected behavior. @ blob:https://www.primevideo.com/5c0ff0aa-8966-4593-bc69-5741b72b7202:1
[  310562ms] [WARNING] It is recommended that a robustness level be specified. Not specifying the robustness level could result in unexpected behavior. @ blob:https://www.primevideo.com/157f3979-299a-4e3d-bd64-2e20a6e16460:1
[  310563ms] [WARNING] It is recommended that a robustness level be specified. Not specifying the robustness level could result in unexpected behavior. @ blob:https://www.primevideo.com/157f3979-299a-4e3d-bd64-2e20a6e16460:1
[  310563ms] [WARNING] It is recommended that a robustness level be specified. Not specifying the robustness level could result in unexpected behavior. @ blob:https://www.primevideo.com/157f3979-299a-4e3d-bd64-2e20a6e16460:1
[  313000ms] [WARNING] It is recommended that a robustness level be specified. Not specifying the robustness level could result in unexpected behavior. @ blob:https://www.primevideo.com/38ff4606-6a11-4421-9cc1-5446b393b526:1
[  313000ms] [WARNING] It is recommended that a robustness level be specified. Not specifying the robustness level could result in unexpected behavior. @ blob:https://www.primevideo.com/38ff4606-6a11-4421-9cc1-5446b393b526:1
[  313001ms] [WARNING] It is recommended that a robustness level be specified. Not specifying the robustness level could result in unexpected behavior. @ blob:https://www.primevideo.com/38ff4606-6a11-4421-9cc1-5446b393b526:1
[  314553ms] [WARNING] It is recommended that a robustness level be specified. Not specifying the robustness level could result in unexpected behavior. @ blob:https://www.primevideo.com/5c0ff0aa-8966-4593-bc69-5741b72b7202:1
[  314554ms] [WARNING] It is recommended that a robustness level be specified. Not specifying the robustness level could result in unexpected behavior. @ blob:https://www.primevideo.com/5c0ff0aa-8966-4593-bc69-5741b72b7202:1
[  314554ms] [WARNING] It is recommended that a robustness level be specified. Not specifying the robustness level could result in unexpected behavior. @ blob:https://www.primevideo.com/5c0ff0aa-8966-4593-bc69-5741b72b7202:1
[  315578ms] [WARNING] It is recommended that a robustness level be specified. Not specifying the robustness level could result in unexpected behavior. @ blob:https://www.primevideo.com/157f3979-299a-4e3d-bd64-2e20a6e16460:1
[  315578ms] [WARNING] It is recommended that a robustness level be specified. Not specifying the robustness level could result in unexpected behavior. @ blob:https://www.primevideo.com/157f3979-299a-4e3d-bd64-2e20a6e16460:1
[  315578ms] [WARNING] It is recommended that a robustness level be specified. Not specifying the robustness level could result in unexpected behavior. @ blob:https://www.primevideo.com/157f3979-299a-4e3d-bd64-2e20a6e16460:1
[  318004ms] [WARNING] It is recommended that a robustness level be specified. Not specifying the robustness level could result in unexpected behavior. @ blob:https://www.primevideo.com/38ff4606-6a11-4421-9cc1-5446b393b526:1
[  318005ms] [WARNING] It is recommended that a robustness level be specified. Not specifying the robustness level could result in unexpected behavior. @ blob:https://www.primevideo.com/38ff4606-6a11-4421-9cc1-5446b393b526:1
[  318005ms] [WARNING] It is recommended that a robustness level be specified. Not specifying the robustness level could result in unexpected behavior. @ blob:https://www.primevideo.com/38ff4606-6a11-4421-9cc1-5446b393b526:1
[  319563ms] [WARNING] It is recommended that a robustness level be specified. Not specifying the robustness level could result in unexpected behavior. @ blob:https://www.primevideo.com/5c0ff0aa-8966-4593-bc69-5741b72b7202:1
[  319563ms] [WARNING] It is recommended that a robustness level be specified. Not specifying the robustness level could result in unexpected behavior. @ blob:https://www.primevideo.com/5c0ff0aa-8966-4593-bc69-5741b72b7202:1
[  319563ms] [WARNING] It is recommended that a robustness level be specified. Not specifying the robustness level could result in unexpected behavior. @ blob:https://www.primevideo.com/5c0ff0aa-8966-4593-bc69-5741b72b7202:1
[  320594ms] [WARNING] It is recommended that a robustness level be specified. Not specifying the robustness level could result in unexpected behavior. @ blob:https://www.primevideo.com/157f3979-299a-4e3d-bd64-2e20a6e16460:1
[  320594ms] [WARNING] It is recommended that a robustness level be specified. Not specifying the robustness level could result in unexpected behavior. @ blob:https://www.primevideo.com/157f3979-299a-4e3d-bd64-2e20a6e16460:1
[  320594ms] [WARNING] It is recommended that a robustness level be specified. Not specifying the robustness level could result in unexpected behavior. @ blob:https://www.primevideo.com/157f3979-299a-4e3d-bd64-2e20a6e16460:1
[  323012ms] [WARNING] It is recommended that a robustness level be specified. Not specifying the robustness level could result in unexpected behavior. @ blob:https://www.primevideo.com/38ff4606-6a11-4421-9cc1-5446b393b526:1
[  323012ms] [WARNING] It is recommended that a robustness level be specified. Not specifying the robustness level could result in unexpected behavior. @ blob:https://www.primevideo.com/38ff4606-6a11-4421-9cc1-5446b393b526:1
[  323012ms] [WARNING] It is recommended that a robustness level be specified. Not specifying the robustness level could result in unexpected behavior. @ blob:https://www.primevideo.com/38ff4606-6a11-4421-9cc1-5446b393b526:1
[  324572ms] [WARNING] It is recommended that a robustness level be specified. Not specifying the robustness level could result in unexpected behavior. @ blob:https://www.primevideo.com/5c0ff0aa-8966-4593-bc69-5741b72b7202:1
[  324573ms] [WARNING] It is recommended that a robustness level be specified. Not specifying the robustness level could result in unexpected behavior. @ blob:https://www.primevideo.com/5c0ff0aa-8966-4593-bc69-5741b72b7202:1
[  324573ms] [WARNING] It is recommended that a robustness level be specified. Not specifying the robustness level could result in unexpected behavior. @ blob:https://www.primevideo.com/5c0ff0aa-8966-4593-bc69-5741b72b7202:1
[  325597ms] [WARNING] It is recommended that a robustness level be specified. Not specifying the robustness level could result in unexpected behavior. @ blob:https://www.primevideo.com/157f3979-299a-4e3d-bd64-2e20a6e16460:1
[  325597ms] [WARNING] It is recommended that a robustness level be specified. Not specifying the robustness level could result in unexpected behavior. @ blob:https://www.primevideo.com/157f3979-299a-4e3d-bd64-2e20a6e16460:1
[  325597ms] [WARNING] It is recommended that a robustness level be specified. Not specifying the robustness level could result in unexpected behavior. @ blob:https://www.primevideo.com/157f3979-299a-4e3d-bd64-2e20a6e16460:1
[  328021ms] [WARNING] It is recommended that a robustness level be specified. Not specifying the robustness level could result in unexpected behavior. @ blob:https://www.primevideo.com/38ff4606-6a11-4421-9cc1-5446b393b526:1
[  328022ms] [WARNING] It is recommended that a robustness level be specified. Not specifying the robustness level could result in unexpected behavior. @ blob:https://www.primevideo.com/38ff4606-6a11-4421-9cc1-5446b393b526:1
[  328022ms] [WARNING] It is recommended that a robustness level be specified. Not specifying the robustness level could result in unexpected behavior. @ blob:https://www.primevideo.com/38ff4606-6a11-4421-9cc1-5446b393b526:1
[  329580ms] [WARNING] It is recommended that a robustness level be specified. Not specifying the robustness level could result in unexpected behavior. @ blob:https://www.primevideo.com/5c0ff0aa-8966-4593-bc69-5741b72b7202:1
[  329581ms] [WARNING] It is recommended that a robustness level be specified. Not specifying the robustness level could result in unexpected behavior. @ blob:https://www.primevideo.com/5c0ff0aa-8966-4593-bc69-5741b72b7202:1
[  329581ms] [WARNING] It is recommended that a robustness level be specified. Not specifying the robustness level could result in unexpected behavior. @ blob:https://www.primevideo.com/5c0ff0aa-8966-4593-bc69-5741b72b7202:1
[  330602ms] [WARNING] It is recommended that a robustness level be specified. Not specifying the robustness level could result in unexpected behavior. @ blob:https://www.primevideo.com/157f3979-299a-4e3d-bd64-2e20a6e16460:1
[  330602ms] [WARNING] It is recommended that a robustness level be specified. Not specifying the robustness level could result in unexpected behavior. @ blob:https://www.primevideo.com/157f3979-299a-4e3d-bd64-2e20a6e16460:1
[  330602ms] [WARNING] It is recommended that a robustness level be specified. Not specifying the robustness level could result in unexpected behavior. @ blob:https://www.primevideo.com/157f3979-299a-4e3d-bd64-2e20a6e16460:1
[  333037ms] [WARNING] It is recommended that a robustness level be specified. Not specifying the robustness level could result in unexpected behavior. @ blob:https://www.primevideo.com/38ff4606-6a11-4421-9cc1-5446b393b526:1
[  333037ms] [WARNING] It is recommended that a robustness level be specified. Not specifying the robustness level could result in unexpected behavior. @ blob:https://www.primevideo.com/38ff4606-6a11-4421-9cc1-5446b393b526:1
[  333037ms] [WARNING] It is recommended that a robustness level be specified. Not specifying the robustness level could result in unexpected behavior. @ blob:https://www.primevideo.com/38ff4606-6a11-4421-9cc1-5446b393b526:1
[  334583ms] [WARNING] It is recommended that a robustness level be specified. Not specifying the robustness level could result in unexpected behavior. @ blob:https://www.primevideo.com/5c0ff0aa-8966-4593-bc69-5741b72b7202:1
[  334583ms] [WARNING] It is recommended that a robustness level be specified. Not specifying the robustness level could result in unexpected behavior. @ blob:https://www.primevideo.com/5c0ff0aa-8966-4593-bc69-5741b72b7202:1
[  334583ms] [WARNING] It is recommended that a robustness level be specified. Not specifying the robustness level could result in unexpected behavior. @ blob:https://www.primevideo.com/5c0ff0aa-8966-4593-bc69-5741b72b7202:1
[  335614ms] [WARNING] It is recommended that a robustness level be specified. Not specifying the robustness level could result in unexpected behavior. @ blob:https://www.primevideo.com/157f3979-299a-4e3d-bd64-2e20a6e16460:1
[  335614ms] [WARNING] It is recommended that a robustness level be specified. Not specifying the robustness level could result in unexpected behavior. @ blob:https://www.primevideo.com/157f3979-299a-4e3d-bd64-2e20a6e16460:1
[  335614ms] [WARNING] It is recommended that a robustness level be specified. Not specifying the robustness level could result in unexpected behavior. @ blob:https://www.primevideo.com/157f3979-299a-4e3d-bd64-2e20a6e16460:1
[  338046ms] [WARNING] It is recommended that a robustness level be specified. Not specifying the robustness level could result in unexpected behavior. @ blob:https://www.primevideo.com/38ff4606-6a11-4421-9cc1-5446b393b526:1
[  338046ms] [WARNING] It is recommended that a robustness level be specified. Not specifying the robustness level could result in unexpected behavior. @ blob:https://www.primevideo.com/38ff4606-6a11-4421-9cc1-5446b393b526:1
[  338046ms] [WARNING] It is recommended that a robustness level be specified. Not specifying the robustness level could result in unexpected behavior. @ blob:https://www.primevideo.com/38ff4606-6a11-4421-9cc1-5446b393b526:1
[  339597ms] [WARNING] It is recommended that a robustness level be specified. Not specifying the robustness level could result in unexpected behavior. @ blob:https://www.primevideo.com/5c0ff0aa-8966-4593-bc69-5741b72b7202:1
[  339598ms] [WARNING] It is recommended that a robustness level be specified. Not specifying the robustness level could result in unexpected behavior. @ blob:https://www.primevideo.com/5c0ff0aa-8966-4593-bc69-5741b72b7202:1
[  339598ms] [WARNING] It is recommended that a robustness level be specified. Not specifying the robustness level could result in unexpected behavior. @ blob:https://www.primevideo.com/5c0ff0aa-8966-4593-bc69-5741b72b7202:1
[  340623ms] [WARNING] It is recommended that a robustness level be specified. Not specifying the robustness level could result in unexpected behavior. @ blob:https://www.primevideo.com/157f3979-299a-4e3d-bd64-2e20a6e16460:1
[  340623ms] [WARNING] It is recommended that a robustness level be specified. Not specifying the robustness level could result in unexpected behavior. @ blob:https://www.primevideo.com/157f3979-299a-4e3d-bd64-2e20a6e16460:1
[  340624ms] [WARNING] It is recommended that a robustness level be specified. Not specifying the robustness level could result in unexpected behavior. @ blob:https://www.primevideo.com/157f3979-299a-4e3d-bd64-2e20a6e16460:1
[  343048ms] [WARNING] It is recommended that a robustness level be specified. Not specifying the robustness level could result in unexpected behavior. @ blob:https://www.primevideo.com/38ff4606-6a11-4421-9cc1-5446b393b526:1
[  343048ms] [WARNING] It is recommended that a robustness level be specified. Not specifying the robustness level could result in unexpected behavior. @ blob:https://www.primevideo.com/38ff4606-6a11-4421-9cc1-5446b393b526:1
[  343048ms] [WARNING] It is recommended that a robustness level be specified. Not specifying the robustness level could result in unexpected behavior. @ blob:https://www.primevideo.com/38ff4606-6a11-4421-9cc1-5446b393b526:1
[  344613ms] [WARNING] It is recommended that a robustness level be specified. Not specifying the robustness level could result in unexpected behavior. @ blob:https://www.primevideo.com/5c0ff0aa-8966-4593-bc69-5741b72b7202:1
[  344613ms] [WARNING] It is recommended that a robustness level be specified. Not specifying the robustness level could result in unexpected behavior. @ blob:https://www.primevideo.com/5c0ff0aa-8966-4593-bc69-5741b72b7202:1
[  344613ms] [WARNING] It is recommended that a robustness level be specified. Not specifying the robustness level could result in unexpected behavior. @ blob:https://www.primevideo.com/5c0ff0aa-8966-4593-bc69-5741b72b7202:1
[  345631ms] [WARNING] It is recommended that a robustness level be specified. Not specifying the robustness level could result in unexpected behavior. @ blob:https://www.primevideo.com/157f3979-299a-4e3d-bd64-2e20a6e16460:1
[  345631ms] [WARNING] It is recommended that a robustness level be specified. Not specifying the robustness level could result in unexpected behavior. @ blob:https://www.primevideo.com/157f3979-299a-4e3d-bd64-2e20a6e16460:1
[  345631ms] [WARNING] It is recommended that a robustness level be specified. Not specifying the robustness level could result in unexpected behavior. @ blob:https://www.primevideo.com/157f3979-299a-4e3d-bd64-2e20a6e16460:1
[  348053ms] [WARNING] It is recommended that a robustness level be specified. Not specifying the robustness level could result in unexpected behavior. @ blob:https://www.primevideo.com/38ff4606-6a11-4421-9cc1-5446b393b526:1
[  348053ms] [WARNING] It is recommended that a robustness level be specified. Not specifying the robustness level could result in unexpected behavior. @ blob:https://www.primevideo.com/38ff4606-6a11-4421-9cc1-5446b393b526:1
[  348053ms] [WARNING] It is recommended that a robustness level be specified. Not specifying the robustness level could result in unexpected behavior. @ blob:https://www.primevideo.com/38ff4606-6a11-4421-9cc1-5446b393b526:1
[  349629ms] [WARNING] It is recommended that a robustness level be specified. Not specifying the robustness level could result in unexpected behavior. @ blob:https://www.primevideo.com/5c0ff0aa-8966-4593-bc69-5741b72b7202:1
[  349630ms] [WARNING] It is recommended that a robustness level be specified. Not specifying the robustness level could result in unexpected behavior. @ blob:https://www.primevideo.com/5c0ff0aa-8966-4593-bc69-5741b72b7202:1
[  349630ms] [WARNING] It is recommended that a robustness level be specified. Not specifying the robustness level could result in unexpected behavior. @ blob:https://www.primevideo.com/5c0ff0aa-8966-4593-bc69-5741b72b7202:1
[  350636ms] [WARNING] It is recommended that a robustness level be specified. Not specifying the robustness level could result in unexpected behavior. @ blob:https://www.primevideo.com/157f3979-299a-4e3d-bd64-2e20a6e16460:1
[  350636ms] [WARNING] It is recommended that a robustness level be specified. Not specifying the robustness level could result in unexpected behavior. @ blob:https://www.primevideo.com/157f3979-299a-4e3d-bd64-2e20a6e16460:1
[  350636ms] [WARNING] It is recommended that a robustness level be specified. Not specifying the robustness level could result in unexpected behavior. @ blob:https://www.primevideo.com/157f3979-299a-4e3d-bd64-2e20a6e16460:1
[  353062ms] [WARNING] It is recommended that a robustness level be specified. Not specifying the robustness level could result in unexpected behavior. @ blob:https://www.primevideo.com/38ff4606-6a11-4421-9cc1-5446b393b526:1
[  353062ms] [WARNING] It is recommended that a robustness level be specified. Not specifying the robustness level could result in unexpected behavior. @ blob:https://www.primevideo.com/38ff4606-6a11-4421-9cc1-5446b393b526:1
[  353063ms] [WARNING] It is recommended that a robustness level be specified. Not specifying the robustness level could result in unexpected behavior. @ blob:https://www.primevideo.com/38ff4606-6a11-4421-9cc1-5446b393b526:1
[  354637ms] [WARNING] It is recommended that a robustness level be specified. Not specifying the robustness level could result in unexpected behavior. @ blob:https://www.primevideo.com/5c0ff0aa-8966-4593-bc69-5741b72b7202:1
[  354637ms] [WARNING] It is recommended that a robustness level be specified. Not specifying the robustness level could result in unexpected behavior. @ blob:https://www.primevideo.com/5c0ff0aa-8966-4593-bc69-5741b72b7202:1
[  354638ms] [WARNING] It is recommended that a robustness level be specified. Not specifying the robustness level could result in unexpected behavior. @ blob:https://www.primevideo.com/5c0ff0aa-8966-4593-bc69-5741b72b7202:1
[  355653ms] [WARNING] It is recommended that a robustness level be specified. Not specifying the robustness level could result in unexpected behavior. @ blob:https://www.primevideo.com/157f3979-299a-4e3d-bd64-2e20a6e16460:1
[  355653ms] [WARNING] It is recommended that a robustness level be specified. Not specifying the robustness level could result in unexpected behavior. @ blob:https://www.primevideo.com/157f3979-299a-4e3d-bd64-2e20a6e16460:1
[  355653ms] [WARNING] It is recommended that a robustness level be specified. Not specifying the robustness level could result in unexpected behavior. @ blob:https://www.primevideo.com/157f3979-299a-4e3d-bd64-2e20a6e16460:1
[  358076ms] [WARNING] It is recommended that a robustness level be specified. Not specifying the robustness level could result in unexpected behavior. @ blob:https://www.primevideo.com/38ff4606-6a11-4421-9cc1-5446b393b526:1
[  358076ms] [WARNING] It is recommended that a robustness level be specified. Not specifying the robustness level could result in unexpected behavior. @ blob:https://www.primevideo.com/38ff4606-6a11-4421-9cc1-5446b393b526:1
[  358076ms] [WARNING] It is recommended that a robustness level be specified. Not specifying the robustness level could result in unexpected behavior. @ blob:https://www.primevideo.com/38ff4606-6a11-4421-9cc1-5446b393b526:1
[  359651ms] [WARNING] It is recommended that a robustness level be specified. Not specifying the robustness level could result in unexpected behavior. @ blob:https://www.primevideo.com/5c0ff0aa-8966-4593-bc69-5741b72b7202:1
[  359651ms] [WARNING] It is recommended that a robustness level be specified. Not specifying the robustness level could result in unexpected behavior. @ blob:https://www.primevideo.com/5c0ff0aa-8966-4593-bc69-5741b72b7202:1
[  359651ms] [WARNING] It is recommended that a robustness level be specified. Not specifying the robustness level could result in unexpected behavior. @ blob:https://www.primevideo.com/5c0ff0aa-8966-4593-bc69-5741b72b7202:1
[  360657ms] [WARNING] It is recommended that a robustness level be specified. Not specifying the robustness level could result in unexpected behavior. @ blob:https://www.primevideo.com/157f3979-299a-4e3d-bd64-2e20a6e16460:1
[  360657ms] [WARNING] It is recommended that a robustness level be specified. Not specifying the robustness level could result in unexpected behavior. @ blob:https://www.primevideo.com/157f3979-299a-4e3d-bd64-2e20a6e16460:1
[  360658ms] [WARNING] It is recommended that a robustness level be specified. Not specifying the robustness level could result in unexpected behavior. @ blob:https://www.primevideo.com/157f3979-299a-4e3d-bd64-2e20a6e16460:1
[  363083ms] [WARNING] It is recommended that a robustness level be specified. Not specifying the robustness level could result in unexpected behavior. @ blob:https://www.primevideo.com/38ff4606-6a11-4421-9cc1-5446b393b526:1
[  363083ms] [WARNING] It is recommended that a robustness level be specified. Not specifying the robustness level could result in unexpected behavior. @ blob:https://www.primevideo.com/38ff4606-6a11-4421-9cc1-5446b393b526:1
[  363083ms] [WARNING] It is recommended that a robustness level be specified. Not specifying the robustness level could result in unexpected behavior. @ blob:https://www.primevideo.com/38ff4606-6a11-4421-9cc1-5446b393b526:1
[  364658ms] [WARNING] It is recommended that a robustness level be specified. Not specifying the robustness level could result in unexpected behavior. @ blob:https://www.primevideo.com/5c0ff0aa-8966-4593-bc69-5741b72b7202:1
[  364658ms] [WARNING] It is recommended that a robustness level be specified. Not specifying the robustness level could result in unexpected behavior. @ blob:https://www.primevideo.com/5c0ff0aa-8966-4593-bc69-5741b72b7202:1
[  364658ms] [WARNING] It is recommended that a robustness level be specified. Not specifying the robustness level could result in unexpected behavior. @ blob:https://www.primevideo.com/5c0ff0aa-8966-4593-bc69-5741b72b7202:1
[  365667ms] [WARNING] It is recommended that a robustness level be specified. Not specifying the robustness level could result in unexpected behavior. @ blob:https://www.primevideo.com/157f3979-299a-4e3d-bd64-2e20a6e16460:1
[  365667ms] [WARNING] It is recommended that a robustness level be specified. Not specifying the robustness level could result in unexpected behavior. @ blob:https://www.primevideo.com/157f3979-299a-4e3d-bd64-2e20a6e16460:1
[  365667ms] [WARNING] It is recommended that a robustness level be specified. Not specifying the robustness level could result in unexpected behavior. @ blob:https://www.primevideo.com/157f3979-299a-4e3d-bd64-2e20a6e16460:1
[  368100ms] [WARNING] It is recommended that a robustness level be specified. Not specifying the robustness level could result in unexpected behavior. @ blob:https://www.primevideo.com/38ff4606-6a11-4421-9cc1-5446b393b526:1
[  368100ms] [WARNING] It is recommended that a robustness level be specified. Not specifying the robustness level could result in unexpected behavior. @ blob:https://www.primevideo.com/38ff4606-6a11-4421-9cc1-5446b393b526:1
[  368100ms] [WARNING] It is recommended that a robustness level be specified. Not specifying the robustness level could result in unexpected behavior. @ blob:https://www.primevideo.com/38ff4606-6a11-4421-9cc1-5446b393b526:1
[  369671ms] [WARNING] It is recommended that a robustness level be specified. Not specifying the robustness level could result in unexpected behavior. @ blob:https://www.primevideo.com/5c0ff0aa-8966-4593-bc69-5741b72b7202:1
[  369672ms] [WARNING] It is recommended that a robustness level be specified. Not specifying the robustness level could result in unexpected behavior. @ blob:https://www.primevideo.com/5c0ff0aa-8966-4593-bc69-5741b72b7202:1
[  369672ms] [WARNING] It is recommended that a robustness level be specified. Not specifying the robustness level could result in unexpected behavior. @ blob:https://www.primevideo.com/5c0ff0aa-8966-4593-bc69-5741b72b7202:1
[  370675ms] [WARNING] It is recommended that a robustness level be specified. Not specifying the robustness level could result in unexpected behavior. @ blob:https://www.primevideo.com/157f3979-299a-4e3d-bd64-2e20a6e16460:1
[  370676ms] [WARNING] It is recommended that a robustness level be specified. Not specifying the robustness level could result in unexpected behavior. @ blob:https://www.primevideo.com/157f3979-299a-4e3d-bd64-2e20a6e16460:1
[  370676ms] [WARNING] It is recommended that a robustness level be specified. Not specifying the robustness level could result in unexpected behavior. @ blob:https://www.primevideo.com/157f3979-299a-4e3d-bd64-2e20a6e16460:1
[  373107ms] [WARNING] It is recommended that a robustness level be specified. Not specifying the robustness level could result in unexpected behavior. @ blob:https://www.primevideo.com/38ff4606-6a11-4421-9cc1-5446b393b526:1
[  373107ms] [WARNING] It is recommended that a robustness level be specified. Not specifying the robustness level could result in unexpected behavior. @ blob:https://www.primevideo.com/38ff4606-6a11-4421-9cc1-5446b393b526:1
[  373107ms] [WARNING] It is recommended that a robustness level be specified. Not specifying the robustness level could result in unexpected behavior. @ blob:https://www.primevideo.com/38ff4606-6a11-4421-9cc1-5446b393b526:1
[  374674ms] [WARNING] It is recommended that a robustness level be specified. Not specifying the robustness level could result in unexpected behavior. @ blob:https://www.primevideo.com/5c0ff0aa-8966-4593-bc69-5741b72b7202:1
[  374674ms] [WARNING] It is recommended that a robustness level be specified. Not specifying the robustness level could result in unexpected behavior. @ blob:https://www.primevideo.com/5c0ff0aa-8966-4593-bc69-5741b72b7202:1
[  374674ms] [WARNING] It is recommended that a robustness level be specified. Not specifying the robustness level could result in unexpected behavior. @ blob:https://www.primevideo.com/5c0ff0aa-8966-4593-bc69-5741b72b7202:1
[  375682ms] [WARNING] It is recommended that a robustness level be specified. Not specifying the robustness level could result in unexpected behavior. @ blob:https://www.primevideo.com/157f3979-299a-4e3d-bd64-2e20a6e16460:1
[  375683ms] [WARNING] It is recommended that a robustness level be specified. Not specifying the robustness level could result in unexpected behavior. @ blob:https://www.primevideo.com/157f3979-299a-4e3d-bd64-2e20a6e16460:1
[  375683ms] [WARNING] It is recommended that a robustness level be specified. Not specifying the robustness level could result in unexpected behavior. @ blob:https://www.primevideo.com/157f3979-299a-4e3d-bd64-2e20a6e16460:1
[  378113ms] [WARNING] It is recommended that a robustness level be specified. Not specifying the robustness level could result in unexpected behavior. @ blob:https://www.primevideo.com/38ff4606-6a11-4421-9cc1-5446b393b526:1
[  378113ms] [WARNING] It is recommended that a robustness level be specified. Not specifying the robustness level could result in unexpected behavior. @ blob:https://www.primevideo.com/38ff4606-6a11-4421-9cc1-5446b393b526:1
[  378113ms] [WARNING] It is recommended that a robustness level be specified. Not specifying the robustness level could result in unexpected behavior. @ blob:https://www.primevideo.com/38ff4606-6a11-4421-9cc1-5446b393b526:1
[  379678ms] [WARNING] It is recommended that a robustness level be specified. Not specifying the robustness level could result in unexpected behavior. @ blob:https://www.primevideo.com/5c0ff0aa-8966-4593-bc69-5741b72b7202:1
[  379679ms] [WARNING] It is recommended that a robustness level be specified. Not specifying the robustness level could result in unexpected behavior. @ blob:https://www.primevideo.com/5c0ff0aa-8966-4593-bc69-5741b72b7202:1
[  379679ms] [WARNING] It is recommended that a robustness level be specified. Not specifying the robustness level could result in unexpected behavior. @ blob:https://www.primevideo.com/5c0ff0aa-8966-4593-bc69-5741b72b7202:1
[  380698ms] [WARNING] It is recommended that a robustness level be specified. Not specifying the robustness level could result in unexpected behavior. @ blob:https://www.primevideo.com/157f3979-299a-4e3d-bd64-2e20a6e16460:1
[  380698ms] [WARNING] It is recommended that a robustness level be specified. Not specifying the robustness level could result in unexpected behavior. @ blob:https://www.primevideo.com/157f3979-299a-4e3d-bd64-2e20a6e16460:1
[  380698ms] [WARNING] It is recommended that a robustness level be specified. Not specifying the robustness level could result in unexpected behavior. @ blob:https://www.primevideo.com/157f3979-299a-4e3d-bd64-2e20a6e16460:1
[  383123ms] [WARNING] It is recommended that a robustness level be specified. Not specifying the robustness level could result in unexpected behavior. @ blob:https://www.primevideo.com/38ff4606-6a11-4421-9cc1-5446b393b526:1
[  383123ms] [WARNING] It is recommended that a robustness level be specified. Not specifying the robustness level could result in unexpected behavior. @ blob:https://www.primevideo.com/38ff4606-6a11-4421-9cc1-5446b393b526:1
[  383123ms] [WARNING] It is recommended that a robustness level be specified. Not specifying the robustness level could result in unexpected behavior. @ blob:https://www.primevideo.com/38ff4606-6a11-4421-9cc1-5446b393b526:1
[  384688ms] [WARNING] It is recommended that a robustness level be specified. Not specifying the robustness level could result in unexpected behavior. @ blob:https://www.primevideo.com/5c0ff0aa-8966-4593-bc69-5741b72b7202:1
[  384688ms] [WARNING] It is recommended that a robustness level be specified. Not specifying the robustness level could result in unexpected behavior. @ blob:https://www.primevideo.com/5c0ff0aa-8966-4593-bc69-5741b72b7202:1
[  384688ms] [WARNING] It is recommended that a robustness level be specified. Not specifying the robustness level could result in unexpected behavior. @ blob:https://www.primevideo.com/5c0ff0aa-8966-4593-bc69-5741b72b7202:1
[  385706ms] [WARNING] It is recommended that a robustness level be specified. Not specifying the robustness level could result in unexpected behavior. @ blob:https://www.primevideo.com/157f3979-299a-4e3d-bd64-2e20a6e16460:1
[  385706ms] [WARNING] It is recommended that a robustness level be specified. Not specifying the robustness level could result in unexpected behavior. @ blob:https://www.primevideo.com/157f3979-299a-4e3d-bd64-2e20a6e16460:1
[  385706ms] [WARNING] It is recommended that a robustness level be specified. Not specifying the robustness level could result in unexpected behavior. @ blob:https://www.primevideo.com/157f3979-299a-4e3d-bd64-2e20a6e16460:1
[  388131ms] [WARNING] It is recommended that a robustness level be specified. Not specifying the robustness level could result in unexpected behavior. @ blob:https://www.primevideo.com/38ff4606-6a11-4421-9cc1-5446b393b526:1
[  388131ms] [WARNING] It is recommended that a robustness level be specified. Not specifying the robustness level could result in unexpected behavior. @ blob:https://www.primevideo.com/38ff4606-6a11-4421-9cc1-5446b393b526:1
[  388131ms] [WARNING] It is recommended that a robustness level be specified. Not specifying the robustness level could result in unexpected behavior. @ blob:https://www.primevideo.com/38ff4606-6a11-4421-9cc1-5446b393b526:1
[  389704ms] [WARNING] It is recommended that a robustness level be specified. Not specifying the robustness level could result in unexpected behavior. @ blob:https://www.primevideo.com/5c0ff0aa-8966-4593-bc69-5741b72b7202:1
[  389704ms] [WARNING] It is recommended that a robustness level be specified. Not specifying the robustness level could result in unexpected behavior. @ blob:https://www.primevideo.com/5c0ff0aa-8966-4593-bc69-5741b72b7202:1
[  389704ms] [WARNING] It is recommended that a robustness level be specified. Not specifying the robustness level could result in unexpected behavior. @ blob:https://www.primevideo.com/5c0ff0aa-8966-4593-bc69-5741b72b7202:1
[  390722ms] [WARNING] It is recommended that a robustness level be specified. Not specifying the robustness level could result in unexpected behavior. @ blob:https://www.primevideo.com/157f3979-299a-4e3d-bd64-2e20a6e16460:1
[  390723ms] [WARNING] It is recommended that a robustness level be specified. Not specifying the robustness level could result in unexpected behavior. @ blob:https://www.primevideo.com/157f3979-299a-4e3d-bd64-2e20a6e16460:1
[  390723ms] [WARNING] It is recommended that a robustness level be specified. Not specifying the robustness level could result in unexpected behavior. @ blob:https://www.primevideo.com/157f3979-299a-4e3d-bd64-2e20a6e16460:1
[  393139ms] [WARNING] It is recommended that a robustness level be specified. Not specifying the robustness level could result in unexpected behavior. @ blob:https://www.primevideo.com/38ff4606-6a11-4421-9cc1-5446b393b526:1
[  393139ms] [WARNING] It is recommended that a robustness level be specified. Not specifying the robustness level could result in unexpected behavior. @ blob:https://www.primevideo.com/38ff4606-6a11-4421-9cc1-5446b393b526:1
[  393139ms] [WARNING] It is recommended that a robustness level be specified. Not specifying the robustness level could result in unexpected behavior. @ blob:https://www.primevideo.com/38ff4606-6a11-4421-9cc1-5446b393b526:1
[  394714ms] [WARNING] It is recommended that a robustness level be specified. Not specifying the robustness level could result in unexpected behavior. @ blob:https://www.primevideo.com/5c0ff0aa-8966-4593-bc69-5741b72b7202:1
[  394714ms] [WARNING] It is recommended that a robustness level be specified. Not specifying the robustness level could result in unexpected behavior. @ blob:https://www.primevideo.com/5c0ff0aa-8966-4593-bc69-5741b72b7202:1
[  394714ms] [WARNING] It is recommended that a robustness level be specified. Not specifying the robustness level could result in unexpected behavior. @ blob:https://www.primevideo.com/5c0ff0aa-8966-4593-bc69-5741b72b7202:1
[  395728ms] [WARNING] It is recommended that a robustness level be specified. Not specifying the robustness level could result in unexpected behavior. @ blob:https://www.primevideo.com/157f3979-299a-4e3d-bd64-2e20a6e16460:1
[  395728ms] [WARNING] It is recommended that a robustness level be specified. Not specifying the robustness level could result in unexpected behavior. @ blob:https://www.primevideo.com/157f3979-299a-4e3d-bd64-2e20a6e16460:1
[  395729ms] [WARNING] It is recommended that a robustness level be specified. Not specifying the robustness level could result in unexpected behavior. @ blob:https://www.primevideo.com/157f3979-299a-4e3d-bd64-2e20a6e16460:1
[  398145ms] [WARNING] It is recommended that a robustness level be specified. Not specifying the robustness level could result in unexpected behavior. @ blob:https://www.primevideo.com/38ff4606-6a11-4421-9cc1-5446b393b526:1
[  398145ms] [WARNING] It is recommended that a robustness level be specified. Not specifying the robustness level could result in unexpected behavior. @ blob:https://www.primevideo.com/38ff4606-6a11-4421-9cc1-5446b393b526:1
[  398145ms] [WARNING] It is recommended that a robustness level be specified. Not specifying the robustness level could result in unexpected behavior. @ blob:https://www.primevideo.com/38ff4606-6a11-4421-9cc1-5446b393b526:1
[  399721ms] [WARNING] It is recommended that a robustness level be specified. Not specifying the robustness level could result in unexpected behavior. @ blob:https://www.primevideo.com/5c0ff0aa-8966-4593-bc69-5741b72b7202:1
[  399721ms] [WARNING] It is recommended that a robustness level be specified. Not specifying the robustness level could result in unexpected behavior. @ blob:https://www.primevideo.com/5c0ff0aa-8966-4593-bc69-5741b72b7202:1
[  399721ms] [WARNING] It is recommended that a robustness level be specified. Not specifying the robustness level could result in unexpected behavior. @ blob:https://www.primevideo.com/5c0ff0aa-8966-4593-bc69-5741b72b7202:1
[  400740ms] [WARNING] It is recommended that a robustness level be specified. Not specifying the robustness level could result in unexpected behavior. @ blob:https://www.primevideo.com/157f3979-299a-4e3d-bd64-2e20a6e16460:1
[  400740ms] [WARNING] It is recommended that a robustness level be specified. Not specifying the robustness level could result in unexpected behavior. @ blob:https://www.primevideo.com/157f3979-299a-4e3d-bd64-2e20a6e16460:1
[  400740ms] [WARNING] It is recommended that a robustness level be specified. Not specifying the robustness level could result in unexpected behavior. @ blob:https://www.primevideo.com/157f3979-299a-4e3d-bd64-2e20a6e16460:1
[  403152ms] [WARNING] It is recommended that a robustness level be specified. Not specifying the robustness level could result in unexpected behavior. @ blob:https://www.primevideo.com/38ff4606-6a11-4421-9cc1-5446b393b526:1
[  403153ms] [WARNING] It is recommended that a robustness level be specified. Not specifying the robustness level could result in unexpected behavior. @ blob:https://www.primevideo.com/38ff4606-6a11-4421-9cc1-5446b393b526:1
[  403153ms] [WARNING] It is recommended that a robustness level be specified. Not specifying the robustness level could result in unexpected behavior. @ blob:https://www.primevideo.com/38ff4606-6a11-4421-9cc1-5446b393b526:1
[  404729ms] [WARNING] It is recommended that a robustness level be specified. Not specifying the robustness level could result in unexpected behavior. @ blob:https://www.primevideo.com/5c0ff0aa-8966-4593-bc69-5741b72b7202:1
[  404729ms] [WARNING] It is recommended that a robustness level be specified. Not specifying the robustness level could result in unexpected behavior. @ blob:https://www.primevideo.com/5c0ff0aa-8966-4593-bc69-5741b72b7202:1
[  404729ms] [WARNING] It is recommended that a robustness level be specified. Not specifying the robustness level could result in unexpected behavior. @ blob:https://www.primevideo.com/5c0ff0aa-8966-4593-bc69-5741b72b7202:1
[  405746ms] [WARNING] It is recommended that a robustness level be specified. Not specifying the robustness level could result in unexpected behavior. @ blob:https://www.primevideo.com/157f3979-299a-4e3d-bd64-2e20a6e16460:1
[  405747ms] [WARNING] It is recommended that a robustness level be specified. Not specifying the robustness level could result in unexpected behavior. @ blob:https://www.primevideo.com/157f3979-299a-4e3d-bd64-2e20a6e16460:1
[  405747ms] [WARNING] It is recommended that a robustness level be specified. Not specifying the robustness level could result in unexpected behavior. @ blob:https://www.primevideo.com/157f3979-299a-4e3d-bd64-2e20a6e16460:1
[  408155ms] [WARNING] It is recommended that a robustness level be specified. Not specifying the robustness level could result in unexpected behavior. @ blob:https://www.primevideo.com/38ff4606-6a11-4421-9cc1-5446b393b526:1
[  408155ms] [WARNING] It is recommended that a robustness level be specified. Not specifying the robustness level could result in unexpected behavior. @ blob:https://www.primevideo.com/38ff4606-6a11-4421-9cc1-5446b393b526:1
[  408155ms] [WARNING] It is recommended that a robustness level be specified. Not specifying the robustness level could result in unexpected behavior. @ blob:https://www.primevideo.com/38ff4606-6a11-4421-9cc1-5446b393b526:1
[  409735ms] [WARNING] It is recommended that a robustness level be specified. Not specifying the robustness level could result in unexpected behavior. @ blob:https://www.primevideo.com/5c0ff0aa-8966-4593-bc69-5741b72b7202:1
[  409735ms] [WARNING] It is recommended that a robustness level be specified. Not specifying the robustness level could result in unexpected behavior. @ blob:https://www.primevideo.com/5c0ff0aa-8966-4593-bc69-5741b72b7202:1
[  409735ms] [WARNING] It is recommended that a robustness level be specified. Not specifying the robustness level could result in unexpected behavior. @ blob:https://www.primevideo.com/5c0ff0aa-8966-4593-bc69-5741b72b7202:1
[  410752ms] [WARNING] It is recommended that a robustness level be specified. Not specifying the robustness level could result in unexpected behavior. @ blob:https://www.primevideo.com/157f3979-299a-4e3d-bd64-2e20a6e16460:1
[  410753ms] [WARNING] It is recommended that a robustness level be specified. Not specifying the robustness level could result in unexpected behavior. @ blob:https://www.primevideo.com/157f3979-299a-4e3d-bd64-2e20a6e16460:1
[  410753ms] [WARNING] It is recommended that a robustness level be specified. Not specifying the robustness level could result in unexpected behavior. @ blob:https://www.primevideo.com/157f3979-299a-4e3d-bd64-2e20a6e16460:1
[  413158ms] [WARNING] It is recommended that a robustness level be specified. Not specifying the robustness level could result in unexpected behavior. @ blob:https://www.primevideo.com/38ff4606-6a11-4421-9cc1-5446b393b526:1
[  413158ms] [WARNING] It is recommended that a robustness level be specified. Not specifying the robustness level could result in unexpected behavior. @ blob:https://www.primevideo.com/38ff4606-6a11-4421-9cc1-5446b393b526:1
[  413158ms] [WARNING] It is recommended that a robustness level be specified. Not specifying the robustness level could result in unexpected behavior. @ blob:https://www.primevideo.com/38ff4606-6a11-4421-9cc1-5446b393b526:1
[  414745ms] [WARNING] It is recommended that a robustness level be specified. Not specifying the robustness level could result in unexpected behavior. @ blob:https://www.primevideo.com/5c0ff0aa-8966-4593-bc69-5741b72b7202:1
[  414746ms] [WARNING] It is recommended that a robustness level be specified. Not specifying the robustness level could result in unexpected behavior. @ blob:https://www.primevideo.com/5c0ff0aa-8966-4593-bc69-5741b72b7202:1
[  414746ms] [WARNING] It is recommended that a robustness level be specified. Not specifying the robustness level could result in unexpected behavior. @ blob:https://www.primevideo.com/5c0ff0aa-8966-4593-bc69-5741b72b7202:1
[  415758ms] [WARNING] It is recommended that a robustness level be specified. Not specifying the robustness level could result in unexpected behavior. @ blob:https://www.primevideo.com/157f3979-299a-4e3d-bd64-2e20a6e16460:1
[  415759ms] [WARNING] It is recommended that a robustness level be specified. Not specifying the robustness level could result in unexpected behavior. @ blob:https://www.primevideo.com/157f3979-299a-4e3d-bd64-2e20a6e16460:1
[  415759ms] [WARNING] It is recommended that a robustness level be specified. Not specifying the robustness level could result in unexpected behavior. @ blob:https://www.primevideo.com/157f3979-299a-4e3d-bd64-2e20a6e16460:1
[  418162ms] [WARNING] It is recommended that a robustness level be specified. Not specifying the robustness level could result in unexpected behavior. @ blob:https://www.primevideo.com/38ff4606-6a11-4421-9cc1-5446b393b526:1
[  418162ms] [WARNING] It is recommended that a robustness level be specified. Not specifying the robustness level could result in unexpected behavior. @ blob:https://www.primevideo.com/38ff4606-6a11-4421-9cc1-5446b393b526:1
[  418162ms] [WARNING] It is recommended that a robustness level be specified. Not specifying the robustness level could result in unexpected behavior. @ blob:https://www.primevideo.com/38ff4606-6a11-4421-9cc1-5446b393b526:1
[  419752ms] [WARNING] It is recommended that a robustness level be specified. Not specifying the robustness level could result in unexpected behavior. @ blob:https://www.primevideo.com/5c0ff0aa-8966-4593-bc69-5741b72b7202:1
[  419752ms] [WARNING] It is recommended that a robustness level be specified. Not specifying the robustness level could result in unexpected behavior. @ blob:https://www.primevideo.com/5c0ff0aa-8966-4593-bc69-5741b72b7202:1
[  419752ms] [WARNING] It is recommended that a robustness level be specified. Not specifying the robustness level could result in unexpected behavior. @ blob:https://www.primevideo.com/5c0ff0aa-8966-4593-bc69-5741b72b7202:1
[  420765ms] [WARNING] It is recommended that a robustness level be specified. Not specifying the robustness level could result in unexpected behavior. @ blob:https://www.primevideo.com/157f3979-299a-4e3d-bd64-2e20a6e16460:1
[  420765ms] [WARNING] It is recommended that a robustness level be specified. Not specifying the robustness level could result in unexpected behavior. @ blob:https://www.primevideo.com/157f3979-299a-4e3d-bd64-2e20a6e16460:1
[  420766ms] [WARNING] It is recommended that a robustness level be specified. Not specifying the robustness level could result in unexpected behavior. @ blob:https://www.primevideo.com/157f3979-299a-4e3d-bd64-2e20a6e16460:1
[  423166ms] [WARNING] It is recommended that a robustness level be specified. Not specifying the robustness level could result in unexpected behavior. @ blob:https://www.primevideo.com/38ff4606-6a11-4421-9cc1-5446b393b526:1
[  423166ms] [WARNING] It is recommended that a robustness level be specified. Not specifying the robustness level could result in unexpected behavior. @ blob:https://www.primevideo.com/38ff4606-6a11-4421-9cc1-5446b393b526:1
[  423167ms] [WARNING] It is recommended that a robustness level be specified. Not specifying the robustness level could result in unexpected behavior. @ blob:https://www.primevideo.com/38ff4606-6a11-4421-9cc1-5446b393b526:1
[  424769ms] [WARNING] It is recommended that a robustness level be specified. Not specifying the robustness level could result in unexpected behavior. @ blob:https://www.primevideo.com/5c0ff0aa-8966-4593-bc69-5741b72b7202:1
[  424769ms] [WARNING] It is recommended that a robustness level be specified. Not specifying the robustness level could result in unexpected behavior. @ blob:https://www.primevideo.com/5c0ff0aa-8966-4593-bc69-5741b72b7202:1
[  424769ms] [WARNING] It is recommended that a robustness level be specified. Not specifying the robustness level could result in unexpected behavior. @ blob:https://www.primevideo.com/5c0ff0aa-8966-4593-bc69-5741b72b7202:1
[  425767ms] [WARNING] It is recommended that a robustness level be specified. Not specifying the robustness level could result in unexpected behavior. @ blob:https://www.primevideo.com/157f3979-299a-4e3d-bd64-2e20a6e16460:1
[  425767ms] [WARNING] It is recommended that a robustness level be specified. Not specifying the robustness level could result in unexpected behavior. @ blob:https://www.primevideo.com/157f3979-299a-4e3d-bd64-2e20a6e16460:1
[  425767ms] [WARNING] It is recommended that a robustness level be specified. Not specifying the robustness level could result in unexpected behavior. @ blob:https://www.primevideo.com/157f3979-299a-4e3d-bd64-2e20a6e16460:1
[  428171ms] [WARNING] It is recommended that a robustness level be specified. Not specifying the robustness level could result in unexpected behavior. @ blob:https://www.primevideo.com/38ff4606-6a11-4421-9cc1-5446b393b526:1
[  428172ms] [WARNING] It is recommended that a robustness level be specified. Not specifying the robustness level could result in unexpected behavior. @ blob:https://www.primevideo.com/38ff4606-6a11-4421-9cc1-5446b393b526:1
[  428172ms] [WARNING] It is recommended that a robustness level be specified. Not specifying the robustness level could result in unexpected behavior. @ blob:https://www.primevideo.com/38ff4606-6a11-4421-9cc1-5446b393b526:1
[  429770ms] [WARNING] It is recommended that a robustness level be specified. Not specifying the robustness level could result in unexpected behavior. @ blob:https://www.primevideo.com/5c0ff0aa-8966-4593-bc69-5741b72b7202:1
[  429771ms] [WARNING] It is recommended that a robustness level be specified. Not specifying the robustness level could result in unexpected behavior. @ blob:https://www.primevideo.com/5c0ff0aa-8966-4593-bc69-5741b72b7202:1
[  429771ms] [WARNING] It is recommended that a robustness level be specified. Not specifying the robustness level could result in unexpected behavior. @ blob:https://www.primevideo.com/5c0ff0aa-8966-4593-bc69-5741b72b7202:1
[  430777ms] [WARNING] It is recommended that a robustness level be specified. Not specifying the robustness level could result in unexpected behavior. @ blob:https://www.primevideo.com/157f3979-299a-4e3d-bd64-2e20a6e16460:1
[  430778ms] [WARNING] It is recommended that a robustness level be specified. Not specifying the robustness level could result in unexpected behavior. @ blob:https://www.primevideo.com/157f3979-299a-4e3d-bd64-2e20a6e16460:1
[  430778ms] [WARNING] It is recommended that a robustness level be specified. Not specifying the robustness level could result in unexpected behavior. @ blob:https://www.primevideo.com/157f3979-299a-4e3d-bd64-2e20a6e16460:1
[  433182ms] [WARNING] It is recommended that a robustness level be specified. Not specifying the robustness level could result in unexpected behavior. @ blob:https://www.primevideo.com/38ff4606-6a11-4421-9cc1-5446b393b526:1
[  433183ms] [WARNING] It is recommended that a robustness level be specified. Not specifying the robustness level could result in unexpected behavior. @ blob:https://www.primevideo.com/38ff4606-6a11-4421-9cc1-5446b393b526:1
[  433183ms] [WARNING] It is recommended that a robustness level be specified. Not specifying the robustness level could result in unexpected behavior. @ blob:https://www.primevideo.com/38ff4606-6a11-4421-9cc1-5446b393b526:1
[  434778ms] [WARNING] It is recommended that a robustness level be specified. Not specifying the robustness level could result in unexpected behavior. @ blob:https://www.primevideo.com/5c0ff0aa-8966-4593-bc69-5741b72b7202:1
[  434780ms] [WARNING] It is recommended that a robustness level be specified. Not specifying the robustness level could result in unexpected behavior. @ blob:https://www.primevideo.com/5c0ff0aa-8966-4593-bc69-5741b72b7202:1
[  434780ms] [WARNING] It is recommended that a robustness level be specified. Not specifying the robustness level could result in unexpected behavior. @ blob:https://www.primevideo.com/5c0ff0aa-8966-4593-bc69-5741b72b7202:1
[  435788ms] [WARNING] It is recommended that a robustness level be specified. Not specifying the robustness level could result in unexpected behavior. @ blob:https://www.primevideo.com/157f3979-299a-4e3d-bd64-2e20a6e16460:1
[  435789ms] [WARNING] It is recommended that a robustness level be specified. Not specifying the robustness level could result in unexpected behavior. @ blob:https://www.primevideo.com/157f3979-299a-4e3d-bd64-2e20a6e16460:1
[  435789ms] [WARNING] It is recommended that a robustness level be specified. Not specifying the robustness level could result in unexpected behavior. @ blob:https://www.primevideo.com/157f3979-299a-4e3d-bd64-2e20a6e16460:1
[  438193ms] [WARNING] It is recommended that a robustness level be specified. Not specifying the robustness level could result in unexpected behavior. @ blob:https://www.primevideo.com/38ff4606-6a11-4421-9cc1-5446b393b526:1
[  438194ms] [WARNING] It is recommended that a robustness level be specified. Not specifying the robustness level could result in unexpected behavior. @ blob:https://www.primevideo.com/38ff4606-6a11-4421-9cc1-5446b393b526:1
[  438194ms] [WARNING] It is recommended that a robustness level be specified. Not specifying the robustness level could result in unexpected behavior. @ blob:https://www.primevideo.com/38ff4606-6a11-4421-9cc1-5446b393b526:1
[  439785ms] [WARNING] It is recommended that a robustness level be specified. Not specifying the robustness level could result in unexpected behavior. @ blob:https://www.primevideo.com/5c0ff0aa-8966-4593-bc69-5741b72b7202:1
[  439785ms] [WARNING] It is recommended that a robustness level be specified. Not specifying the robustness level could result in unexpected behavior. @ blob:https://www.primevideo.com/5c0ff0aa-8966-4593-bc69-5741b72b7202:1
[  439785ms] [WARNING] It is recommended that a robustness level be specified. Not specifying the robustness level could result in unexpected behavior. @ blob:https://www.primevideo.com/5c0ff0aa-8966-4593-bc69-5741b72b7202:1
[  440801ms] [WARNING] It is recommended that a robustness level be specified. Not specifying the robustness level could result in unexpected behavior. @ blob:https://www.primevideo.com/157f3979-299a-4e3d-bd64-2e20a6e16460:1
[  440802ms] [WARNING] It is recommended that a robustness level be specified. Not specifying the robustness level could result in unexpected behavior. @ blob:https://www.primevideo.com/157f3979-299a-4e3d-bd64-2e20a6e16460:1
[  440802ms] [WARNING] It is recommended that a robustness level be specified. Not specifying the robustness level could result in unexpected behavior. @ blob:https://www.primevideo.com/157f3979-299a-4e3d-bd64-2e20a6e16460:1
[  443204ms] [WARNING] It is recommended that a robustness level be specified. Not specifying the robustness level could result in unexpected behavior. @ blob:https://www.primevideo.com/38ff4606-6a11-4421-9cc1-5446b393b526:1
[  443205ms] [WARNING] It is recommended that a robustness level be specified. Not specifying the robustness level could result in unexpected behavior. @ blob:https://www.primevideo.com/38ff4606-6a11-4421-9cc1-5446b393b526:1
[  443205ms] [WARNING] It is recommended that a robustness level be specified. Not specifying the robustness level could result in unexpected behavior. @ blob:https://www.primevideo.com/38ff4606-6a11-4421-9cc1-5446b393b526:1
[  444788ms] [WARNING] It is recommended that a robustness level be specified. Not specifying the robustness level could result in unexpected behavior. @ blob:https://www.primevideo.com/5c0ff0aa-8966-4593-bc69-5741b72b7202:1
[  444789ms] [WARNING] It is recommended that a robustness level be specified. Not specifying the robustness level could result in unexpected behavior. @ blob:https://www.primevideo.com/5c0ff0aa-8966-4593-bc69-5741b72b7202:1
[  444789ms] [WARNING] It is recommended that a robustness level be specified. Not specifying the robustness level could result in unexpected behavior. @ blob:https://www.primevideo.com/5c0ff0aa-8966-4593-bc69-5741b72b7202:1
[  445806ms] [WARNING] It is recommended that a robustness level be specified. Not specifying the robustness level could result in unexpected behavior. @ blob:https://www.primevideo.com/157f3979-299a-4e3d-bd64-2e20a6e16460:1
[  445806ms] [WARNING] It is recommended that a robustness level be specified. Not specifying the robustness level could result in unexpected behavior. @ blob:https://www.primevideo.com/157f3979-299a-4e3d-bd64-2e20a6e16460:1
[  445807ms] [WARNING] It is recommended that a robustness level be specified. Not specifying the robustness level could result in unexpected behavior. @ blob:https://www.primevideo.com/157f3979-299a-4e3d-bd64-2e20a6e16460:1
[  448219ms] [WARNING] It is recommended that a robustness level be specified. Not specifying the robustness level could result in unexpected behavior. @ blob:https://www.primevideo.com/38ff4606-6a11-4421-9cc1-5446b393b526:1
[  448219ms] [WARNING] It is recommended that a robustness level be specified. Not specifying the robustness level could result in unexpected behavior. @ blob:https://www.primevideo.com/38ff4606-6a11-4421-9cc1-5446b393b526:1
[  448219ms] [WARNING] It is recommended that a robustness level be specified. Not specifying the robustness level could result in unexpected behavior. @ blob:https://www.primevideo.com/38ff4606-6a11-4421-9cc1-5446b393b526:1
[  449797ms] [WARNING] It is recommended that a robustness level be specified. Not specifying the robustness level could result in unexpected behavior. @ blob:https://www.primevideo.com/5c0ff0aa-8966-4593-bc69-5741b72b7202:1
[  449797ms] [WARNING] It is recommended that a robustness level be specified. Not specifying the robustness level could result in unexpected behavior. @ blob:https://www.primevideo.com/5c0ff0aa-8966-4593-bc69-5741b72b7202:1
[  449797ms] [WARNING] It is recommended that a robustness level be specified. Not specifying the robustness level could result in unexpected behavior. @ blob:https://www.primevideo.com/5c0ff0aa-8966-4593-bc69-5741b72b7202:1
[  450821ms] [WARNING] It is recommended that a robustness level be specified. Not specifying the robustness level could result in unexpected behavior. @ blob:https://www.primevideo.com/157f3979-299a-4e3d-bd64-2e20a6e16460:1
[  450821ms] [WARNING] It is recommended that a robustness level be specified. Not specifying the robustness level could result in unexpected behavior. @ blob:https://www.primevideo.com/157f3979-299a-4e3d-bd64-2e20a6e16460:1
[  450821ms] [WARNING] It is recommended that a robustness level be specified. Not specifying the robustness level could result in unexpected behavior. @ blob:https://www.primevideo.com/157f3979-299a-4e3d-bd64-2e20a6e16460:1
[  453228ms] [WARNING] It is recommended that a robustness level be specified. Not specifying the robustness level could result in unexpected behavior. @ blob:https://www.primevideo.com/38ff4606-6a11-4421-9cc1-5446b393b526:1
[  453229ms] [WARNING] It is recommended that a robustness level be specified. Not specifying the robustness level could result in unexpected behavior. @ blob:https://www.primevideo.com/38ff4606-6a11-4421-9cc1-5446b393b526:1
[  453229ms] [WARNING] It is recommended that a robustness level be specified. Not specifying the robustness level could result in unexpected behavior. @ blob:https://www.primevideo.com/38ff4606-6a11-4421-9cc1-5446b393b526:1
[  454805ms] [WARNING] It is recommended that a robustness level be specified. Not specifying the robustness level could result in unexpected behavior. @ blob:https://www.primevideo.com/5c0ff0aa-8966-4593-bc69-5741b72b7202:1
[  454805ms] [WARNING] It is recommended that a robustness level be specified. Not specifying the robustness level could result in unexpected behavior. @ blob:https://www.primevideo.com/5c0ff0aa-8966-4593-bc69-5741b72b7202:1
[  454805ms] [WARNING] It is recommended that a robustness level be specified. Not specifying the robustness level could result in unexpected behavior. @ blob:https://www.primevideo.com/5c0ff0aa-8966-4593-bc69-5741b72b7202:1
[  455829ms] [WARNING] It is recommended that a robustness level be specified. Not specifying the robustness level could result in unexpected behavior. @ blob:https://www.primevideo.com/157f3979-299a-4e3d-bd64-2e20a6e16460:1
[  455829ms] [WARNING] It is recommended that a robustness level be specified. Not specifying the robustness level could result in unexpected behavior. @ blob:https://www.primevideo.com/157f3979-299a-4e3d-bd64-2e20a6e16460:1
[  455830ms] [WARNING] It is recommended that a robustness level be specified. Not specifying the robustness level could result in unexpected behavior. @ blob:https://www.primevideo.com/157f3979-299a-4e3d-bd64-2e20a6e16460:1
[  458230ms] [WARNING] It is recommended that a robustness level be specified. Not specifying the robustness level could result in unexpected behavior. @ blob:https://www.primevideo.com/38ff4606-6a11-4421-9cc1-5446b393b526:1
[  458231ms] [WARNING] It is recommended that a robustness level be specified. Not specifying the robustness level could result in unexpected behavior. @ blob:https://www.primevideo.com/38ff4606-6a11-4421-9cc1-5446b393b526:1
[  458231ms] [WARNING] It is recommended that a robustness level be specified. Not specifying the robustness level could result in unexpected behavior. @ blob:https://www.primevideo.com/38ff4606-6a11-4421-9cc1-5446b393b526:1
[  459807ms] [WARNING] It is recommended that a robustness level be specified. Not specifying the robustness level could result in unexpected behavior. @ blob:https://www.primevideo.com/5c0ff0aa-8966-4593-bc69-5741b72b7202:1
[  459808ms] [WARNING] It is recommended that a robustness level be specified. Not specifying the robustness level could result in unexpected behavior. @ blob:https://www.primevideo.com/5c0ff0aa-8966-4593-bc69-5741b72b7202:1
[  459808ms] [WARNING] It is recommended that a robustness level be specified. Not specifying the robustness level could result in unexpected behavior. @ blob:https://www.primevideo.com/5c0ff0aa-8966-4593-bc69-5741b72b7202:1
[  460844ms] [WARNING] It is recommended that a robustness level be specified. Not specifying the robustness level could result in unexpected behavior. @ blob:https://www.primevideo.com/157f3979-299a-4e3d-bd64-2e20a6e16460:1
[  460844ms] [WARNING] It is recommended that a robustness level be specified. Not specifying the robustness level could result in unexpected behavior. @ blob:https://www.primevideo.com/157f3979-299a-4e3d-bd64-2e20a6e16460:1
[  460845ms] [WARNING] It is recommended that a robustness level be specified. Not specifying the robustness level could result in unexpected behavior. @ blob:https://www.primevideo.com/157f3979-299a-4e3d-bd64-2e20a6e16460:1
[  463237ms] [WARNING] It is recommended that a robustness level be specified. Not specifying the robustness level could result in unexpected behavior. @ blob:https://www.primevideo.com/38ff4606-6a11-4421-9cc1-5446b393b526:1
[  463243ms] [WARNING] It is recommended that a robustness level be specified. Not specifying the robustness level could result in unexpected behavior. @ blob:https://www.primevideo.com/38ff4606-6a11-4421-9cc1-5446b393b526:1
[  463243ms] [WARNING] It is recommended that a robustness level be specified. Not specifying the robustness level could result in unexpected behavior. @ blob:https://www.primevideo.com/38ff4606-6a11-4421-9cc1-5446b393b526:1
[  464812ms] [WARNING] It is recommended that a robustness level be specified. Not specifying the robustness level could result in unexpected behavior. @ blob:https://www.primevideo.com/5c0ff0aa-8966-4593-bc69-5741b72b7202:1
[  464813ms] [WARNING] It is recommended that a robustness level be specified. Not specifying the robustness level could result in unexpected behavior. @ blob:https://www.primevideo.com/5c0ff0aa-8966-4593-bc69-5741b72b7202:1
[  464813ms] [WARNING] It is recommended that a robustness level be specified. Not specifying the robustness level could result in unexpected behavior. @ blob:https://www.primevideo.com/5c0ff0aa-8966-4593-bc69-5741b72b7202:1
[  465856ms] [WARNING] It is recommended that a robustness level be specified. Not specifying the robustness level could result in unexpected behavior. @ blob:https://www.primevideo.com/157f3979-299a-4e3d-bd64-2e20a6e16460:1
[  465856ms] [WARNING] It is recommended that a robustness level be specified. Not specifying the robustness level could result in unexpected behavior. @ blob:https://www.primevideo.com/157f3979-299a-4e3d-bd64-2e20a6e16460:1
[  465856ms] [WARNING] It is recommended that a robustness level be specified. Not specifying the robustness level could result in unexpected behavior. @ blob:https://www.primevideo.com/157f3979-299a-4e3d-bd64-2e20a6e16460:1
[  468249ms] [WARNING] It is recommended that a robustness level be specified. Not specifying the robustness level could result in unexpected behavior. @ blob:https://www.primevideo.com/38ff4606-6a11-4421-9cc1-5446b393b526:1
[  468249ms] [WARNING] It is recommended that a robustness level be specified. Not specifying the robustness level could result in unexpected behavior. @ blob:https://www.primevideo.com/38ff4606-6a11-4421-9cc1-5446b393b526:1
[  468249ms] [WARNING] It is recommended that a robustness level be specified. Not specifying the robustness level could result in unexpected behavior. @ blob:https://www.primevideo.com/38ff4606-6a11-4421-9cc1-5446b393b526:1
[  469829ms] [WARNING] It is recommended that a robustness level be specified. Not specifying the robustness level could result in unexpected behavior. @ blob:https://www.primevideo.com/5c0ff0aa-8966-4593-bc69-5741b72b7202:1
[  469829ms] [WARNING] It is recommended that a robustness level be specified. Not specifying the robustness level could result in unexpected behavior. @ blob:https://www.primevideo.com/5c0ff0aa-8966-4593-bc69-5741b72b7202:1
[  469830ms] [WARNING] It is recommended that a robustness level be specified. Not specifying the robustness level could result in unexpected behavior. @ blob:https://www.primevideo.com/5c0ff0aa-8966-4593-bc69-5741b72b7202:1
[  470861ms] [WARNING] It is recommended that a robustness level be specified. Not specifying the robustness level could result in unexpected behavior. @ blob:https://www.primevideo.com/157f3979-299a-4e3d-bd64-2e20a6e16460:1
[  470862ms] [WARNING] It is recommended that a robustness level be specified. Not specifying the robustness level could result in unexpected behavior. @ blob:https://www.primevideo.com/157f3979-299a-4e3d-bd64-2e20a6e16460:1
[  470862ms] [WARNING] It is recommended that a robustness level be specified. Not specifying the robustness level could result in unexpected behavior. @ blob:https://www.primevideo.com/157f3979-299a-4e3d-bd64-2e20a6e16460:1
[  473252ms] [WARNING] It is recommended that a robustness level be specified. Not specifying the robustness level could result in unexpected behavior. @ blob:https://www.primevideo.com/38ff4606-6a11-4421-9cc1-5446b393b526:1
[  473252ms] [WARNING] It is recommended that a robustness level be specified. Not specifying the robustness level could result in unexpected behavior. @ blob:https://www.primevideo.com/38ff4606-6a11-4421-9cc1-5446b393b526:1
[  473253ms] [WARNING] It is recommended that a robustness level be specified. Not specifying the robustness level could result in unexpected behavior. @ blob:https://www.primevideo.com/38ff4606-6a11-4421-9cc1-5446b393b526:1
[  474839ms] [WARNING] It is recommended that a robustness level be specified. Not specifying the robustness level could result in unexpected behavior. @ blob:https://www.primevideo.com/5c0ff0aa-8966-4593-bc69-5741b72b7202:1
[  474839ms] [WARNING] It is recommended that a robustness level be specified. Not specifying the robustness level could result in unexpected behavior. @ blob:https://www.primevideo.com/5c0ff0aa-8966-4593-bc69-5741b72b7202:1
[  474839ms] [WARNING] It is recommended that a robustness level be specified. Not specifying the robustness level could result in unexpected behavior. @ blob:https://www.primevideo.com/5c0ff0aa-8966-4593-bc69-5741b72b7202:1
[  475866ms] [WARNING] It is recommended that a robustness level be specified. Not specifying the robustness level could result in unexpected behavior. @ blob:https://www.primevideo.com/157f3979-299a-4e3d-bd64-2e20a6e16460:1
[  475866ms] [WARNING] It is recommended that a robustness level be specified. Not specifying the robustness level could result in unexpected behavior. @ blob:https://www.primevideo.com/157f3979-299a-4e3d-bd64-2e20a6e16460:1
[  475866ms] [WARNING] It is recommended that a robustness level be specified. Not specifying the robustness level could result in unexpected behavior. @ blob:https://www.primevideo.com/157f3979-299a-4e3d-bd64-2e20a6e16460:1
[  478260ms] [WARNING] It is recommended that a robustness level be specified. Not specifying the robustness level could result in unexpected behavior. @ blob:https://www.primevideo.com/38ff4606-6a11-4421-9cc1-5446b393b526:1
[  478261ms] [WARNING] It is recommended that a robustness level be specified. Not specifying the robustness level could result in unexpected behavior. @ blob:https://www.primevideo.com/38ff4606-6a11-4421-9cc1-5446b393b526:1
[  478261ms] [WARNING] It is recommended that a robustness level be specified. Not specifying the robustness level could result in unexpected behavior. @ blob:https://www.primevideo.com/38ff4606-6a11-4421-9cc1-5446b393b526:1
[  479846ms] [WARNING] It is recommended that a robustness level be specified. Not specifying the robustness level could result in unexpected behavior. @ blob:https://www.primevideo.com/5c0ff0aa-8966-4593-bc69-5741b72b7202:1
[  479846ms] [WARNING] It is recommended that a robustness level be specified. Not specifying the robustness level could result in unexpected behavior. @ blob:https://www.primevideo.com/5c0ff0aa-8966-4593-bc69-5741b72b7202:1
[  479846ms] [WARNING] It is recommended that a robustness level be specified. Not specifying the robustness level could result in unexpected behavior. @ blob:https://www.primevideo.com/5c0ff0aa-8966-4593-bc69-5741b72b7202:1
[  480869ms] [WARNING] It is recommended that a robustness level be specified. Not specifying the robustness level could result in unexpected behavior. @ blob:https://www.primevideo.com/157f3979-299a-4e3d-bd64-2e20a6e16460:1
[  480869ms] [WARNING] It is recommended that a robustness level be specified. Not specifying the robustness level could result in unexpected behavior. @ blob:https://www.primevideo.com/157f3979-299a-4e3d-bd64-2e20a6e16460:1
[  480869ms] [WARNING] It is recommended that a robustness level be specified. Not specifying the robustness level could result in unexpected behavior. @ blob:https://www.primevideo.com/157f3979-299a-4e3d-bd64-2e20a6e16460:1
[  483276ms] [WARNING] It is recommended that a robustness level be specified. Not specifying the robustness level could result in unexpected behavior. @ blob:https://www.primevideo.com/38ff4606-6a11-4421-9cc1-5446b393b526:1
[  483276ms] [WARNING] It is recommended that a robustness level be specified. Not specifying the robustness level could result in unexpected behavior. @ blob:https://www.primevideo.com/38ff4606-6a11-4421-9cc1-5446b393b526:1
[  483276ms] [WARNING] It is recommended that a robustness level be specified. Not specifying the robustness level could result in unexpected behavior. @ blob:https://www.primevideo.com/38ff4606-6a11-4421-9cc1-5446b393b526:1
[  484856ms] [WARNING] It is recommended that a robustness level be specified. Not specifying the robustness level could result in unexpected behavior. @ blob:https://www.primevideo.com/5c0ff0aa-8966-4593-bc69-5741b72b7202:1
[  484857ms] [WARNING] It is recommended that a robustness level be specified. Not specifying the robustness level could result in unexpected behavior. @ blob:https://www.primevideo.com/5c0ff0aa-8966-4593-bc69-5741b72b7202:1
[  484857ms] [WARNING] It is recommended that a robustness level be specified. Not specifying the robustness level could result in unexpected behavior. @ blob:https://www.primevideo.com/5c0ff0aa-8966-4593-bc69-5741b72b7202:1
[  485876ms] [WARNING] It is recommended that a robustness level be specified. Not specifying the robustness level could result in unexpected behavior. @ blob:https://www.primevideo.com/157f3979-299a-4e3d-bd64-2e20a6e16460:1
[  485876ms] [WARNING] It is recommended that a robustness level be specified. Not specifying the robustness level could result in unexpected behavior. @ blob:https://www.primevideo.com/157f3979-299a-4e3d-bd64-2e20a6e16460:1
[  485876ms] [WARNING] It is recommended that a robustness level be specified. Not specifying the robustness level could result in unexpected behavior. @ blob:https://www.primevideo.com/157f3979-299a-4e3d-bd64-2e20a6e16460:1
[  488293ms] [WARNING] It is recommended that a robustness level be specified. Not specifying the robustness level could result in unexpected behavior. @ blob:https://www.primevideo.com/38ff4606-6a11-4421-9cc1-5446b393b526:1
[  488293ms] [WARNING] It is recommended that a robustness level be specified. Not specifying the robustness level could result in unexpected behavior. @ blob:https://www.primevideo.com/38ff4606-6a11-4421-9cc1-5446b393b526:1
[  488294ms] [WARNING] It is recommended that a robustness level be specified. Not specifying the robustness level could result in unexpected behavior. @ blob:https://www.primevideo.com/38ff4606-6a11-4421-9cc1-5446b393b526:1
[  489861ms] [WARNING] It is recommended that a robustness level be specified. Not specifying the robustness level could result in unexpected behavior. @ blob:https://www.primevideo.com/5c0ff0aa-8966-4593-bc69-5741b72b7202:1
[  489861ms] [WARNING] It is recommended that a robustness level be specified. Not specifying the robustness level could result in unexpected behavior. @ blob:https://www.primevideo.com/5c0ff0aa-8966-4593-bc69-5741b72b7202:1
[  489861ms] [WARNING] It is recommended that a robustness level be specified. Not specifying the robustness level could result in unexpected behavior. @ blob:https://www.primevideo.com/5c0ff0aa-8966-4593-bc69-5741b72b7202:1
[  490884ms] [WARNING] It is recommended that a robustness level be specified. Not specifying the robustness level could result in unexpected behavior. @ blob:https://www.primevideo.com/157f3979-299a-4e3d-bd64-2e20a6e16460:1
[  490884ms] [WARNING] It is recommended that a robustness level be specified. Not specifying the robustness level could result in unexpected behavior. @ blob:https://www.primevideo.com/157f3979-299a-4e3d-bd64-2e20a6e16460:1
[  490884ms] [WARNING] It is recommended that a robustness level be specified. Not specifying the robustness level could result in unexpected behavior. @ blob:https://www.primevideo.com/157f3979-299a-4e3d-bd64-2e20a6e16460:1
[  493298ms] [WARNING] It is recommended that a robustness level be specified. Not specifying the robustness level could result in unexpected behavior. @ blob:https://www.primevideo.com/38ff4606-6a11-4421-9cc1-5446b393b526:1
[  493298ms] [WARNING] It is recommended that a robustness level be specified. Not specifying the robustness level could result in unexpected behavior. @ blob:https://www.primevideo.com/38ff4606-6a11-4421-9cc1-5446b393b526:1
[  493299ms] [WARNING] It is recommended that a robustness level be specified. Not specifying the robustness level could result in unexpected behavior. @ blob:https://www.primevideo.com/38ff4606-6a11-4421-9cc1-5446b393b526:1
[  494866ms] [WARNING] It is recommended that a robustness level be specified. Not specifying the robustness level could result in unexpected behavior. @ blob:https://www.primevideo.com/5c0ff0aa-8966-4593-bc69-5741b72b7202:1
[  494866ms] [WARNING] It is recommended that a robustness level be specified. Not specifying the robustness level could result in unexpected behavior. @ blob:https://www.primevideo.com/5c0ff0aa-8966-4593-bc69-5741b72b7202:1
[  494866ms] [WARNING] It is recommended that a robustness level be specified. Not specifying the robustness level could result in unexpected behavior. @ blob:https://www.primevideo.com/5c0ff0aa-8966-4593-bc69-5741b72b7202:1
[  495890ms] [WARNING] It is recommended that a robustness level be specified. Not specifying the robustness level could result in unexpected behavior. @ blob:https://www.primevideo.com/157f3979-299a-4e3d-bd64-2e20a6e16460:1
[  495891ms] [WARNING] It is recommended that a robustness level be specified. Not specifying the robustness level could result in unexpected behavior. @ blob:https://www.primevideo.com/157f3979-299a-4e3d-bd64-2e20a6e16460:1
[  495891ms] [WARNING] It is recommended that a robustness level be specified. Not specifying the robustness level could result in unexpected behavior. @ blob:https://www.primevideo.com/157f3979-299a-4e3d-bd64-2e20a6e16460:1
[  498303ms] [WARNING] It is recommended that a robustness level be specified. Not specifying the robustness level could result in unexpected behavior. @ blob:https://www.primevideo.com/38ff4606-6a11-4421-9cc1-5446b393b526:1
[  498304ms] [WARNING] It is recommended that a robustness level be specified. Not specifying the robustness level could result in unexpected behavior. @ blob:https://www.primevideo.com/38ff4606-6a11-4421-9cc1-5446b393b526:1
[  498304ms] [WARNING] It is recommended that a robustness level be specified. Not specifying the robustness level could result in unexpected behavior. @ blob:https://www.primevideo.com/38ff4606-6a11-4421-9cc1-5446b393b526:1
[  499881ms] [WARNING] It is recommended that a robustness level be specified. Not specifying the robustness level could result in unexpected behavior. @ blob:https://www.primevideo.com/5c0ff0aa-8966-4593-bc69-5741b72b7202:1
[  499881ms] [WARNING] It is recommended that a robustness level be specified. Not specifying the robustness level could result in unexpected behavior. @ blob:https://www.primevideo.com/5c0ff0aa-8966-4593-bc69-5741b72b7202:1
[  499881ms] [WARNING] It is recommended that a robustness level be specified. Not specifying the robustness level could result in unexpected behavior. @ blob:https://www.primevideo.com/5c0ff0aa-8966-4593-bc69-5741b72b7202:1
[  500906ms] [WARNING] It is recommended that a robustness level be specified. Not specifying the robustness level could result in unexpected behavior. @ blob:https://www.primevideo.com/157f3979-299a-4e3d-bd64-2e20a6e16460:1
[  500906ms] [WARNING] It is recommended that a robustness level be specified. Not specifying the robustness level could result in unexpected behavior. @ blob:https://www.primevideo.com/157f3979-299a-4e3d-bd64-2e20a6e16460:1
[  500907ms] [WARNING] It is recommended that a robustness level be specified. Not specifying the robustness level could result in unexpected behavior. @ blob:https://www.primevideo.com/157f3979-299a-4e3d-bd64-2e20a6e16460:1
[  503313ms] [WARNING] It is recommended that a robustness level be specified. Not specifying the robustness level could result in unexpected behavior. @ blob:https://www.primevideo.com/38ff4606-6a11-4421-9cc1-5446b393b526:1
[  503313ms] [WARNING] It is recommended that a robustness level be specified. Not specifying the robustness level could result in unexpected behavior. @ blob:https://www.primevideo.com/38ff4606-6a11-4421-9cc1-5446b393b526:1
[  503313ms] [WARNING] It is recommended that a robustness level be specified. Not specifying the robustness level could result in unexpected behavior. @ blob:https://www.primevideo.com/38ff4606-6a11-4421-9cc1-5446b393b526:1
[  504882ms] [WARNING] It is recommended that a robustness level be specified. Not specifying the robustness level could result in unexpected behavior. @ blob:https://www.primevideo.com/5c0ff0aa-8966-4593-bc69-5741b72b7202:1
[  504883ms] [WARNING] It is recommended that a robustness level be specified. Not specifying the robustness level could result in unexpected behavior. @ blob:https://www.primevideo.com/5c0ff0aa-8966-4593-bc69-5741b72b7202:1
[  504883ms] [WARNING] It is recommended that a robustness level be specified. Not specifying the robustness level could result in unexpected behavior. @ blob:https://www.primevideo.com/5c0ff0aa-8966-4593-bc69-5741b72b7202:1
[  505914ms] [WARNING] It is recommended that a robustness level be specified. Not specifying the robustness level could result in unexpected behavior. @ blob:https://www.primevideo.com/157f3979-299a-4e3d-bd64-2e20a6e16460:1
[  505915ms] [WARNING] It is recommended that a robustness level be specified. Not specifying the robustness level could result in unexpected behavior. @ blob:https://www.primevideo.com/157f3979-299a-4e3d-bd64-2e20a6e16460:1
[  505915ms] [WARNING] It is recommended that a robustness level be specified. Not specifying the robustness level could result in unexpected behavior. @ blob:https://www.primevideo.com/157f3979-299a-4e3d-bd64-2e20a6e16460:1
[  508322ms] [WARNING] It is recommended that a robustness level be specified. Not specifying the robustness level could result in unexpected behavior. @ blob:https://www.primevideo.com/38ff4606-6a11-4421-9cc1-5446b393b526:1
[  508322ms] [WARNING] It is recommended that a robustness level be specified. Not specifying the robustness level could result in unexpected behavior. @ blob:https://www.primevideo.com/38ff4606-6a11-4421-9cc1-5446b393b526:1
[  508322ms] [WARNING] It is recommended that a robustness level be specified. Not specifying the robustness level could result in unexpected behavior. @ blob:https://www.primevideo.com/38ff4606-6a11-4421-9cc1-5446b393b526:1
[  509887ms] [WARNING] It is recommended that a robustness level be specified. Not specifying the robustness level could result in unexpected behavior. @ blob:https://www.primevideo.com/5c0ff0aa-8966-4593-bc69-5741b72b7202:1
[  509887ms] [WARNING] It is recommended that a robustness level be specified. Not specifying the robustness level could result in unexpected behavior. @ blob:https://www.primevideo.com/5c0ff0aa-8966-4593-bc69-5741b72b7202:1
[  509887ms] [WARNING] It is recommended that a robustness level be specified. Not specifying the robustness level could result in unexpected behavior. @ blob:https://www.primevideo.com/5c0ff0aa-8966-4593-bc69-5741b72b7202:1
[  510931ms] [WARNING] It is recommended that a robustness level be specified. Not specifying the robustness level could result in unexpected behavior. @ blob:https://www.primevideo.com/157f3979-299a-4e3d-bd64-2e20a6e16460:1
[  510932ms] [WARNING] It is recommended that a robustness level be specified. Not specifying the robustness level could result in unexpected behavior. @ blob:https://www.primevideo.com/157f3979-299a-4e3d-bd64-2e20a6e16460:1
[  510932ms] [WARNING] It is recommended that a robustness level be specified. Not specifying the robustness level could result in unexpected behavior. @ blob:https://www.primevideo.com/157f3979-299a-4e3d-bd64-2e20a6e16460:1
[  513337ms] [WARNING] It is recommended that a robustness level be specified. Not specifying the robustness level could result in unexpected behavior. @ blob:https://www.primevideo.com/38ff4606-6a11-4421-9cc1-5446b393b526:1
[  513337ms] [WARNING] It is recommended that a robustness level be specified. Not specifying the robustness level could result in unexpected behavior. @ blob:https://www.primevideo.com/38ff4606-6a11-4421-9cc1-5446b393b526:1
[  513338ms] [WARNING] It is recommended that a robustness level be specified. Not specifying the robustness level could result in unexpected behavior. @ blob:https://www.primevideo.com/38ff4606-6a11-4421-9cc1-5446b393b526:1
[  514898ms] [WARNING] It is recommended that a robustness level be specified. Not specifying the robustness level could result in unexpected behavior. @ blob:https://www.primevideo.com/5c0ff0aa-8966-4593-bc69-5741b72b7202:1
[  514898ms] [WARNING] It is recommended that a robustness level be specified. Not specifying the robustness level could result in unexpected behavior. @ blob:https://www.primevideo.com/5c0ff0aa-8966-4593-bc69-5741b72b7202:1
[  514898ms] [WARNING] It is recommended that a robustness level be specified. Not specifying the robustness level could result in unexpected behavior. @ blob:https://www.primevideo.com/5c0ff0aa-8966-4593-bc69-5741b72b7202:1
[  515947ms] [WARNING] It is recommended that a robustness level be specified. Not specifying the robustness level could result in unexpected behavior. @ blob:https://www.primevideo.com/157f3979-299a-4e3d-bd64-2e20a6e16460:1
[  515947ms] [WARNING] It is recommended that a robustness level be specified. Not specifying the robustness level could result in unexpected behavior. @ blob:https://www.primevideo.com/157f3979-299a-4e3d-bd64-2e20a6e16460:1
[  515947ms] [WARNING] It is recommended that a robustness level be specified. Not specifying the robustness level could result in unexpected behavior. @ blob:https://www.primevideo.com/157f3979-299a-4e3d-bd64-2e20a6e16460:1
[  518355ms] [WARNING] It is recommended that a robustness level be specified. Not specifying the robustness level could result in unexpected behavior. @ blob:https://www.primevideo.com/38ff4606-6a11-4421-9cc1-5446b393b526:1
[  518356ms] [WARNING] It is recommended that a robustness level be specified. Not specifying the robustness level could result in unexpected behavior. @ blob:https://www.primevideo.com/38ff4606-6a11-4421-9cc1-5446b393b526:1
[  518356ms] [WARNING] It is recommended that a robustness level be specified. Not specifying the robustness level could result in unexpected behavior. @ blob:https://www.primevideo.com/38ff4606-6a11-4421-9cc1-5446b393b526:1
[  519909ms] [WARNING] It is recommended that a robustness level be specified. Not specifying the robustness level could result in unexpected behavior. @ blob:https://www.primevideo.com/5c0ff0aa-8966-4593-bc69-5741b72b7202:1
[  519910ms] [WARNING] It is recommended that a robustness level be specified. Not specifying the robustness level could result in unexpected behavior. @ blob:https://www.primevideo.com/5c0ff0aa-8966-4593-bc69-5741b72b7202:1
[  519910ms] [WARNING] It is recommended that a robustness level be specified. Not specifying the robustness level could result in unexpected behavior. @ blob:https://www.primevideo.com/5c0ff0aa-8966-4593-bc69-5741b72b7202:1
[  520956ms] [WARNING] It is recommended that a robustness level be specified. Not specifying the robustness level could result in unexpected behavior. @ blob:https://www.primevideo.com/157f3979-299a-4e3d-bd64-2e20a6e16460:1
[  520956ms] [WARNING] It is recommended that a robustness level be specified. Not specifying the robustness level could result in unexpected behavior. @ blob:https://www.primevideo.com/157f3979-299a-4e3d-bd64-2e20a6e16460:1
[  520956ms] [WARNING] It is recommended that a robustness level be specified. Not specifying the robustness level could result in unexpected behavior. @ blob:https://www.primevideo.com/157f3979-299a-4e3d-bd64-2e20a6e16460:1
[  523374ms] [WARNING] It is recommended that a robustness level be specified. Not specifying the robustness level could result in unexpected behavior. @ blob:https://www.primevideo.com/38ff4606-6a11-4421-9cc1-5446b393b526:1
[  523374ms] [WARNING] It is recommended that a robustness level be specified. Not specifying the robustness level could result in unexpected behavior. @ blob:https://www.primevideo.com/38ff4606-6a11-4421-9cc1-5446b393b526:1
[  523374ms] [WARNING] It is recommended that a robustness level be specified. Not specifying the robustness level could result in unexpected behavior. @ blob:https://www.primevideo.com/38ff4606-6a11-4421-9cc1-5446b393b526:1
[  524919ms] [WARNING] It is recommended that a robustness level be specified. Not specifying the robustness level could result in unexpected behavior. @ blob:https://www.primevideo.com/5c0ff0aa-8966-4593-bc69-5741b72b7202:1
[  524920ms] [WARNING] It is recommended that a robustness level be specified. Not specifying the robustness level could result in unexpected behavior. @ blob:https://www.primevideo.com/5c0ff0aa-8966-4593-bc69-5741b72b7202:1
[  524920ms] [WARNING] It is recommended that a robustness level be specified. Not specifying the robustness level could result in unexpected behavior. @ blob:https://www.primevideo.com/5c0ff0aa-8966-4593-bc69-5741b72b7202:1
[  525965ms] [WARNING] It is recommended that a robustness level be specified. Not specifying the robustness level could result in unexpected behavior. @ blob:https://www.primevideo.com/157f3979-299a-4e3d-bd64-2e20a6e16460:1
[  525965ms] [WARNING] It is recommended that a robustness level be specified. Not specifying the robustness level could result in unexpected behavior. @ blob:https://www.primevideo.com/157f3979-299a-4e3d-bd64-2e20a6e16460:1
[  525965ms] [WARNING] It is recommended that a robustness level be specified. Not specifying the robustness level could result in unexpected behavior. @ blob:https://www.primevideo.com/157f3979-299a-4e3d-bd64-2e20a6e16460:1
[  528376ms] [WARNING] It is recommended that a robustness level be specified. Not specifying the robustness level could result in unexpected behavior. @ blob:https://www.primevideo.com/38ff4606-6a11-4421-9cc1-5446b393b526:1
[  528376ms] [WARNING] It is recommended that a robustness level be specified. Not specifying the robustness level could result in unexpected behavior. @ blob:https://www.primevideo.com/38ff4606-6a11-4421-9cc1-5446b393b526:1
[  528376ms] [WARNING] It is recommended that a robustness level be specified. Not specifying the robustness level could result in unexpected behavior. @ blob:https://www.primevideo.com/38ff4606-6a11-4421-9cc1-5446b393b526:1
[  529924ms] [WARNING] It is recommended that a robustness level be specified. Not specifying the robustness level could result in unexpected behavior. @ blob:https://www.primevideo.com/5c0ff0aa-8966-4593-bc69-5741b72b7202:1
[  529925ms] [WARNING] It is recommended that a robustness level be specified. Not specifying the robustness level could result in unexpected behavior. @ blob:https://www.primevideo.com/5c0ff0aa-8966-4593-bc69-5741b72b7202:1
[  529925ms] [WARNING] It is recommended that a robustness level be specified. Not specifying the robustness level could result in unexpected behavior. @ blob:https://www.primevideo.com/5c0ff0aa-8966-4593-bc69-5741b72b7202:1
[  530970ms] [WARNING] It is recommended that a robustness level be specified. Not specifying the robustness level could result in unexpected behavior. @ blob:https://www.primevideo.com/157f3979-299a-4e3d-bd64-2e20a6e16460:1
[  530971ms] [WARNING] It is recommended that a robustness level be specified. Not specifying the robustness level could result in unexpected behavior. @ blob:https://www.primevideo.com/157f3979-299a-4e3d-bd64-2e20a6e16460:1
[  530971ms] [WARNING] It is recommended that a robustness level be specified. Not specifying the robustness level could result in unexpected behavior. @ blob:https://www.primevideo.com/157f3979-299a-4e3d-bd64-2e20a6e16460:1
[  533385ms] [WARNING] It is recommended that a robustness level be specified. Not specifying the robustness level could result in unexpected behavior. @ blob:https://www.primevideo.com/38ff4606-6a11-4421-9cc1-5446b393b526:1
[  533385ms] [WARNING] It is recommended that a robustness level be specified. Not specifying the robustness level could result in unexpected behavior. @ blob:https://www.primevideo.com/38ff4606-6a11-4421-9cc1-5446b393b526:1
[  533385ms] [WARNING] It is recommended that a robustness level be specified. Not specifying the robustness level could result in unexpected behavior. @ blob:https://www.primevideo.com/38ff4606-6a11-4421-9cc1-5446b393b526:1
[  534928ms] [WARNING] It is recommended that a robustness level be specified. Not specifying the robustness level could result in unexpected behavior. @ blob:https://www.primevideo.com/5c0ff0aa-8966-4593-bc69-5741b72b7202:1
[  534928ms] [WARNING] It is recommended that a robustness level be specified. Not specifying the robustness level could result in unexpected behavior. @ blob:https://www.primevideo.com/5c0ff0aa-8966-4593-bc69-5741b72b7202:1
[  534928ms] [WARNING] It is recommended that a robustness level be specified. Not specifying the robustness level could result in unexpected behavior. @ blob:https://www.primevideo.com/5c0ff0aa-8966-4593-bc69-5741b72b7202:1
[  535974ms] [WARNING] It is recommended that a robustness level be specified. Not specifying the robustness level could result in unexpected behavior. @ blob:https://www.primevideo.com/157f3979-299a-4e3d-bd64-2e20a6e16460:1
[  535975ms] [WARNING] It is recommended that a robustness level be specified. Not specifying the robustness level could result in unexpected behavior. @ blob:https://www.primevideo.com/157f3979-299a-4e3d-bd64-2e20a6e16460:1
[  535975ms] [WARNING] It is recommended that a robustness level be specified. Not specifying the robustness level could result in unexpected behavior. @ blob:https://www.primevideo.com/157f3979-299a-4e3d-bd64-2e20a6e16460:1
[  538392ms] [WARNING] It is recommended that a robustness level be specified. Not specifying the robustness level could result in unexpected behavior. @ blob:https://www.primevideo.com/38ff4606-6a11-4421-9cc1-5446b393b526:1
[  538393ms] [WARNING] It is recommended that a robustness level be specified. Not specifying the robustness level could result in unexpected behavior. @ blob:https://www.primevideo.com/38ff4606-6a11-4421-9cc1-5446b393b526:1
[  538393ms] [WARNING] It is recommended that a robustness level be specified. Not specifying the robustness level could result in unexpected behavior. @ blob:https://www.primevideo.com/38ff4606-6a11-4421-9cc1-5446b393b526:1
[  539934ms] [WARNING] It is recommended that a robustness level be specified. Not specifying the robustness level could result in unexpected behavior. @ blob:https://www.primevideo.com/5c0ff0aa-8966-4593-bc69-5741b72b7202:1
[  539935ms] [WARNING] It is recommended that a robustness level be specified. Not specifying the robustness level could result in unexpected behavior. @ blob:https://www.primevideo.com/5c0ff0aa-8966-4593-bc69-5741b72b7202:1
[  539935ms] [WARNING] It is recommended that a robustness level be specified. Not specifying the robustness level could result in unexpected behavior. @ blob:https://www.primevideo.com/5c0ff0aa-8966-4593-bc69-5741b72b7202:1
[  540986ms] [WARNING] It is recommended that a robustness level be specified. Not specifying the robustness level could result in unexpected behavior. @ blob:https://www.primevideo.com/157f3979-299a-4e3d-bd64-2e20a6e16460:1
[  540987ms] [WARNING] It is recommended that a robustness level be specified. Not specifying the robustness level could result in unexpected behavior. @ blob:https://www.primevideo.com/157f3979-299a-4e3d-bd64-2e20a6e16460:1
[  540987ms] [WARNING] It is recommended that a robustness level be specified. Not specifying the robustness level could result in unexpected behavior. @ blob:https://www.primevideo.com/157f3979-299a-4e3d-bd64-2e20a6e16460:1
[  543410ms] [WARNING] It is recommended that a robustness level be specified. Not specifying the robustness level could result in unexpected behavior. @ blob:https://www.primevideo.com/38ff4606-6a11-4421-9cc1-5446b393b526:1
[  543410ms] [WARNING] It is recommended that a robustness level be specified. Not specifying the robustness level could result in unexpected behavior. @ blob:https://www.primevideo.com/38ff4606-6a11-4421-9cc1-5446b393b526:1
[  543411ms] [WARNING] It is recommended that a robustness level be specified. Not specifying the robustness level could result in unexpected behavior. @ blob:https://www.primevideo.com/38ff4606-6a11-4421-9cc1-5446b393b526:1
[  544940ms] [WARNING] It is recommended that a robustness level be specified. Not specifying the robustness level could result in unexpected behavior. @ blob:https://www.primevideo.com/5c0ff0aa-8966-4593-bc69-5741b72b7202:1
[  544940ms] [WARNING] It is recommended that a robustness level be specified. Not specifying the robustness level could result in unexpected behavior. @ blob:https://www.primevideo.com/5c0ff0aa-8966-4593-bc69-5741b72b7202:1
[  544941ms] [WARNING] It is recommended that a robustness level be specified. Not specifying the robustness level could result in unexpected behavior. @ blob:https://www.primevideo.com/5c0ff0aa-8966-4593-bc69-5741b72b7202:1
[  545997ms] [WARNING] It is recommended that a robustness level be specified. Not specifying the robustness level could result in unexpected behavior. @ blob:https://www.primevideo.com/157f3979-299a-4e3d-bd64-2e20a6e16460:1
[  545997ms] [WARNING] It is recommended that a robustness level be specified. Not specifying the robustness level could result in unexpected behavior. @ blob:https://www.primevideo.com/157f3979-299a-4e3d-bd64-2e20a6e16460:1
[  545998ms] [WARNING] It is recommended that a robustness level be specified. Not specifying the robustness level could result in unexpected behavior. @ blob:https://www.primevideo.com/157f3979-299a-4e3d-bd64-2e20a6e16460:1
[  548447ms] [WARNING] It is recommended that a robustness level be specified. Not specifying the robustness level could result in unexpected behavior. @ blob:https://www.primevideo.com/38ff4606-6a11-4421-9cc1-5446b393b526:1
[  548448ms] [WARNING] It is recommended that a robustness level be specified. Not specifying the robustness level could result in unexpected behavior. @ blob:https://www.primevideo.com/38ff4606-6a11-4421-9cc1-5446b393b526:1
[  548448ms] [WARNING] It is recommended that a robustness level be specified. Not specifying the robustness level could result in unexpected behavior. @ blob:https://www.primevideo.com/38ff4606-6a11-4421-9cc1-5446b393b526:1
[  549951ms] [WARNING] It is recommended that a robustness level be specified. Not specifying the robustness level could result in unexpected behavior. @ blob:https://www.primevideo.com/5c0ff0aa-8966-4593-bc69-5741b72b7202:1
[  549952ms] [WARNING] It is recommended that a robustness level be specified. Not specifying the robustness level could result in unexpected behavior. @ blob:https://www.primevideo.com/5c0ff0aa-8966-4593-bc69-5741b72b7202:1
[  549952ms] [WARNING] It is recommended that a robustness level be specified. Not specifying the robustness level could result in unexpected behavior. @ blob:https://www.primevideo.com/5c0ff0aa-8966-4593-bc69-5741b72b7202:1
[  551031ms] [WARNING] It is recommended that a robustness level be specified. Not specifying the robustness level could result in unexpected behavior. @ blob:https://www.primevideo.com/157f3979-299a-4e3d-bd64-2e20a6e16460:1
[  551033ms] [WARNING] It is recommended that a robustness level be specified. Not specifying the robustness level could result in unexpected behavior. @ blob:https://www.primevideo.com/157f3979-299a-4e3d-bd64-2e20a6e16460:1
[  551033ms] [WARNING] It is recommended that a robustness level be specified. Not specifying the robustness level could result in unexpected behavior. @ blob:https://www.primevideo.com/157f3979-299a-4e3d-bd64-2e20a6e16460:1
[  553458ms] [WARNING] It is recommended that a robustness level be specified. Not specifying the robustness level could result in unexpected behavior. @ blob:https://www.primevideo.com/38ff4606-6a11-4421-9cc1-5446b393b526:1
[  553464ms] [WARNING] It is recommended that a robustness level be specified. Not specifying the robustness level could result in unexpected behavior. @ blob:https://www.primevideo.com/38ff4606-6a11-4421-9cc1-5446b393b526:1
[  553465ms] [WARNING] It is recommended that a robustness level be specified. Not specifying the robustness level could result in unexpected behavior. @ blob:https://www.primevideo.com/38ff4606-6a11-4421-9cc1-5446b393b526:1
[  554963ms] [WARNING] It is recommended that a robustness level be specified. Not specifying the robustness level could result in unexpected behavior. @ blob:https://www.primevideo.com/5c0ff0aa-8966-4593-bc69-5741b72b7202:1
[  554965ms] [WARNING] It is recommended that a robustness level be specified. Not specifying the robustness level could result in unexpected behavior. @ blob:https://www.primevideo.com/5c0ff0aa-8966-4593-bc69-5741b72b7202:1
[  554966ms] [WARNING] It is recommended that a robustness level be specified. Not specifying the robustness level could result in unexpected behavior. @ blob:https://www.primevideo.com/5c0ff0aa-8966-4593-bc69-5741b72b7202:1
[  556048ms] [WARNING] It is recommended that a robustness level be specified. Not specifying the robustness level could result in unexpected behavior. @ blob:https://www.primevideo.com/157f3979-299a-4e3d-bd64-2e20a6e16460:1
[  556048ms] [WARNING] It is recommended that a robustness level be specified. Not specifying the robustness level could result in unexpected behavior. @ blob:https://www.primevideo.com/157f3979-299a-4e3d-bd64-2e20a6e16460:1
[  556048ms] [WARNING] It is recommended that a robustness level be specified. Not specifying the robustness level could result in unexpected behavior. @ blob:https://www.primevideo.com/157f3979-299a-4e3d-bd64-2e20a6e16460:1
[  558471ms] [WARNING] It is recommended that a robustness level be specified. Not specifying the robustness level could result in unexpected behavior. @ blob:https://www.primevideo.com/38ff4606-6a11-4421-9cc1-5446b393b526:1
[  558472ms] [WARNING] It is recommended that a robustness level be specified. Not specifying the robustness level could result in unexpected behavior. @ blob:https://www.primevideo.com/38ff4606-6a11-4421-9cc1-5446b393b526:1
[  558472ms] [WARNING] It is recommended that a robustness level be specified. Not specifying the robustness level could result in unexpected behavior. @ blob:https://www.primevideo.com/38ff4606-6a11-4421-9cc1-5446b393b526:1
[  559976ms] [WARNING] It is recommended that a robustness level be specified. Not specifying the robustness level could result in unexpected behavior. @ blob:https://www.primevideo.com/5c0ff0aa-8966-4593-bc69-5741b72b7202:1
[  559977ms] [WARNING] It is recommended that a robustness level be specified. Not specifying the robustness level could result in unexpected behavior. @ blob:https://www.primevideo.com/5c0ff0aa-8966-4593-bc69-5741b72b7202:1
[  559977ms] [WARNING] It is recommended that a robustness level be specified. Not specifying the robustness level could result in unexpected behavior. @ blob:https://www.primevideo.com/5c0ff0aa-8966-4593-bc69-5741b72b7202:1
[  561115ms] [WARNING] It is recommended that a robustness level be specified. Not specifying the robustness level could result in unexpected behavior. @ blob:https://www.primevideo.com/157f3979-299a-4e3d-bd64-2e20a6e16460:1
[  561115ms] [WARNING] It is recommended that a robustness level be specified. Not specifying the robustness level could result in unexpected behavior. @ blob:https://www.primevideo.com/157f3979-299a-4e3d-bd64-2e20a6e16460:1
[  561116ms] [WARNING] It is recommended that a robustness level be specified. Not specifying the robustness level could result in unexpected behavior. @ blob:https://www.primevideo.com/157f3979-299a-4e3d-bd64-2e20a6e16460:1
[  563480ms] [WARNING] It is recommended that a robustness level be specified. Not specifying the robustness level could result in unexpected behavior. @ blob:https://www.primevideo.com/38ff4606-6a11-4421-9cc1-5446b393b526:1
[  563480ms] [WARNING] It is recommended that a robustness level be specified. Not specifying the robustness level could result in unexpected behavior. @ blob:https://www.primevideo.com/38ff4606-6a11-4421-9cc1-5446b393b526:1
[  563481ms] [WARNING] It is recommended that a robustness level be specified. Not specifying the robustness level could result in unexpected behavior. @ blob:https://www.primevideo.com/38ff4606-6a11-4421-9cc1-5446b393b526:1
[  564981ms] [WARNING] It is recommended that a robustness level be specified. Not specifying the robustness level could result in unexpected behavior. @ blob:https://www.primevideo.com/5c0ff0aa-8966-4593-bc69-5741b72b7202:1
[  564981ms] [WARNING] It is recommended that a robustness level be specified. Not specifying the robustness level could result in unexpected behavior. @ blob:https://www.primevideo.com/5c0ff0aa-8966-4593-bc69-5741b72b7202:1
[  564981ms] [WARNING] It is recommended that a robustness level be specified. Not specifying the robustness level could result in unexpected behavior. @ blob:https://www.primevideo.com/5c0ff0aa-8966-4593-bc69-5741b72b7202:1
[  566132ms] [WARNING] It is recommended that a robustness level be specified. Not specifying the robustness level could result in unexpected behavior. @ blob:https://www.primevideo.com/157f3979-299a-4e3d-bd64-2e20a6e16460:1
[  566132ms] [WARNING] It is recommended that a robustness level be specified. Not specifying the robustness level could result in unexpected behavior. @ blob:https://www.primevideo.com/157f3979-299a-4e3d-bd64-2e20a6e16460:1
[  566132ms] [WARNING] It is recommended that a robustness level be specified. Not specifying the robustness level could result in unexpected behavior. @ blob:https://www.primevideo.com/157f3979-299a-4e3d-bd64-2e20a6e16460:1
[  568483ms] [WARNING] It is recommended that a robustness level be specified. Not specifying the robustness level could result in unexpected behavior. @ blob:https://www.primevideo.com/38ff4606-6a11-4421-9cc1-5446b393b526:1
[  568483ms] [WARNING] It is recommended that a robustness level be specified. Not specifying the robustness level could result in unexpected behavior. @ blob:https://www.primevideo.com/38ff4606-6a11-4421-9cc1-5446b393b526:1
[  568483ms] [WARNING] It is recommended that a robustness level be specified. Not specifying the robustness level could result in unexpected behavior. @ blob:https://www.primevideo.com/38ff4606-6a11-4421-9cc1-5446b393b526:1
[  569983ms] [WARNING] It is recommended that a robustness level be specified. Not specifying the robustness level could result in unexpected behavior. @ blob:https://www.primevideo.com/5c0ff0aa-8966-4593-bc69-5741b72b7202:1
[  569983ms] [WARNING] It is recommended that a robustness level be specified. Not specifying the robustness level could result in unexpected behavior. @ blob:https://www.primevideo.com/5c0ff0aa-8966-4593-bc69-5741b72b7202:1
[  569983ms] [WARNING] It is recommended that a robustness level be specified. Not specifying the robustness level could result in unexpected behavior. @ blob:https://www.primevideo.com/5c0ff0aa-8966-4593-bc69-5741b72b7202:1
[  571138ms] [WARNING] It is recommended that a robustness level be specified. Not specifying the robustness level could result in unexpected behavior. @ blob:https://www.primevideo.com/157f3979-299a-4e3d-bd64-2e20a6e16460:1
[  571138ms] [WARNING] It is recommended that a robustness level be specified. Not specifying the robustness level could result in unexpected behavior. @ blob:https://www.primevideo.com/157f3979-299a-4e3d-bd64-2e20a6e16460:1
[  571138ms] [WARNING] It is recommended that a robustness level be specified. Not specifying the robustness level could result in unexpected behavior. @ blob:https://www.primevideo.com/157f3979-299a-4e3d-bd64-2e20a6e16460:1
[  573492ms] [WARNING] It is recommended that a robustness level be specified. Not specifying the robustness level could result in unexpected behavior. @ blob:https://www.primevideo.com/38ff4606-6a11-4421-9cc1-5446b393b526:1
[  573492ms] [WARNING] It is recommended that a robustness level be specified. Not specifying the robustness level could result in unexpected behavior. @ blob:https://www.primevideo.com/38ff4606-6a11-4421-9cc1-5446b393b526:1
[  573493ms] [WARNING] It is recommended that a robustness level be specified. Not specifying the robustness level could result in unexpected behavior. @ blob:https://www.primevideo.com/38ff4606-6a11-4421-9cc1-5446b393b526:1
[  574996ms] [WARNING] It is recommended that a robustness level be specified. Not specifying the robustness level could result in unexpected behavior. @ blob:https://www.primevideo.com/5c0ff0aa-8966-4593-bc69-5741b72b7202:1
[  574996ms] [WARNING] It is recommended that a robustness level be specified. Not specifying the robustness level could result in unexpected behavior. @ blob:https://www.primevideo.com/5c0ff0aa-8966-4593-bc69-5741b72b7202:1
[  574996ms] [WARNING] It is recommended that a robustness level be specified. Not specifying the robustness level could result in unexpected behavior. @ blob:https://www.primevideo.com/5c0ff0aa-8966-4593-bc69-5741b72b7202:1
[  576148ms] [WARNING] It is recommended that a robustness level be specified. Not specifying the robustness level could result in unexpected behavior. @ blob:https://www.primevideo.com/157f3979-299a-4e3d-bd64-2e20a6e16460:1
[  576149ms] [WARNING] It is recommended that a robustness level be specified. Not specifying the robustness level could result in unexpected behavior. @ blob:https://www.primevideo.com/157f3979-299a-4e3d-bd64-2e20a6e16460:1
[  576149ms] [WARNING] It is recommended that a robustness level be specified. Not specifying the robustness level could result in unexpected behavior. @ blob:https://www.primevideo.com/157f3979-299a-4e3d-bd64-2e20a6e16460:1
[  578499ms] [WARNING] It is recommended that a robustness level be specified. Not specifying the robustness level could result in unexpected behavior. @ blob:https://www.primevideo.com/38ff4606-6a11-4421-9cc1-5446b393b526:1
[  578499ms] [WARNING] It is recommended that a robustness level be specified. Not specifying the robustness level could result in unexpected behavior. @ blob:https://www.primevideo.com/38ff4606-6a11-4421-9cc1-5446b393b526:1
[  578499ms] [WARNING] It is recommended that a robustness level be specified. Not specifying the robustness level could result in unexpected behavior. @ blob:https://www.primevideo.com/38ff4606-6a11-4421-9cc1-5446b393b526:1
[  580005ms] [WARNING] It is recommended that a robustness level be specified. Not specifying the robustness level could result in unexpected behavior. @ blob:https://www.primevideo.com/5c0ff0aa-8966-4593-bc69-5741b72b7202:1
[  580007ms] [WARNING] It is recommended that a robustness level be specified. Not specifying the robustness level could result in unexpected behavior. @ blob:https://www.primevideo.com/5c0ff0aa-8966-4593-bc69-5741b72b7202:1
[  580007ms] [WARNING] It is recommended that a robustness level be specified. Not specifying the robustness level could result in unexpected behavior. @ blob:https://www.primevideo.com/5c0ff0aa-8966-4593-bc69-5741b72b7202:1
[  581156ms] [WARNING] It is recommended that a robustness level be specified. Not specifying the robustness level could result in unexpected behavior. @ blob:https://www.primevideo.com/157f3979-299a-4e3d-bd64-2e20a6e16460:1
[  581157ms] [WARNING] It is recommended that a robustness level be specified. Not specifying the robustness level could result in unexpected behavior. @ blob:https://www.primevideo.com/157f3979-299a-4e3d-bd64-2e20a6e16460:1
[  581157ms] [WARNING] It is recommended that a robustness level be specified. Not specifying the robustness level could result in unexpected behavior. @ blob:https://www.primevideo.com/157f3979-299a-4e3d-bd64-2e20a6e16460:1
[  583512ms] [WARNING] It is recommended that a robustness level be specified. Not specifying the robustness level could result in unexpected behavior. @ blob:https://www.primevideo.com/38ff4606-6a11-4421-9cc1-5446b393b526:1
[  583512ms] [WARNING] It is recommended that a robustness level be specified. Not specifying the robustness level could result in unexpected behavior. @ blob:https://www.primevideo.com/38ff4606-6a11-4421-9cc1-5446b393b526:1
[  583512ms] [WARNING] It is recommended that a robustness level be specified. Not specifying the robustness level could result in unexpected behavior. @ blob:https://www.primevideo.com/38ff4606-6a11-4421-9cc1-5446b393b526:1
[  585016ms] [WARNING] It is recommended that a robustness level be specified. Not specifying the robustness level could result in unexpected behavior. @ blob:https://www.primevideo.com/5c0ff0aa-8966-4593-bc69-5741b72b7202:1
[  585017ms] [WARNING] It is recommended that a robustness level be specified. Not specifying the robustness level could result in unexpected behavior. @ blob:https://www.primevideo.com/5c0ff0aa-8966-4593-bc69-5741b72b7202:1
[  585017ms] [WARNING] It is recommended that a robustness level be specified. Not specifying the robustness level could result in unexpected behavior. @ blob:https://www.primevideo.com/5c0ff0aa-8966-4593-bc69-5741b72b7202:1
[  586167ms] [WARNING] It is recommended that a robustness level be specified. Not specifying the robustness level could result in unexpected behavior. @ blob:https://www.primevideo.com/157f3979-299a-4e3d-bd64-2e20a6e16460:1
[  586167ms] [WARNING] It is recommended that a robustness level be specified. Not specifying the robustness level could result in unexpected behavior. @ blob:https://www.primevideo.com/157f3979-299a-4e3d-bd64-2e20a6e16460:1
[  586167ms] [WARNING] It is recommended that a robustness level be specified. Not specifying the robustness level could result in unexpected behavior. @ blob:https://www.primevideo.com/157f3979-299a-4e3d-bd64-2e20a6e16460:1
[  588519ms] [WARNING] It is recommended that a robustness level be specified. Not specifying the robustness level could result in unexpected behavior. @ blob:https://www.primevideo.com/38ff4606-6a11-4421-9cc1-5446b393b526:1
[  588520ms] [WARNING] It is recommended that a robustness level be specified. Not specifying the robustness level could result in unexpected behavior. @ blob:https://www.primevideo.com/38ff4606-6a11-4421-9cc1-5446b393b526:1
[  588521ms] [WARNING] It is recommended that a robustness level be specified. Not specifying the robustness level could result in unexpected behavior. @ blob:https://www.primevideo.com/38ff4606-6a11-4421-9cc1-5446b393b526:1
[  590026ms] [WARNING] It is recommended that a robustness level be specified. Not specifying the robustness level could result in unexpected behavior. @ blob:https://www.primevideo.com/5c0ff0aa-8966-4593-bc69-5741b72b7202:1
[  590026ms] [WARNING] It is recommended that a robustness level be specified. Not specifying the robustness level could result in unexpected behavior. @ blob:https://www.primevideo.com/5c0ff0aa-8966-4593-bc69-5741b72b7202:1
[  590026ms] [WARNING] It is recommended that a robustness level be specified. Not specifying the robustness level could result in unexpected behavior. @ blob:https://www.primevideo.com/5c0ff0aa-8966-4593-bc69-5741b72b7202:1
[  591175ms] [WARNING] It is recommended that a robustness level be specified. Not specifying the robustness level could result in unexpected behavior. @ blob:https://www.primevideo.com/157f3979-299a-4e3d-bd64-2e20a6e16460:1
[  591175ms] [WARNING] It is recommended that a robustness level be specified. Not specifying the robustness level could result in unexpected behavior. @ blob:https://www.primevideo.com/157f3979-299a-4e3d-bd64-2e20a6e16460:1
[  591175ms] [WARNING] It is recommended that a robustness level be specified. Not specifying the robustness level could result in unexpected behavior. @ blob:https://www.primevideo.com/157f3979-299a-4e3d-bd64-2e20a6e16460:1
[  593528ms] [WARNING] It is recommended that a robustness level be specified. Not specifying the robustness level could result in unexpected behavior. @ blob:https://www.primevideo.com/38ff4606-6a11-4421-9cc1-5446b393b526:1
[  593528ms] [WARNING] It is recommended that a robustness level be specified. Not specifying the robustness level could result in unexpected behavior. @ blob:https://www.primevideo.com/38ff4606-6a11-4421-9cc1-5446b393b526:1
[  593528ms] [WARNING] It is recommended that a robustness level be specified. Not specifying the robustness level could result in unexpected behavior. @ blob:https://www.primevideo.com/38ff4606-6a11-4421-9cc1-5446b393b526:1
[  595038ms] [WARNING] It is recommended that a robustness level be specified. Not specifying the robustness level could result in unexpected behavior. @ blob:https://www.primevideo.com/5c0ff0aa-8966-4593-bc69-5741b72b7202:1
[  595038ms] [WARNING] It is recommended that a robustness level be specified. Not specifying the robustness level could result in unexpected behavior. @ blob:https://www.primevideo.com/5c0ff0aa-8966-4593-bc69-5741b72b7202:1
[  595039ms] [WARNING] It is recommended that a robustness level be specified. Not specifying the robustness level could result in unexpected behavior. @ blob:https://www.primevideo.com/5c0ff0aa-8966-4593-bc69-5741b72b7202:1
[  596183ms] [WARNING] It is recommended that a robustness level be specified. Not specifying the robustness level could result in unexpected behavior. @ blob:https://www.primevideo.com/157f3979-299a-4e3d-bd64-2e20a6e16460:1
[  596184ms] [WARNING] It is recommended that a robustness level be specified. Not specifying the robustness level could result in unexpected behavior. @ blob:https://www.primevideo.com/157f3979-299a-4e3d-bd64-2e20a6e16460:1
[  596184ms] [WARNING] It is recommended that a robustness level be specified. Not specifying the robustness level could result in unexpected behavior. @ blob:https://www.primevideo.com/157f3979-299a-4e3d-bd64-2e20a6e16460:1
[  598538ms] [WARNING] It is recommended that a robustness level be specified. Not specifying the robustness level could result in unexpected behavior. @ blob:https://www.primevideo.com/38ff4606-6a11-4421-9cc1-5446b393b526:1
[  598538ms] [WARNING] It is recommended that a robustness level be specified. Not specifying the robustness level could result in unexpected behavior. @ blob:https://www.primevideo.com/38ff4606-6a11-4421-9cc1-5446b393b526:1
[  598539ms] [WARNING] It is recommended that a robustness level be specified. Not specifying the robustness level could result in unexpected behavior. @ blob:https://www.primevideo.com/38ff4606-6a11-4421-9cc1-5446b393b526:1
[  600046ms] [WARNING] It is recommended that a robustness level be specified. Not specifying the robustness level could result in unexpected behavior. @ blob:https://www.primevideo.com/5c0ff0aa-8966-4593-bc69-5741b72b7202:1
[  600047ms] [WARNING] It is recommended that a robustness level be specified. Not specifying the robustness level could result in unexpected behavior. @ blob:https://www.primevideo.com/5c0ff0aa-8966-4593-bc69-5741b72b7202:1
[  600047ms] [WARNING] It is recommended that a robustness level be specified. Not specifying the robustness level could result in unexpected behavior. @ blob:https://www.primevideo.com/5c0ff0aa-8966-4593-bc69-5741b72b7202:1
[  601199ms] [WARNING] It is recommended that a robustness level be specified. Not specifying the robustness level could result in unexpected behavior. @ blob:https://www.primevideo.com/157f3979-299a-4e3d-bd64-2e20a6e16460:1
[  601199ms] [WARNING] It is recommended that a robustness level be specified. Not specifying the robustness level could result in unexpected behavior. @ blob:https://www.primevideo.com/157f3979-299a-4e3d-bd64-2e20a6e16460:1
[  601199ms] [WARNING] It is recommended that a robustness level be specified. Not specifying the robustness level could result in unexpected behavior. @ blob:https://www.primevideo.com/157f3979-299a-4e3d-bd64-2e20a6e16460:1
[  603545ms] [WARNING] It is recommended that a robustness level be specified. Not specifying the robustness level could result in unexpected behavior. @ blob:https://www.primevideo.com/38ff4606-6a11-4421-9cc1-5446b393b526:1
[  603545ms] [WARNING] It is recommended that a robustness level be specified. Not specifying the robustness level could result in unexpected behavior. @ blob:https://www.primevideo.com/38ff4606-6a11-4421-9cc1-5446b393b526:1
[  603546ms] [WARNING] It is recommended that a robustness level be specified. Not specifying the robustness level could result in unexpected behavior. @ blob:https://www.primevideo.com/38ff4606-6a11-4421-9cc1-5446b393b526:1
[  605051ms] [WARNING] It is recommended that a robustness level be specified. Not specifying the robustness level could result in unexpected behavior. @ blob:https://www.primevideo.com/5c0ff0aa-8966-4593-bc69-5741b72b7202:1
[  605051ms] [WARNING] It is recommended that a robustness level be specified. Not specifying the robustness level could result in unexpected behavior. @ blob:https://www.primevideo.com/5c0ff0aa-8966-4593-bc69-5741b72b7202:1
[  605051ms] [WARNING] It is recommended that a robustness level be specified. Not specifying the robustness level could result in unexpected behavior. @ blob:https://www.primevideo.com/5c0ff0aa-8966-4593-bc69-5741b72b7202:1
[  606209ms] [WARNING] It is recommended that a robustness level be specified. Not specifying the robustness level could result in unexpected behavior. @ blob:https://www.primevideo.com/157f3979-299a-4e3d-bd64-2e20a6e16460:1
[  606209ms] [WARNING] It is recommended that a robustness level be specified. Not specifying the robustness level could result in unexpected behavior. @ blob:https://www.primevideo.com/157f3979-299a-4e3d-bd64-2e20a6e16460:1
[  606209ms] [WARNING] It is recommended that a robustness level be specified. Not specifying the robustness level could result in unexpected behavior. @ blob:https://www.primevideo.com/157f3979-299a-4e3d-bd64-2e20a6e16460:1
[  608552ms] [WARNING] It is recommended that a robustness level be specified. Not specifying the robustness level could result in unexpected behavior. @ blob:https://www.primevideo.com/38ff4606-6a11-4421-9cc1-5446b393b526:1
[  608553ms] [WARNING] It is recommended that a robustness level be specified. Not specifying the robustness level could result in unexpected behavior. @ blob:https://www.primevideo.com/38ff4606-6a11-4421-9cc1-5446b393b526:1
[  608553ms] [WARNING] It is recommended that a robustness level be specified. Not specifying the robustness level could result in unexpected behavior. @ blob:https://www.primevideo.com/38ff4606-6a11-4421-9cc1-5446b393b526:1
[  610055ms] [WARNING] It is recommended that a robustness level be specified. Not specifying the robustness level could result in unexpected behavior. @ blob:https://www.primevideo.com/5c0ff0aa-8966-4593-bc69-5741b72b7202:1
[  610055ms] [WARNING] It is recommended that a robustness level be specified. Not specifying the robustness level could result in unexpected behavior. @ blob:https://www.primevideo.com/5c0ff0aa-8966-4593-bc69-5741b72b7202:1
[  610055ms] [WARNING] It is recommended that a robustness level be specified. Not specifying the robustness level could result in unexpected behavior. @ blob:https://www.primevideo.com/5c0ff0aa-8966-4593-bc69-5741b72b7202:1
